customer_id,is_abuse_ring,n_purchases_before_max,max_amount,escalation_ratio,time_to_escalation,account_age_at_escalation,device_sharing,address_sharing
0,0,1,1646.4328307257924,1.8464274609549183,0,22,1,1
1,0,3,1497.867598096212,2.317237363007445,17,22,1,1
2,0,3,1795.6299127399104,3.1097615508134275,20,28,3,3
3,0,1,2056.96719311847,2.9061555831209938,0,10,3,3
4,0,4,1708.6967772898624,1.5296105548275718,42,46,3,3
5,0,1,1083.932427690696,1.8814035377901903,0,6,3,3
6,0,2,1664.386426314348,1.6724452877352223,18,42,2,2
7,0,2,1601.0829604907888,1.0708333612131695,7,24,2,2
8,0,3,3635.0038381195545,4.509358872111915,20,36,2,2
9,0,1,1448.8483576269618,1.815482295808391,0,11,2,2
10,0,3,2134.0705823111875,2.402427888091532,27,35,2,2
11,0,2,2949.956277994493,4.064734836865835,6,29,2,2
12,0,3,3171.09698922406,4.366961141508477,8,30,2,2
13,0,1,2707.3915716201827,5.634041194370872,0,14,2,2
14,0,4,2614.162490080354,2.1828436691662114,52,56,2,2
15,0,1,4716.09789154531,5.394385519335961,0,19,3,3
16,0,5,5724.632216046237,8.900043882248854,51,56,3,3
17,0,1,1184.837693916078,1.759111727239694,0,16,3,3
18,0,1,2222.4331960363397,1.391635542494927,0,12,3,3
19,0,2,1624.447888775034,1.2732422188141312,17,39,1,1
20,0,2,2129.663448412361,2.770241728467013,18,29,1,1
21,0,4,1578.132937031309,1.3263394760418312,46,66,3,3
22,0,2,2565.7915265473434,3.242911549601484,11,23,3,3
23,0,3,3328.6532735734518,5.45396685192474,35,41,3,3
24,0,1,1565.5691888157316,3.675354130542556,0,23,3,3
25,0,1,2801.6800218292674,2.7827686650700802,0,13,1,1
26,0,1,2208.153938422349,1.754908359271106,0,24,1,1
27,0,1,4289.075768668529,10.164266331100956,0,15,1,1
28,0,1,1745.91203245255,1.5870912509475221,0,17,1,1
29,0,2,2309.08991190361,2.6203499047028935,20,37,2,2
30,0,1,3166.508738369391,2.524210248486002,0,5,2,2
31,0,2,1658.95840965182,2.1145064451367035,7,26,2,2
32,0,2,2338.5730678610475,3.653644383555337,8,23,3,3
33,0,2,1582.14244649948,1.090285828285905,16,29,3,3
34,0,2,3528.455720333453,4.605759740315256,9,32,3,3
35,0,2,2742.450803155295,3.1342059229822556,24,42,3,3
36,0,1,1147.8701632013913,2.1412002029799155,0,15,3,3
37,0,2,1020.7084724823152,1.6152729861369615,16,24,3,3
38,0,4,2612.054010877442,3.167576954627212,54,71,3,3
39,0,1,1430.4479249007973,1.2797031629915592,0,12,3,3
40,0,2,2377.741413970446,1.2906821525589818,8,24,3,3
41,0,2,1865.5906515700456,2.172180804232649,19,23,3,3
42,0,2,1762.0161292787052,2.0627939569622176,7,16,3,3
43,0,1,3636.0320335797264,6.199866995384679,0,24,3,3
44,0,1,798.5886436163432,1.0,0,11,3,3
45,0,2,1361.1072977578935,3.3954761530746964,8,26,3,3
46,0,3,3738.136450545314,6.630487253479637,34,49,3,3
47,0,1,1796.5610404440883,2.106106812891435,0,4,3,3
48,0,1,1983.1108325393848,2.115644364835428,0,24,3,3
49,0,1,2833.271188639393,3.5416548167712247,0,6,3,3
50,0,2,1902.3244726204664,1.5866103447044673,6,10,3,3
51,0,1,2354.325206032928,3.0764531732929217,0,13,3,3
52,0,1,2005.210137480431,4.604980423889096,0,23,2,2
53,0,1,2133.286683167367,1.917989422272336,0,15,2,2
54,0,5,3105.4326040866763,3.061804013284936,40,52,2,2
55,0,1,1633.525190737986,2.33922975503156,0,17,1,1
56,0,4,2274.7191414316035,4.149407799449023,30,36,1,1
57,0,1,1519.9647267491175,2.8787753675227545,0,3,3,3
58,0,4,1363.4700526966733,1.4832478803631126,53,73,3,3
59,0,4,1584.9237268665297,1.685266696742653,57,79,3,3
60,0,2,2029.4415361325453,2.0298319295489273,19,32,3,3
61,0,3,2151.294009428468,1.6287551855123055,28,52,2,2
62,0,1,2496.072284792099,4.368720264765385,0,23,2,2
63,0,1,2263.5050666143165,2.6008252148832147,0,12,2,2
64,0,4,2194.4847776729293,3.102507932828656,51,59,2,2
65,0,2,1421.7061316944923,2.7183148409710562,3,25,2,2
66,0,2,3052.441370636351,2.272063975251268,4,18,2,2
67,0,1,2065.204060606598,1.0,0,8,2,2
68,0,5,4111.158561464941,13.286617745400752,58,68,2,2
69,0,2,2126.385520615,3.141026648790473,22,42,2,2
70,0,4,2806.342337938512,4.2281806932524395,24,41,1,1
71,0,2,1587.8004749795737,2.197920161096881,8,23,1,1
72,0,2,1644.043818195218,1.035595421801419,9,18,3,3
73,0,1,2425.558767363839,2.9189183072477776,0,18,3,3
74,0,4,2796.173860381512,3.884075728077378,63,76,3,3
75,0,1,2771.170548842229,3.536036145524831,0,10,3,3
76,0,4,1513.0401349943809,2.5049615122851954,38,43,3,3
77,0,4,2472.899129136724,3.994662436232065,21,41,3,3
78,0,4,2817.7645726538067,2.3724371103097286,47,54,3,3
79,0,2,1341.514226987648,1.6419225631025949,14,23,3,3
80,0,3,2550.9525684666296,2.978219982225171,33,37,2,2
81,0,3,2229.4759718121754,2.203976789184748,17,29,2,2
82,0,3,3297.338720851912,5.479281057110539,28,41,2,2
83,0,3,1607.8961607920362,1.791024351056875,31,43,2,2
84,0,1,3569.7195004758337,5.162974500727971,0,13,2,2
85,0,2,1554.261101182192,1.6568597066801958,14,20,2,2
86,0,2,2597.9497095985344,4.796023704364094,11,34,3,3
87,0,1,1928.22875508866,2.5237384981056437,0,7,3,3
88,0,1,1824.562219167619,2.2473260195498392,0,15,3,3
89,0,5,2207.615309034764,2.454992388625802,44,64,3,3
90,0,3,3011.0229622333823,6.153902614341016,21,40,2,2
91,0,2,2044.158626517888,5.4511446909215415,7,17,2,2
92,0,3,3354.684210253517,5.471512533352747,28,41,2,2
93,0,3,3393.942160004198,6.480137872735878,14,29,2,2
94,0,5,1921.636746268205,2.737030867912046,60,67,2,2
95,0,3,2496.93055891158,3.975676284031781,31,37,2,2
96,0,4,2500.832326895271,7.829560382067048,37,58,2,2
97,0,2,1810.441872925166,1.0727441361053929,9,32,2,2
98,0,2,1895.6845754469773,1.809703669374836,6,16,2,2
99,0,1,4083.202170497281,3.3849570528600217,0,22,1,1
100,0,1,1858.137208797522,3.1426342723734795,0,10,1,1
101,0,1,2749.990513943607,2.4160289121232132,0,19,1,1
102,0,3,2195.7448804730657,3.9673075979118333,47,64,1,1
103,0,2,1677.3814080076934,1.5224607982169793,24,29,2,2
104,0,1,1464.648383883895,1.30496712965028,0,20,2,2
105,0,3,3636.427740945684,7.370536033298891,33,43,2,2
106,0,3,2187.9928039252977,3.797768744810189,26,39,3,3
107,0,1,1001.3850046510114,1.0235990318336388,0,6,3,3
108,0,1,1436.4960892780286,1.9187982064407618,0,23,3,3
109,0,3,2240.356894081559,3.459728437918011,37,57,3,3
110,0,1,1240.7695387768003,1.0,0,7,1,1
111,0,2,818.5238508863114,1.973234728565959,19,29,1,1
112,0,2,2520.644507296676,4.5757161606881915,24,37,3,3
113,0,1,1370.9767714830953,1.0,0,4,3,3
114,0,1,2295.995225319441,4.143462684706399,0,14,3,3
115,0,2,2403.7110036646,2.3119016746322805,8,32,3,3
116,0,7,1607.222027623601,2.690663895027421,89,103,3,3
117,0,3,2072.536088833228,2.1303366001808595,43,46,3,3
118,0,3,1507.809264881091,3.512335708744872,19,39,3,3
119,0,3,2353.5435871765794,3.4310577188494897,12,18,3,3
120,0,3,1725.5335346540876,1.8976523278097948,28,45,1,1
121,0,1,1834.2631868577669,2.465755632457274,0,7,1,1
122,0,4,2782.7018737660137,4.073810923210934,44,51,2,2
123,0,1,2225.5461123604728,4.194770103615725,0,23,2,2
124,0,2,2165.414666131575,1.6171230935769607,22,30,2,2
125,0,2,2920.202154618034,3.811687196810478,23,47,1,1
126,0,2,1864.3898025937751,1.369357268011688,6,11,1,1
127,0,1,1630.5757220114058,1.0,0,3,3,3
128,0,2,1880.4417012470851,1.2479185961551702,15,27,3,3
129,0,1,2731.659207110718,4.451610464443884,0,17,3,3
130,0,2,1069.5730285362938,1.7341623739577108,7,29,3,3
131,0,1,1825.3965119371023,1.2660367401913855,0,23,3,3
132,0,2,1142.937106531179,3.9164002175653394,17,32,3,3
133,0,1,1931.8123927999072,2.8327938871898315,0,21,3,3
134,0,2,3642.704032067568,4.284624834880841,17,34,3,3
135,0,7,1968.3057897801605,2.1214977502842793,79,88,2,2
136,0,1,1710.1464040471178,1.0,0,12,2,2
137,0,3,1503.9198654180448,2.2165500174636,35,51,2,2
138,0,1,1664.0420836644028,2.5077869864474556,0,11,1,1
139,0,3,1791.7090496266555,1.9855945616856023,32,35,1,1
140,0,4,2124.5597031959646,2.606918310923929,28,46,1,1
141,0,3,5589.914168561162,10.317338939600864,22,40,1,1
142,0,2,1317.9482373440214,2.6450923293718986,12,30,0,0
143,0,2,1641.9370417635184,1.1933394833452418,10,13,0,0
144,0,4,2897.913945534725,3.2349379376599923,49,68,0,0
145,0,1,1716.7212784455123,1.2421234386282651,0,24,0,0
146,0,4,4310.988726055443,4.798605870267199,35,48,0,0
147,0,2,1631.2776558760158,1.9512277346848614,8,17,0,0
148,0,4,2567.2207546902578,3.07269779618491,47,55,0,0
149,0,4,3868.304983491451,4.767202115442185,54,59,0,0
150,0,1,1762.5051154028797,2.0959945809052956,0,23,0,0
151,0,4,1817.8730779755097,1.704889938177133,37,55,0,0
152,0,2,1275.333785313661,2.001194430102551,18,36,0,0
153,0,2,1538.625501861036,1.9688023821399314,6,22,0,0
154,0,4,2399.0690492569,3.950805779841047,64,71,0,0
155,0,2,1764.2169039786995,1.4660909802314992,14,34,0,0
156,0,1,1836.5376482705483,1.2868583712540407,0,23,0,0
157,0,3,1898.357193155288,3.12337395973449,15,22,0,0
158,0,1,2129.9870945227376,2.313755745035167,0,3,0,0
159,0,3,2655.510824077269,1.9693517143745862,36,58,0,0
160,0,1,2512.1380327830066,6.175462799007934,0,8,0,0
161,0,2,5343.937105763426,5.101264035378358,3,18,0,0
162,0,2,824.7660764589621,1.7202686255566373,9,19,0,0
163,0,1,1855.2417877016148,1.4111358346571836,0,11,0,0
164,0,1,2451.933765402547,3.0151334187535572,0,20,0,0
165,0,1,1987.144458441728,1.7714573921252617,0,5,0,0
166,0,1,1885.6331961609797,3.228323290254749,0,4,0,0
167,0,3,2944.925492441473,7.038455061236151,46,64,0,0
168,0,1,2361.12773165798,3.7734672504447877,0,20,0,0
169,0,2,2203.4281225600907,2.6894067436866083,16,39,0,0
170,0,2,1400.7966418838012,2.6273838432377215,23,39,0,0
171,0,2,1350.2765572009578,1.2564856257982244,20,26,0,0
172,0,1,3321.804698374367,3.52241548360283,0,22,0,0
173,0,1,2479.8108526177657,2.5009432805358833,0,9,0,0
174,0,2,1768.0279239101887,1.769820028494968,13,30,0,0
175,0,1,3451.362786853061,3.378784883124363,0,9,0,0
176,0,1,1836.5042217030325,1.4026989853816674,0,11,0,0
177,0,4,2821.6078785571326,6.017460596057611,38,44,0,0
178,0,2,4173.439992591773,7.700647355343504,15,33,0,0
179,0,2,1913.1353365904013,3.7187536807283834,6,25,0,0
180,0,2,1100.9040595360534,1.8925105737202632,15,37,0,0
181,0,1,2889.037775316387,2.842520448484545,0,17,0,0
182,0,2,1797.8019806902114,1.4937603234934245,21,27,0,0
183,0,1,4430.812972809186,8.54413951817567,0,15,0,0
184,0,2,1892.2677999953603,1.6180464546814064,9,28,0,0
185,0,1,2481.036937310428,2.0882311712689634,0,9,0,0
186,0,1,2696.117868504037,3.097388597267476,0,18,0,0
187,0,4,2252.248934523226,2.9736434469445507,40,49,0,0
188,0,4,4578.477521087563,8.308720470071469,60,67,0,0
189,0,1,1948.6318244790536,1.0,0,6,0,0
190,0,2,2071.4160818003943,2.0278775447293373,23,28,0,0
191,0,3,5000.886007447963,4.052169550905752,27,46,0,0
192,0,1,1720.796796488934,1.3214944625203462,0,19,0,0
193,0,5,3175.01040134232,3.872967892101508,44,47,0,0
194,0,2,1951.660999446175,3.0272807550460255,6,11,0,0
195,0,1,3364.6368930381427,5.773355915672987,0,7,0,0
196,0,3,2317.008322901877,2.411684467828984,36,40,0,0
197,0,2,2944.482398812552,2.6051515172387147,18,35,0,0
198,0,1,2877.4412963979084,6.593409241250425,0,15,0,0
199,0,2,1653.7627331397282,2.261453569417842,23,36,0,0
200,0,2,1758.011293095955,1.3132413092069803,23,31,0,0
201,0,1,2113.448384694273,2.9818753431244387,0,16,0,0
202,0,5,3045.225236548081,8.945017808637681,67,88,0,0
203,0,1,2403.388882036439,6.313452361822493,0,22,0,0
204,0,2,3698.564618394358,6.145221263393924,5,25,0,0
205,0,5,2960.169814629938,3.2421374937535314,60,67,0,0
206,0,1,1889.081653898129,3.783643486702034,0,14,0,0
207,0,3,2272.406395537256,2.0941989687701774,30,38,0,0
208,0,6,1708.5652693966697,1.942321375233848,43,51,0,0
209,0,3,2089.1061837395555,2.488328306788773,33,41,0,0
210,0,2,4609.637677629845,4.0301326099227435,14,37,0,0
211,0,1,2058.068147054309,2.358701441566861,0,9,0,0
212,0,2,1031.525222312401,1.3407045666037598,7,18,0,0
213,0,5,2267.248382272592,2.9838300337423274,38,47,0,0
214,0,1,3004.8748897651985,2.4220316002320406,0,24,0,0
215,0,3,1870.9635464813648,2.4514348843300113,25,40,0,0
216,0,3,2034.097405170829,2.256879979152931,29,50,0,0
217,0,1,5094.3211070428415,7.880366400143683,0,6,0,0
218,0,1,2280.3968057811426,4.107232511144809,0,22,0,0
219,0,1,1776.6034400354304,2.1662733140074044,0,20,0,0
220,0,2,2273.956188993249,1.882309136571193,10,23,0,0
221,0,2,2231.5270602968844,3.2184630994884333,9,27,0,0
222,0,5,2069.1239695804525,2.076886708043526,35,40,0,0
223,0,1,2337.4826843498854,1.5337362620005854,0,9,0,0
224,0,2,3047.725504330776,3.4260214345623456,4,8,0,0
225,0,1,2165.803586277182,1.0,0,5,0,0
226,0,2,2290.73708490074,2.860169922033287,22,32,0,0
227,0,2,2181.9952181847625,1.2586198160745787,9,15,0,0
228,0,3,2362.882062398817,2.0631095506669217,32,39,0,0
229,0,5,3114.352423066973,5.968901887031474,57,71,0,0
230,0,1,1652.6930946062469,1.8459988224624506,0,22,0,0
231,0,2,1707.6005544773634,1.4687712164352487,16,32,0,0
232,0,1,1830.978798269224,2.214689753793495,0,3,0,0
233,0,5,3088.8700218251065,4.92048240275607,54,65,0,0
234,0,3,1418.7985256610425,2.9118517289316936,40,64,0,0
235,0,2,5471.03847532168,3.141422552882622,17,33,0,0
236,0,7,3534.87589278366,5.818769773910289,79,83,0,0
237,0,1,1195.2578644160217,1.8083914319506253,0,8,0,0
238,0,4,2366.0528574129835,3.82526733930317,30,54,0,0
239,0,3,1511.30089654142,2.068678973145415,18,25,0,0
240,0,4,1860.1441493597229,2.7880065419914177,40,48,0,0
241,0,1,1623.5358241399065,1.2820285233422748,0,8,0,0
242,0,3,1463.4100964778056,2.1305601543436805,16,37,0,0
243,0,5,1791.125381438664,3.1350628408769983,78,97,0,0
244,0,2,3097.335172842186,2.5174201846883997,10,19,0,0
245,0,1,1983.2201565995235,3.8245656435735222,0,7,0,0
246,0,2,3700.297542737658,2.83194474953489,5,27,0,0
247,0,3,4486.834711307472,8.13661536197851,38,42,0,0
248,0,1,2790.6809449674324,2.7836442599674895,0,8,0,0
249,0,5,2473.700380291483,2.5275717489358973,73,85,0,0
250,0,2,3079.085848180209,3.1774949418799086,16,36,0,0
251,0,2,1637.9821659769125,1.9245436394522721,21,42,0,0
252,0,1,1345.8433790283073,2.3916153692560536,0,19,0,0
253,0,1,3593.064427714523,3.7819113471902694,0,9,0,0
254,0,2,2543.7545249802984,5.0066786019996625,19,39,0,0
255,0,4,2137.846687221824,2.3594994412557218,25,30,0,0
256,0,4,1837.024366847576,3.1559239827142003,29,34,0,0
257,0,5,2126.7485676958254,3.879525666684206,69,72,0,0
258,0,1,2310.538736455544,2.714075894801287,0,22,0,0
259,0,4,2905.5058334254795,2.775406583780766,44,52,0,0
260,0,2,1306.4218991059724,2.2363514559973092,21,39,0,0
261,0,3,2378.846951026701,2.311271423504882,39,53,0,0
262,0,2,1506.6514048536278,1.8246531118562082,11,33,0,0
263,0,3,1398.2818787867702,1.565873796194413,36,59,0,0
264,0,2,1346.3705662870432,2.5631719457141493,22,29,0,0
265,0,2,3078.250286510716,3.9685221101296864,16,20,0,0
266,0,3,1571.48608776704,2.150567720549244,25,34,0,0
267,0,1,2484.6608404431745,3.029613414946298,0,6,0,0
268,0,2,3279.509952912809,2.085328258595633,4,19,0,0
269,0,2,793.2035645849163,1.330019395651953,18,28,0,0
270,0,3,1632.0408590736524,3.728661495156746,16,31,0,0
271,0,3,1596.637026832297,2.426708645880696,31,46,0,0
272,0,2,1903.620216864273,2.0442069519548607,4,21,0,0
273,0,6,3135.037388694225,3.8488828552617194,65,82,0,0
274,0,4,2436.490429958324,3.604528183802155,39,45,0,0
275,0,4,4102.76261042656,4.238534988700418,19,36,0,0
276,0,1,3169.772005357234,2.77848235140902,0,24,0,0
277,0,2,1803.4850828529525,2.770976063307527,3,18,0,0
278,0,1,2089.555678340895,1.0,0,4,0,0
279,0,1,1782.991519958233,1.0,0,5,0,0
280,0,2,2279.598167806245,2.5697476768105223,15,33,0,0
281,0,1,1238.1097292126535,1.697642005853666,0,17,0,0
282,0,3,4180.847870455786,7.542678600312805,42,49,0,0
283,0,4,2180.5422106742626,2.439136492826388,25,32,0,0
284,0,1,1600.9561436412323,1.3301398938058222,0,7,0,0
285,0,2,1481.527266226721,1.4998728580697656,24,43,0,0
286,0,4,2615.2057823687423,4.644801275021638,22,42,0,0
287,0,2,1814.4301262788904,2.314005985252162,14,32,0,0
288,0,3,2211.890668334665,2.3759319861182355,45,48,0,0
289,0,1,878.6913259490219,1.820048403960764,0,4,0,0
290,0,1,2087.772794927646,1.8909436865348617,0,7,0,0
291,0,2,3551.301702737861,3.7424561414673576,10,25,0,0
292,0,1,2476.650857197829,3.2389584034904626,0,22,0,0
293,0,4,2342.062191017196,2.2201799366244996,48,72,0,0
294,0,2,1631.5727577968585,2.3000348859892137,14,25,0,0
295,0,2,2708.700888837393,2.27954016342324,9,16,0,0
296,0,2,1254.8896012188284,2.0579952838850306,18,39,0,0
297,0,2,1219.143779768366,1.3061504860597497,20,41,0,0
298,0,4,1819.873195580097,4.461785785639747,45,62,0,0
299,0,4,3355.807093695223,3.1257806385845557,49,63,0,0
300,0,3,2346.997370519536,1.9854154859055948,28,49,0,0
301,0,2,1736.3691193607797,2.0267421833266765,16,29,0,0
302,0,3,1597.557610631192,1.7359940986660034,10,19,0,0
303,0,4,2075.231029378732,2.7345836593920243,44,49,0,0
304,0,3,1818.015826077408,2.323816455944359,28,41,0,0
305,0,2,1307.3507623945775,1.2311687966628262,20,41,0,0
306,0,3,1945.3731913687916,3.394037666018347,23,42,0,0
307,0,5,2046.603041446366,4.495430678485668,46,50,0,0
308,0,1,2697.775863984209,2.278747355155698,0,4,0,0
309,0,1,4603.619027878572,1.0,0,11,0,0
310,0,2,2193.1343813488397,1.681648304685828,16,31,0,0
311,0,1,2086.8544521073604,1.5910163407121154,0,11,0,0
312,0,3,1574.5621702563244,1.8468357958306847,30,33,0,0
313,0,1,2983.301013110058,3.6869871144468562,0,5,0,0
314,0,4,1250.2001100565742,2.2265796901092445,53,70,0,0
315,0,2,3284.980154539183,2.4620123160747007,6,18,0,0
316,0,1,1776.419324119394,5.100590464863591,0,7,0,0
317,0,1,1603.3584658129466,2.2441965818348755,0,23,0,0
318,0,2,1720.902537961516,1.0956689940238393,9,21,0,0
319,0,1,1673.9881533444743,1.069592366081117,0,5,0,0
320,0,2,2550.47025565101,4.469835863150806,11,23,0,0
321,0,1,3446.8963506832524,3.1940361788693927,0,10,0,0
322,0,2,2044.815047267417,3.3388512817193567,4,11,0,0
323,0,1,2080.70432174128,2.491227842050428,0,11,0,0
324,0,1,835.084637667396,1.0,0,20,0,0
325,0,1,3382.7101525408957,9.086603448205327,0,11,0,0
326,0,2,1214.998123310192,1.2930158030210188,24,36,0,0
327,0,4,1924.963011194374,1.8359978769785938,27,38,0,0
328,0,1,3035.74640639331,3.5660180492354834,0,6,0,0
329,0,2,1307.827562997477,1.8062498043405322,14,20,0,0
330,0,4,5590.011021160997,5.484350742018566,35,49,0,0
331,0,2,3358.6907439238144,3.8355720962362194,17,33,0,0
332,0,3,1789.3986737614694,1.328007100530668,39,59,0,0
333,0,1,2044.8643454102323,2.966207895796906,0,5,0,0
334,0,2,1790.609439214747,4.34512722563422,24,43,0,0
335,0,4,1471.0531268375244,1.8917170259015819,38,55,0,0
336,0,1,2103.1336138594024,1.7363385079965272,0,3,0,0
337,0,3,1868.971654589033,3.0991324610761826,28,43,0,0
338,0,4,1788.6190113027476,2.625042436083787,50,60,0,0
339,0,3,2415.517683614479,3.7557571458567054,23,46,0,0
340,0,4,1983.325894366582,1.429372692449473,52,59,0,0
341,0,1,908.955772605943,1.0,0,5,0,0
342,0,4,2347.907852497679,2.075118243001178,19,33,0,0
343,0,2,1751.364918086008,2.0622682318394663,12,34,0,0
344,0,1,1031.933835729428,1.124844459306347,0,18,0,0
345,0,3,2348.5445037061536,1.822611730048319,20,36,0,0
346,0,3,1426.4127821153736,1.4837797962261436,14,20,0,0
347,0,1,2196.3063810669496,2.235872512888834,0,23,0,0
348,0,4,2295.5764590311114,3.7393919138641936,19,35,0,0
349,0,1,1177.3529717982556,1.2452719124348217,0,18,0,0
350,0,2,3093.987036367145,4.189167426321086,10,13,0,0
351,0,7,2660.298775465689,4.90528156271548,55,65,0,0
352,0,1,1442.4690582877874,1.3086738599245167,0,10,0,0
353,0,2,2091.119625425211,1.8095806689517893,9,13,0,0
354,0,5,2571.811645328163,3.140525402062276,47,55,0,0
355,0,4,2990.21203925245,3.584543011549713,31,46,0,0
356,0,2,3051.066674308545,2.6839278828156194,18,37,0,0
357,0,1,2661.3464527307137,1.907690867427863,0,18,0,0
358,0,1,1686.9459720700631,1.842238728841548,0,19,0,0
359,0,6,4088.334987970949,8.797914711545031,61,82,0,0
360,0,1,2688.5566165220466,2.8003263184233202,0,21,0,0
361,0,2,2714.339569573159,3.640726050785477,3,17,0,0
362,0,2,1939.3565694315887,3.891329583541413,6,18,0,0
363,0,4,2047.6196845622956,2.3688283718871896,43,60,0,0
364,0,3,2104.195629299629,3.3049592582837897,35,55,0,0
365,0,4,3596.338627282066,3.7368758317408433,13,24,0,0
366,0,3,4508.573215157721,5.272192881516248,13,33,0,0
367,0,5,1957.6862544688631,3.1355716464775134,55,78,0,0
368,0,1,3022.7641836609628,1.0,0,12,0,0
369,0,1,3114.37902180538,6.378335075214866,0,6,0,0
370,0,4,1080.6892540233987,2.1241142230585885,35,39,0,0
371,0,2,3264.7814848521625,3.2089888968503923,10,16,0,0
372,0,2,2874.8794800742994,4.0136142253501355,4,14,0,0
373,0,3,2411.110482831519,1.5592226570811478,22,34,0,0
374,0,4,2645.0646695755718,4.362643168753441,44,51,0,0
375,0,4,2229.2168659858958,2.3436216955762035,31,46,0,0
376,0,3,2394.350767975983,1.40356678206023,31,37,0,0
377,0,1,3225.62894957837,2.5829210643107716,0,21,0,0
378,0,4,2086.712286450042,2.420947225160577,51,60,0,0
379,0,3,1982.0360109065075,4.802589208150989,28,44,0,0
380,0,2,1459.0735365369503,1.7476085123188883,15,19,0,0
381,0,2,2731.949364201128,2.4953234064970986,12,36,0,0
382,0,5,1776.4479737993213,2.362366654984824,49,63,0,0
383,0,1,3087.5717217834963,3.1631296650868737,0,9,0,0
384,0,1,3018.129416492221,4.132315225624402,0,14,0,0
385,0,4,2838.5753671112006,2.6866718273832726,51,65,0,0
386,0,3,1630.3833522421971,1.336788455079648,28,37,0,0
387,0,1,2620.423296845459,2.765352693427667,0,13,0,0
388,0,3,1865.5273905007407,1.466173650779348,18,37,0,0
389,0,2,3494.977431622294,17.474887158111468,23,31,0,0
390,0,3,3212.7320489248573,6.083449197440756,32,42,0,0
391,0,2,1618.7968320250593,1.2676787759669572,19,41,0,0
392,0,3,1622.0524123794946,1.5796068685957516,24,38,0,0
393,0,4,4026.0924508143385,4.08145691263975,45,57,0,0
394,0,2,2222.541972774728,2.728833079760739,11,19,0,0
395,0,2,1696.335316783994,1.6618819596383207,8,32,0,0
396,0,3,2362.005261576515,2.0861672394111808,22,38,0,0
397,0,2,2341.5137612804365,9.611006421329547,19,28,0,0
398,0,3,2445.2217094577286,1.9239558974656876,34,48,0,0
399,0,4,3243.932680074337,4.377490409026973,55,60,0,0
400,0,2,4172.745516750316,6.255039240268224,24,29,0,0
401,0,1,1969.4667668762208,1.7804181257258727,0,4,0,0
402,0,1,1482.01672360946,2.9757375484703577,0,16,0,0
403,0,5,2585.355532852745,2.939820105636454,53,68,0,0
404,0,2,1686.4331325409073,2.871699947830862,24,29,0,0
405,0,2,2390.1498325355024,2.2937175804755046,14,17,0,0
406,0,2,3143.116615499433,2.66066323130305,12,34,0,0
407,0,3,3162.2845306691565,3.1134980300813067,24,44,0,0
408,0,5,5194.072675997833,4.492231635816334,51,59,0,0
409,0,1,1800.1521552823183,1.8996497922943394,0,10,0,0
410,0,3,2470.843029302709,1.3590474891738589,28,32,0,0
411,0,1,6661.37005910384,12.282332083337424,0,19,0,0
412,0,3,1295.0811983485323,1.9947277853397047,15,34,0,0
413,0,1,2873.113603579006,1.9640433646417057,0,13,0,0
414,0,1,2833.336121376819,1.9323370152532942,0,4,0,0
415,0,2,1498.0901665198917,2.2329579836474625,7,29,0,0
416,0,2,1905.0970069138127,3.0279915706699527,9,32,0,0
417,0,4,3891.617885447056,5.690383590083118,10,21,0,0
418,0,1,1025.753635364996,1.1045465658226923,0,21,0,0
419,0,2,2322.957103690343,2.268300410278351,11,24,0,0
420,0,1,1993.6650100474917,3.072067162258698,0,23,0,0
421,0,1,1975.6989853786804,2.8104514535564475,0,13,0,0
422,0,3,4550.485937618875,4.4949619498790945,32,55,0,0
423,0,2,2147.718029993306,3.313529325915884,4,16,0,0
424,0,4,1599.8867193818262,2.491278210673436,56,60,0,0
425,0,4,3234.876905237651,4.356774526513385,52,64,0,0
426,0,3,2599.474361763722,7.36341098208729,37,47,0,0
427,0,2,2219.0686709617594,4.373221529228643,12,20,0,0
428,0,2,2822.055522373222,4.7614374986899675,5,28,0,0
429,0,2,2456.668948216955,1.949604747452863,18,23,0,0
430,0,5,3308.167028786345,3.4403584217099805,73,85,0,0
431,0,2,2909.069549060638,3.3272081703393956,6,21,0,0
432,0,1,1171.6712970735489,1.0,0,7,0,0
433,0,3,1700.2996325249048,2.2675576834678086,34,57,0,0
434,0,1,754.8496843618339,1.0,0,4,0,0
435,0,3,1942.640676685803,3.9989755245990293,30,43,0,0
436,0,6,2186.6301301582357,4.161883047735158,62,77,0,0
437,0,1,3822.864566223804,3.7245432679082615,0,21,0,0
438,0,1,4828.333514931968,8.794434719578268,0,19,0,0
439,0,2,2426.4267000785376,2.7085782604160373,23,45,0,0
440,0,3,3371.860423446972,3.8325553695774204,13,32,0,0
441,0,2,2997.249962892323,3.6971702556421087,24,36,0,0
442,0,4,3779.041546763133,5.067110278185424,36,41,0,0
443,0,1,3488.2752812866534,1.815447010912255,0,15,0,0
444,0,5,3447.363751918287,4.273550301514,60,68,0,0
445,0,4,2313.3126157069355,2.7146483455906214,40,62,0,0
446,0,1,2783.840561127113,2.1010579005449963,0,9,0,0
447,0,1,1110.2077806239658,1.0,0,7,0,0
448,0,3,1911.3691151510136,2.647055970097187,45,61,0,0
449,0,3,1865.1050186213768,1.9385386961620765,38,45,0,0
450,0,4,2503.774672514878,5.012359955815736,46,58,0,0
451,0,1,950.0700797855294,1.8594789571701127,0,6,0,0
452,0,4,2383.5385274339696,5.750205308468812,39,62,0,0
453,0,2,2268.832811042101,3.6922256667348257,6,19,0,0
454,0,5,1799.972629294668,2.2278313748846985,46,67,0,0
455,0,5,2043.2264485369656,3.400034132772495,42,61,0,0
456,0,1,2458.4305265373846,3.0382779979358796,0,20,0,0
457,0,6,2722.9006985586984,7.095199200433049,81,85,0,0
458,0,4,1946.914579187615,2.834971853454404,45,60,0,0
459,0,1,1352.6555962859256,1.6364894799001308,0,9,0,0
460,0,3,4546.214334181209,8.391950757972582,38,57,0,0
461,0,1,4525.046361974961,7.217911719861617,0,16,0,0
462,0,2,3189.1557318467594,1.4809318951049528,17,30,0,0
463,0,2,2429.06661253572,2.1535694789200046,24,34,0,0
464,0,4,3346.432594632543,7.959484889535549,43,66,0,0
465,0,2,2807.6831893798967,4.1552003711445575,15,33,0,0
466,0,5,3772.681495441124,5.667438516764441,48,71,0,0
467,0,6,1383.7943487348043,2.493390770671173,58,78,0,0
468,0,2,2312.196500810973,2.1748283003529085,19,29,0,0
469,0,2,1432.250465188098,1.4008497476768083,3,7,0,0
470,0,9,3441.5267449969265,4.53943459279451,115,129,0,0
471,0,2,1701.287081528622,2.1015169949929655,13,29,0,0
472,0,2,2306.6316855998084,3.1572528832905884,7,10,0,0
473,0,2,1452.7346510017824,1.3104519040936504,15,38,0,0
474,0,3,2640.355356983442,3.3049341796848664,21,37,0,0
475,0,2,1087.3033145579034,1.8335865856751334,13,21,0,0
476,0,1,2259.537207558407,1.0,0,8,0,0
477,0,2,2011.262409726765,2.192478526990021,24,39,0,0
478,0,5,2155.0788374872723,2.1298404819828294,66,88,0,0
479,0,2,4441.2373311908495,2.986454950078273,20,38,0,0
480,0,6,2301.256888252615,3.5664595420620935,58,74,0,0
481,0,3,1445.1100280755495,1.4612835056254412,21,24,0,0
482,0,3,2554.075828688981,1.4801490193836362,46,57,0,0
483,0,6,3230.656253430157,4.603919919444679,59,82,0,0
484,0,2,1667.9224411206355,3.891048215348058,15,38,0,0
485,0,2,1282.1765785232917,1.6151138904953208,23,27,0,0
486,0,2,1229.856686934333,1.78492934929567,8,30,0,0
487,0,2,1792.1589756377164,1.0854032958697888,5,24,0,0
488,0,2,755.7418738017775,1.1909812347616728,14,29,0,0
489,0,5,6952.98994656067,7.631995674694915,58,75,0,0
490,0,3,2049.2796120154158,1.9106927325406677,22,25,0,0
491,0,2,1247.696712685962,1.8453352095182134,14,32,0,0
492,0,4,1810.6985891073928,1.6854740913836885,32,35,0,0
493,0,2,2225.709770464388,2.164725733115185,20,41,0,0
494,0,1,2031.3900752253348,1.9712422687435325,0,14,0,0
495,0,1,1463.8506705240698,2.289633967753535,0,13,0,0
496,0,6,2404.863794694393,3.1473478348673205,69,79,0,0
497,0,1,836.2348557147832,2.01326145593858,0,6,0,0
498,0,4,2358.258203414927,2.5228279784178227,38,60,0,0
499,0,6,3254.679273115539,3.902773747327999,53,62,0,0
500,0,1,1453.8062331626688,1.6652878278192926,0,3,0,0
501,0,1,1328.9049547810698,1.5850481003795547,0,14,0,0
502,0,2,4661.121708773698,5.832822523576458,18,35,0,0
503,0,3,1873.835066597996,1.7630263883097967,28,32,0,0
504,0,1,1888.3023571283984,2.1847314100227275,0,17,0,0
505,0,3,1482.6805057714694,2.053239789569425,35,40,0,0
506,0,1,684.5918568483705,1.0,0,18,0,0
507,0,1,2903.1834049861404,8.653810554770956,0,3,0,0
508,0,5,1951.5753919243127,4.347229916688703,40,51,0,0
509,0,2,1961.896833035816,4.711648017425091,3,21,0,0
510,0,1,2263.4244174896094,3.7492712727609776,0,8,0,0
511,0,1,1442.9995841957193,1.0,0,13,0,0
512,0,3,2165.7323222237605,1.524333862992201,44,50,0,0
513,0,3,2847.915077808238,5.356321830154857,38,44,0,0
514,0,1,987.3802611598466,1.0,0,11,0,0
515,0,3,2165.112362733557,2.3792237673503402,23,30,0,0
516,0,3,2821.040665299196,7.877417834963912,15,27,0,0
517,0,2,6363.616460941894,9.111276509199405,15,18,0,0
518,0,2,1951.8953433310287,1.976514770076214,20,28,0,0
519,0,1,1767.277785869742,1.7441573770238705,0,8,0,0
520,0,1,2340.9598769847817,2.8422123480368735,0,18,0,0
521,0,4,2050.3054549696917,2.933778878626125,58,70,0,0
522,0,4,1946.856139613487,2.0407348128146072,44,68,0,0
523,0,6,2472.23585434937,3.5929625355385584,60,68,0,0
524,0,2,1838.3068143440844,1.6873232730268828,10,19,0,0
525,0,3,2248.5458003352624,3.187737093967187,17,35,0,0
526,0,1,1261.748889104853,1.0,0,3,0,0
527,0,2,2016.288807989026,2.0404863307656504,19,33,0,0
528,0,2,2243.307305208632,2.633049911487057,24,43,0,0
529,0,4,2820.921956403111,4.232820871738383,30,47,0,0
530,0,3,1668.789336336672,2.38466566873055,38,49,0,0
531,0,2,1565.115163080868,3.227414272874894,14,21,0,0
532,0,1,1702.0047653483482,1.2951055151369986,0,16,0,0
533,0,1,4797.338848748136,6.25751765629301,0,15,0,0
534,0,4,2058.807132970861,6.079705628255476,39,50,0,0
535,0,2,3769.454503022821,5.095125382479161,8,23,0,0
536,0,1,1217.6996715358662,1.0,0,18,0,0
537,0,2,1834.8150638407976,3.193058738377086,12,15,0,0
538,0,8,2050.5020336508437,2.8295991105473948,85,96,0,0
539,0,4,1994.253968465576,2.1506672924458727,43,60,0,0
540,0,1,1940.4656818943856,2.932890090305888,0,10,0,0
541,0,1,1235.121703452356,1.1710540559900724,0,18,0,0
542,0,4,3190.7541322386264,3.6074420992025304,45,64,0,0
543,0,6,3047.3211058075103,2.797779547590494,66,76,0,0
544,0,3,3736.893057544689,3.0802982019109377,23,39,0,0
545,0,3,1861.913764717376,2.0947984988161377,35,50,0,0
546,0,5,5056.373196669031,5.05699677492144,56,80,0,0
547,0,1,2485.3569779332674,4.309653531294638,0,21,0,0
548,0,4,2148.39377943132,3.3375219172598776,48,56,0,0
549,0,3,2322.5685519278427,4.875830517841543,26,41,0,0
550,0,4,1839.099223044011,1.8848480743915499,40,61,0,0
551,0,2,2715.5836344125837,3.1301094472762383,24,34,0,0
552,0,2,10025.749589141078,7.121197628937342,4,15,0,0
553,0,1,3258.4537056176573,4.451085552170603,0,12,0,0
554,0,6,2504.2144075942024,3.6762634305511686,75,93,0,0
555,0,2,1853.2100139222105,2.2378633666598904,4,28,0,0
556,0,3,2318.3083450541008,1.9068197613279192,40,57,0,0
557,0,4,1707.193330452381,1.8264595636527237,22,44,0,0
558,0,1,1650.9244468065317,2.260958906025011,0,12,0,0
559,0,1,2328.53859553696,3.3185831890946056,0,17,0,0
560,0,6,3255.6904404158345,4.212241812608506,78,84,0,0
561,0,1,1679.2715456310514,1.4538106892491844,0,20,0,0
562,0,2,1498.4255877831922,1.9750247678897093,22,45,0,0
563,0,1,2580.749109803262,1.7827410852460404,0,14,0,0
564,0,3,5307.035159038026,7.145925355260487,19,38,0,0
565,0,1,1960.92441180834,1.804364756179425,0,5,0,0
566,0,1,1035.9697859953687,1.0,0,3,0,0
567,0,1,1736.426802908767,2.476198927859949,0,16,0,0
568,0,1,1744.593300356412,1.7278377233775661,0,8,0,0
569,0,2,4116.607631132483,1.9948926539097813,7,30,0,0
570,0,1,2840.1175098736817,2.1538786946783572,0,9,0,0
571,0,3,3291.491896604658,8.108535799572042,22,37,0,0
572,0,4,1581.0895745956432,3.145099521971332,41,49,0,0
573,0,1,924.9477915711626,1.2328010306642356,0,10,0,0
574,0,2,2391.194287615016,3.1626368031599634,17,31,0,0
575,0,1,1942.9271145403247,3.3322563030463885,0,8,0,0
576,0,4,2431.8957044336075,2.188971845932377,47,63,0,0
577,0,2,2049.409116610067,2.6642865820498636,5,24,0,0
578,0,3,2282.0477269727635,3.309087870072786,17,28,0,0
579,0,2,1915.0058290874292,2.1205064060913323,8,31,0,0
580,0,5,2536.7265743554112,4.28535650311439,40,45,0,0
581,0,2,3656.811310965677,3.356378222533639,13,19,0,0
582,0,1,649.3138820747635,1.0,0,3,0,0
583,0,1,1142.2837623518956,2.2083278911443682,0,5,0,0
584,0,1,2908.915767728694,2.2302825426506887,0,23,0,0
585,0,2,3333.176347170533,3.184749769452881,10,25,0,0
586,0,5,3092.4439841028666,6.175171089806086,65,69,0,0
587,0,4,1754.721587087426,4.0225645597748265,50,67,0,0
588,0,6,2697.9195652695607,11.761614260631937,74,93,0,0
589,0,6,1886.067403526809,3.0752953483695484,77,85,0,0
590,0,1,1735.3286430853636,2.478993343688038,0,3,0,0
591,0,3,2692.795725284519,1.7998808440730976,17,23,0,0
592,0,1,1111.6788730165215,1.33275949353193,0,15,0,0
593,0,2,2443.5057216541745,3.3470852796518424,8,26,0,0
594,0,1,2485.109461277588,1.0,0,4,0,0
595,0,2,2579.8052096848137,3.4847778238808065,6,9,0,0
596,0,1,1344.864987120609,1.4837013550276326,0,12,0,0
597,0,2,3587.6224171819645,6.667069514613041,16,33,0,0
598,0,1,2706.2984767588923,4.6788341796043715,0,21,0,0
599,0,2,3041.607402178573,8.802240371634673,21,24,0,0
600,0,1,2671.286712687191,1.0,0,17,0,0
601,0,1,2014.2877795673744,2.1874114164333935,0,18,0,0
602,0,2,1946.7657349420176,3.3566918104263817,16,23,0,0
603,0,2,2559.927414873441,6.432661076514975,15,26,0,0
604,0,4,3728.283734428917,5.025780890832269,24,32,0,0
605,0,1,1036.4217582204926,1.9778045780421456,0,21,0,0
606,0,1,1526.7140840185723,1.0,0,3,0,0
607,0,2,3285.5242728810404,2.6816372580873384,7,30,0,0
608,0,1,3846.783821175489,7.79041452390058,0,17,0,0
609,0,3,2094.378650610969,1.8430073078657219,8,24,0,0
610,0,2,1291.925717928574,1.7348021144772323,5,12,0,0
611,0,1,2383.1263866224563,1.1041288850498412,0,7,0,0
612,0,3,1285.0776668949688,1.8242436867013818,17,30,0,0
613,0,4,1379.6883883947228,2.0036673282449384,41,53,0,0
614,0,2,2544.9874534729056,5.829407461945541,11,24,0,0
615,0,3,2747.979597770616,4.6623536498172875,35,59,0,0
616,0,2,1706.1088441924817,2.259038569403814,24,29,0,0
617,0,1,2810.576495090542,2.7956216623679206,0,24,0,0
618,0,1,4463.385602487607,6.835622281914412,0,19,0,0
619,0,5,2092.317216644466,2.9870360621803878,81,100,0,0
620,0,5,1169.694178299614,3.2876724338727703,65,69,0,0
621,0,1,732.5274833898438,1.3362044884530182,0,5,0,0
622,0,4,1758.7149839130118,2.601058685383204,42,49,0,0
623,0,2,1647.202010466821,2.3799854469398602,4,18,0,0
624,0,2,2156.8379402566966,2.6832407613700524,4,10,0,0
625,0,2,1804.3496901443607,1.2936484519520706,24,44,0,0
626,0,2,2481.661997639252,2.674322319241966,24,30,0,0
627,0,4,2936.8676297386323,5.047863366862899,43,66,0,0
628,0,2,3041.084588888723,5.764284745935351,17,34,0,0
629,0,1,2443.077128504771,3.715982286652077,0,20,0,0
630,0,3,1662.765489535628,3.748905608267937,20,29,0,0
631,0,4,2562.277730173905,2.537843673894853,20,36,0,0
632,0,3,2719.319135976083,2.911259321576246,25,31,0,0
633,0,2,1662.9161820845254,3.0197169652278393,17,41,0,0
634,0,3,1595.214731097604,2.6977745693782595,31,48,0,0
635,0,3,1390.449990556504,1.275935050675823,34,55,0,0
636,0,2,3098.6124081979438,6.0902374055654755,18,26,0,0
637,0,3,1648.4981846217374,2.0565504280120424,38,48,0,0
638,0,2,1957.946132748713,2.0555632686025325,7,11,0,0
639,0,3,1535.6036990686198,1.2507988103777665,41,46,0,0
640,0,2,5112.214664674995,5.87510222342021,23,38,0,0
641,0,1,3015.304484798996,1.0,0,12,0,0
642,0,1,2861.5950449662337,4.5645888365032885,0,18,0,0
643,0,1,916.3590888684066,1.3092936745762032,0,6,0,0
644,0,2,1491.3515775567782,1.355164052371351,23,41,0,0
645,0,3,3791.753561278591,3.7538038807613328,37,58,0,0
646,0,2,1857.2057882459271,2.8007937543415102,12,15,0,0
647,0,2,1311.1806923840795,1.1174491148048356,24,31,0,0
648,0,5,3337.138704243675,6.8430872035658385,62,85,0,0
649,0,1,1157.0075474979517,3.5549638756107775,0,17,0,0
650,0,6,1639.305448431841,2.41505275915519,83,97,0,0
651,0,2,1797.738936386169,1.6940492278984418,5,17,0,0
652,0,1,1183.6164042144603,1.0,0,5,0,0
653,0,1,1056.000302586179,1.0,0,16,0,0
654,0,1,2894.89760286715,1.0,0,11,0,0
655,0,1,1783.588837296134,1.3717740054646386,0,19,0,0
656,0,6,2936.570540651511,2.0769259583079847,78,89,0,0
657,0,3,2443.64214953283,1.4410587624889515,30,41,0,0
658,0,2,1744.439443883762,1.9258497163574393,18,32,0,0
659,0,1,2158.68599044874,1.2256993277457553,0,10,0,0
660,0,1,2489.629428041214,2.7378464308415826,0,3,0,0
661,0,2,2522.748823648628,4.405451108542718,16,39,0,0
662,0,2,2373.8539903960527,2.060238735738278,16,31,0,0
663,0,1,4470.10530006514,4.15464705476578,0,14,0,0
664,0,1,2706.910598048362,2.054009624852146,0,20,0,0
665,0,1,2040.548995891662,3.6998790676049356,0,9,0,0
666,0,1,2478.1782384847124,3.4036391480796904,0,17,0,0
667,0,2,2352.463683661824,4.499222820002499,14,21,0,0
668,0,3,3132.804688039806,2.664859299316382,28,40,0,0
669,0,2,2324.087621071771,8.10549884811705,10,23,0,0
670,0,5,3438.68989342429,6.409690039925057,44,62,0,0
671,0,1,1935.2504960974773,3.530416588514739,0,23,0,0
672,0,5,1810.4186709697171,3.0775798320795684,61,80,0,0
673,0,1,1262.8128800519985,1.0036529725453498,0,21,0,0
674,0,3,1389.7969574850872,2.0905743016985494,40,57,0,0
675,0,1,2586.9115047477885,4.416082790101029,0,3,0,0
676,0,2,1732.405636107089,3.3258988759635266,16,30,0,0
677,0,4,1506.124740753408,1.8967658825848561,46,52,0,0
678,0,1,1391.9796083677663,1.1069454568156198,0,5,0,0
679,0,3,2481.3981815051807,1.944656377762752,18,28,0,0
680,0,1,1671.7940673991031,2.84238778359049,0,6,0,0
681,0,1,1957.0179054109883,3.1521786309980415,0,10,0,0
682,0,3,1543.2813721290472,2.38515687868848,36,57,0,0
683,0,1,2256.3318956502644,2.4909364747567726,0,11,0,0
684,0,3,2514.6500518325583,5.47276198531743,41,44,0,0
685,0,1,1325.6127339800266,1.8775895325438237,0,13,0,0
686,0,1,2158.6912695021624,1.0,0,18,0,0
687,0,2,1397.7574161638345,2.2946631675137636,13,33,0,0
688,0,1,1216.0643695181475,1.0,0,20,0,0
689,0,6,3804.1848579021594,4.0579176849821685,69,74,0,0
690,0,2,1723.5721557799498,1.5377814782187187,5,26,0,0
691,0,3,1352.8705648131647,1.0630846170330095,22,34,0,0
692,0,2,1652.4368924122175,1.0389444550269347,22,32,0,0
693,0,3,3180.955642979359,4.16246369216114,25,32,0,0
694,0,3,1485.74184408637,2.1010526761394415,18,32,0,0
695,0,1,2278.2347568721984,1.0,0,15,0,0
696,0,3,4238.729435747175,8.204401074735191,45,61,0,0
697,0,3,2671.1679638413457,5.015833988515847,20,40,0,0
698,0,1,2030.5005015731847,1.6723871805155825,0,13,0,0
699,0,5,1366.001872315385,2.435913755328463,55,67,0,0
700,0,3,2287.0928796144813,3.5331266075627545,18,41,0,0
701,0,3,1677.202623792418,1.5185776036204408,35,58,0,0
702,0,4,3042.5560673581604,4.025524281946417,51,54,0,0
703,0,1,1560.5017827077174,2.9193695976873575,0,20,0,0
704,0,2,2674.605764025767,4.524146382621156,8,28,0,0
705,0,4,1287.23503352259,3.1075625605677994,32,43,0,0
706,0,1,3639.816810887328,5.47252310154532,0,23,0,0
707,0,3,2562.1359507316065,2.5675588878354434,22,39,0,0
708,0,5,1705.6535976422847,2.508606105301398,81,91,0,0
709,0,1,2029.9755167359792,2.7415263519833264,0,10,0,0
710,0,1,1285.2919013195135,1.9352492405439328,0,8,0,0
711,0,1,1438.9732034107824,2.5405138360120985,0,15,0,0
712,0,3,3106.1261703160694,5.97960611252179,43,62,0,0
713,0,2,3559.0376205034554,5.23879805464799,19,43,0,0
714,0,5,1928.9154230366212,1.7649907052841591,52,66,0,0
715,0,1,2239.6156560083477,2.7820078905625447,0,5,0,0
716,0,3,1063.6324954347797,1.9736373649596393,36,49,0,0
717,0,6,2248.121912191028,2.524290553292539,67,85,0,0
718,0,5,3073.60654607377,2.89229848484724,43,60,0,0
719,0,1,3178.7162344355743,4.2326979200764,0,9,0,0
720,0,3,2526.0611163996077,2.835539487168985,23,26,0,0
721,0,3,1872.5479966187804,2.8751413725205595,19,33,0,0
722,0,1,2737.2151667914463,3.36961474906136,0,13,0,0
723,0,2,1988.3120788773156,2.880881815307586,11,20,0,0
724,0,3,1873.3745349504225,4.486202142456448,28,44,0,0
725,0,4,2586.7928372380443,3.216475046871619,41,64,0,0
726,0,3,1809.599241670923,2.3795761908789332,30,46,0,0
727,0,4,2903.028999672396,4.039688996933493,20,29,0,0
728,0,1,2268.7954254065057,1.9022613405542792,0,13,0,0
729,0,4,2029.7556291370013,3.503902286050727,34,43,0,0
730,0,7,3616.031165471736,4.006882477605292,96,113,0,0
731,0,1,2860.159269868425,6.2129720084268705,0,23,0,0
732,0,1,2386.470399592307,8.476589565507936,0,22,0,0
733,0,2,1866.1041507945756,3.5507836523401966,6,22,0,0
734,0,5,1889.7607768443177,1.3316681983361809,62,79,0,0
735,0,6,3398.7414714515,5.985843373715131,89,100,0,0
736,0,2,1176.8953946036904,1.2834266636624987,5,24,0,0
737,0,1,2272.2526380547865,2.276491964063417,0,16,0,0
738,0,4,2815.7340694047834,3.012766048322951,39,48,0,0
739,0,1,1897.4935000648795,1.2535189311619472,0,10,0,0
740,0,2,1871.1434147782104,2.4338563819895773,6,28,0,0
741,0,6,4060.537761337805,4.79794369168023,61,70,0,0
742,0,2,1909.0609975376296,2.1266523067925935,7,26,0,0
743,0,1,1779.245322138031,2.4314720695322536,0,10,0,0
744,0,1,3254.16061903727,2.2374369949003174,0,13,0,0
745,0,2,1712.7817738930532,3.380992846916702,8,17,0,0
746,0,1,2204.896361332703,4.336763543280515,0,17,0,0
747,0,1,2973.684185043639,8.269909846677129,0,9,0,0
748,0,1,3538.0144297386687,2.5724375596491007,0,5,0,0
749,0,3,1337.659112587557,1.647972601446081,35,50,0,0
750,0,2,3045.464866241717,3.118856662688412,13,31,0,0
751,0,2,2185.8472732471923,2.4867602973013536,20,24,0,0
752,0,2,3507.31665690431,2.5839590368974963,16,24,0,0
753,0,1,1791.626510819056,1.938723390487554,0,24,0,0
754,0,3,2349.7453568437127,2.323844156581088,19,39,0,0
755,0,1,6093.14223779511,7.354344676347528,0,22,0,0
756,0,5,2740.2579194475607,9.556388632726039,53,68,0,0
757,0,3,1497.5997938764713,2.4557642494462195,33,48,0,0
758,0,2,1795.0522064746872,1.830014554069028,22,38,0,0
759,0,2,1523.152682984463,1.7459892736811802,24,32,0,0
760,0,1,1375.5414524997827,1.5696727738844103,0,10,0,0
761,0,6,2291.728820374985,3.8156375062824184,74,85,0,0
762,0,5,1577.2307113799827,2.5339088294053904,23,46,0,0
763,0,2,1579.7028616504133,5.354056495340113,9,13,0,0
764,0,1,2444.58123083718,1.0,0,19,0,0
765,0,1,994.573284892468,1.0,0,22,0,0
766,0,4,3993.857849333427,6.089653869214025,31,48,0,0
767,0,3,1565.8540037858927,3.1251941395180207,46,62,0,0
768,0,2,1116.4595204102875,2.594420717072253,3,27,0,0
769,0,1,1742.3135287896923,3.824457268814118,0,22,0,0
770,0,2,2469.651706526948,4.492466623605131,22,30,0,0
771,0,1,571.1017745591834,1.3354116618345364,0,7,0,0
772,0,3,2611.529512659604,2.079655820601957,27,33,0,0
773,0,2,3466.318897710472,3.529863659727263,12,29,0,0
774,0,2,1996.8368459908525,2.966216413598969,12,30,0,0
775,0,2,1720.8878206886106,4.547421644250872,3,24,0,0
776,0,1,1481.9087747973429,1.537612584651248,0,5,0,0
777,0,2,1206.7674092353234,2.048674054246446,20,24,0,0
778,0,2,3469.389095642525,6.937561932323608,10,32,0,0
779,0,5,2116.1546089259723,3.0474897136520975,52,55,0,0
780,0,2,2404.351489382984,3.5897735901606236,14,33,0,0
781,0,3,1687.6424118193445,2.920841362318632,32,44,0,0
782,0,2,2877.498810031328,5.389617800165373,16,25,0,0
783,0,1,1695.876511771712,2.0693514471460475,0,10,0,0
784,0,3,2715.5152913569523,5.6393876901970135,17,27,0,0
785,0,3,2112.363880781282,3.13665401227203,25,40,0,0
786,0,2,2235.990568881198,1.7698638758036087,14,23,0,0
787,0,1,3364.803611404136,3.3833489123980285,0,22,0,0
788,0,1,1379.1735356398246,1.0,0,17,0,0
789,0,2,2511.510014317565,2.789163252538567,10,30,0,0
790,0,1,2218.846015192696,1.9374378792356268,0,16,0,0
791,0,3,1187.5293239103485,1.2028488079620137,12,35,0,0
792,0,1,1957.4504521602516,1.6842624879997339,0,16,0,0
793,0,1,3217.4816015447,5.7240424478000484,0,5,0,0
794,0,2,2181.703610395381,2.983669461170269,7,29,0,0
795,0,6,2282.934130469861,3.7151941213189974,68,87,0,0
796,0,2,2040.720219044748,3.8238735277046634,6,15,0,0
797,0,4,1481.7493098948796,1.6162632295272814,45,63,0,0
798,0,4,3312.1600263056566,3.7773771330248787,37,49,0,0
799,0,3,1782.8236967077794,3.429998707800127,15,28,0,0
800,0,2,1336.9695112217269,1.4869291053317313,8,32,0,0
801,0,2,961.6540008797646,1.5811641322601353,9,24,0,0
802,0,2,3485.414754601561,3.580095805308091,23,46,0,0
803,0,1,2854.3783589888844,2.3997186035456557,0,4,0,0
804,0,2,1550.0766033730288,2.6082883615433063,14,21,0,0
805,0,3,2318.4340113366147,3.148313928083997,23,30,0,0
806,0,1,2270.0550602524604,3.860036038053747,0,16,0,0
807,0,3,1975.0541937948656,1.9759636981288777,24,30,0,0
808,0,3,5511.596362259785,7.346032519308488,12,17,0,0
809,0,1,2040.006332636828,4.567773862020589,0,3,0,0
810,0,1,1448.2804219583195,1.6289551478602597,0,16,0,0
811,0,4,1484.114169590213,1.7383021213093415,44,48,0,0
812,0,1,1813.3031404725475,1.5670905532799544,0,6,0,0
813,0,4,2382.238457868353,3.620038730448328,33,55,0,0
814,0,5,1409.2678940640285,1.607654890437852,50,63,0,0
815,0,2,1291.400290449307,1.0959583759286735,17,30,0,0
816,0,2,1346.6943778830098,1.2348419623148668,15,21,0,0
817,0,1,1167.3103700154684,1.228238508945118,0,13,0,0
818,0,2,1331.7748285431996,1.495405929444378,7,21,0,0
819,0,2,2572.67913118371,2.853022994426691,9,31,0,0
820,0,3,1096.882608924607,1.9949191859537294,29,32,0,0
821,0,2,1255.8223073329875,1.8855869665104723,12,21,0,0
822,0,6,1506.1471045066314,4.241390674846362,77,88,0,0
823,0,2,1951.513788976592,4.027411822257971,20,30,0,0
824,0,3,4942.062900476613,3.422256583412061,39,48,0,0
825,0,1,2134.653809990534,2.830051048453297,0,16,0,0
826,0,4,4180.849969032239,4.396374530974591,23,40,0,0
827,0,4,1487.3999486733344,1.3679616358510553,39,61,0,0
828,0,5,2672.760284586176,2.0111025200127206,44,58,0,0
829,0,3,1922.3455274199712,2.1115234500303117,34,38,0,0
830,0,7,2259.059392588515,2.504179562487491,86,108,0,0
831,0,2,1969.167283672663,1.6612076896011343,13,30,0,0
832,0,5,2597.076312335912,4.452456091121265,61,79,0,0
833,0,2,1555.780708439706,1.3393302538360012,11,30,0,0
834,0,1,4108.291158736604,6.516775670692721,0,19,0,0
835,0,2,1420.8625799325132,2.6430836896019576,6,19,0,0
836,0,1,2284.132561168741,1.8284031364881115,0,14,0,0
837,0,1,2312.3745248497503,2.2085256960025763,0,5,0,0
838,0,2,1082.9335978984573,1.2403395280791467,14,20,0,0
839,0,1,1596.8895733387444,1.5686261064192235,0,10,0,0
840,0,1,1355.899459491582,1.099464102116465,0,11,0,0
841,0,2,2617.639685642089,1.1769680424955589,14,26,0,0
842,0,3,3181.96248373697,2.6534647636542705,33,53,0,0
843,0,1,1988.9909986583236,2.124347475502006,0,24,0,0
844,0,6,2732.6826492887235,3.294831155304042,84,98,0,0
845,0,7,1561.6940702816885,2.3719760444966695,92,110,0,0
846,0,1,1719.4182118164542,1.140808474756914,0,22,0,0
847,0,4,2107.715028433217,3.176938463748347,51,56,0,0
848,0,3,3285.118267721861,5.9420618603533795,10,28,0,0
849,0,1,2489.560535655368,4.182655367720332,0,19,0,0
850,0,2,2763.6593784281017,5.985770811982736,21,28,0,0
851,0,1,3310.47393108541,2.1898106940706477,0,24,0,0
852,0,2,1887.0328678028975,1.105256986019327,21,38,0,0
853,0,2,3613.19509822726,4.396578589795239,20,30,0,0
854,0,4,1353.6412591562128,1.9783309019462376,41,63,0,0
855,0,3,1978.3712181651745,1.5885115794432636,11,21,0,0
856,0,1,3891.9491004073393,3.4749071536105265,0,14,0,0
857,0,1,1790.3451884857634,1.7045405131352784,0,3,0,0
858,0,2,2987.19787098028,2.9106724952115783,8,30,0,0
859,0,2,1722.5929070359634,5.604275413223803,9,22,0,0
860,0,3,2347.952832509758,2.534012017322508,32,45,0,0
861,0,6,2077.8229293258005,1.7771995361537831,56,61,0,0
862,0,1,4359.308072707466,3.8193776943125135,0,9,0,0
863,0,2,5778.050833774201,8.8599883272736,6,24,0,0
864,0,4,3015.031073222085,3.348637294250464,19,42,0,0
865,0,2,1765.5407402741553,3.0695116964319835,22,45,0,0
866,0,5,1599.6717591620777,3.174635752664516,38,48,0,0
867,0,3,2898.848883943904,3.4783669614623074,30,51,0,0
868,0,2,1570.7575280252272,1.3282408722604622,16,20,0,0
869,0,4,2560.938844738788,4.419603971040678,24,38,0,0
870,0,3,1429.336406996437,1.7615309698353312,37,43,0,0
871,0,3,4891.933573077264,6.826980881894499,29,38,0,0
872,0,2,1890.1357715542435,3.6049070988199796,7,12,0,0
873,0,1,1327.714231469931,2.084182324095716,0,10,0,0
874,0,1,3192.8683255551205,5.216195677879169,0,22,0,0
875,0,3,2709.377149407845,3.221549083823803,19,30,0,0
876,0,1,1513.8408832727716,1.0,0,10,0,0
877,0,1,3969.3328504338106,2.0655611232210465,0,4,0,0
878,0,1,4636.485625946498,7.022094937372753,0,16,0,0
879,0,3,2617.804539499471,4.233339161150808,18,37,0,0
880,0,1,2599.547009499761,3.1522499967046436,0,24,0,0
881,0,1,1016.8986205186312,1.6572854669420902,0,21,0,0
882,0,4,1341.5472102327392,2.5518215459460425,50,66,0,0
883,0,3,2398.5066157636866,1.683945025886539,23,26,0,0
884,0,1,972.0103747358946,1.5745946229803895,0,3,0,0
885,0,4,3028.613545540176,3.6489625367290435,33,39,0,0
886,0,1,1374.591209615994,1.579821660217877,0,16,0,0
887,0,3,1646.8446644667938,1.618868239039664,9,19,0,0
888,0,2,1183.7776297404346,1.2592238827425353,10,20,0,0
889,0,3,2428.489138592224,3.4685758956905897,36,55,0,0
890,0,1,1783.4487719947997,2.8952831476006327,0,5,0,0
891,0,4,2358.7153469625378,3.6988327580120868,24,27,0,0
892,0,4,2166.6491242032803,5.14783845506314,46,62,0,0
893,0,4,2856.6692886787355,2.8929351294255636,32,41,0,0
894,0,1,1556.5937796633589,2.169864235378578,0,3,0,0
895,0,2,1779.321212762006,1.284935771968436,14,34,0,0
896,0,1,3964.8606598891897,1.6676838683026747,0,13,0,0
897,0,1,1856.9855046989169,1.2086185173563588,0,19,0,0
898,0,6,1496.0845902135577,2.56605753554783,42,60,0,0
899,0,1,2120.504971471168,2.143070917574499,0,10,0,0
900,0,4,2259.146718429363,3.825225727822112,35,42,0,0
901,0,3,1358.709844556902,2.950246375013474,34,42,0,0
902,0,3,2229.471102684909,3.1569611878895736,37,61,0,0
903,0,1,1441.0588858674798,1.0850883059958136,0,20,0,0
904,0,1,2315.669631341674,3.5589532375535575,0,15,0,0
905,0,4,2952.3990449408475,3.8238518238381083,28,33,0,0
906,0,2,2500.370720340856,2.3819758811018095,12,16,0,0
907,0,3,3593.5847383584864,2.534447611500534,38,43,0,0
908,0,3,2102.727620015511,2.2199791630361436,11,16,0,0
909,0,2,1104.9809138269038,1.3340541680453304,21,31,0,0
910,0,1,3650.908255316208,4.181513293107413,0,16,0,0
911,0,3,2795.830915318608,2.4315073082969585,16,20,0,0
912,0,4,2925.055837497295,1.8850362860198198,33,56,0,0
913,0,3,2464.7612567184315,2.3970271397875735,22,25,0,0
914,0,6,4765.952935188594,6.309126520657179,81,85,0,0
915,0,3,2027.1734043513595,1.582598405877325,39,59,0,0
916,0,3,5879.14918902436,11.665684771166225,48,59,0,0
917,0,5,1495.2656660615646,2.852182836330813,29,42,0,0
918,0,2,2960.444644853904,4.0144687982813005,11,15,0,0
919,0,3,2156.7069831302874,2.9467670227930958,38,52,0,0
920,0,2,1968.047440375189,4.365099536052907,10,13,0,0
921,0,2,2280.580012878289,4.439154900314494,10,27,0,0
922,0,2,2839.053381249269,1.6116426565556752,13,28,0,0
923,0,1,1133.1994675321214,2.583597912939505,0,24,0,0
924,0,3,2020.9784019256165,3.809361818799579,21,40,0,0
925,0,1,2003.9330826037944,2.001138162846476,0,16,0,0
926,0,3,3954.404957873398,2.5975366043910806,25,42,0,0
927,0,3,2310.1483038082797,2.8750798105687903,17,38,0,0
928,0,3,2530.738830596097,3.9227138603855165,12,18,0,0
929,0,1,2470.202588661937,2.183149310360735,0,18,0,0
930,0,2,1453.633297425419,1.5503098097817045,17,40,0,0
931,0,6,3146.2973522237803,7.663145210878326,55,77,0,0
932,0,6,3984.889175890734,3.357536586628046,50,57,0,0
933,0,4,1557.353157264857,3.11346806121284,44,51,0,0
934,0,4,1819.5089167117503,2.782335282346533,38,55,0,0
935,0,1,516.7182065707545,1.0,0,17,0,0
936,0,1,2362.4517034825703,1.7322334288838352,0,24,0,0
937,0,1,3077.373795601296,7.8597801748555804,0,7,0,0
938,0,2,2446.396835644624,3.5162040839373327,23,30,0,0
939,0,2,2369.5386653346595,2.9779765030747036,10,30,0,0
940,0,2,2670.567691783905,2.597330955061833,9,21,0,0
941,0,2,712.159902504565,1.35439241746952,17,41,0,0
942,0,2,3020.706923305472,1.847373385275143,3,18,0,0
943,0,1,3891.132520604368,1.0,0,8,0,0
944,0,5,3369.0201142466685,5.831651277392791,54,78,0,0
945,0,5,3400.28120979097,5.375049919783348,70,79,0,0
946,0,1,3381.178208352492,2.086040666944609,0,18,0,0
947,0,3,2832.996643627136,2.152267509862654,11,26,0,0
948,0,4,3432.657930192813,7.330986310029886,50,72,0,0
949,0,4,2205.112800949407,2.709291439061424,55,68,0,0
950,0,6,1639.4961223373823,1.938466792075659,73,86,0,0
951,0,6,2889.540582274396,4.153359927499033,62,79,0,0
952,0,4,2237.916693968303,1.3695218745234181,41,47,0,0
953,0,5,1483.844012229626,2.5079468463447325,67,86,0,0
954,0,1,2315.294466790473,3.2577299532327593,0,9,0,0
955,0,1,2579.07077880269,4.495809331539343,0,3,0,0
956,0,1,3472.60946915894,1.5820392165380959,0,3,0,0
957,0,2,1604.9435404720984,2.166245597688236,23,36,0,0
958,0,1,2092.5825329687423,2.991605102258733,0,18,0,0
959,0,1,3664.6552322419006,3.8760042877142955,0,6,0,0
960,0,3,1634.7414088042196,4.391598659057965,40,60,0,0
961,0,2,4375.668510820816,4.095505477677552,12,22,0,0
962,0,3,2287.287424196697,1.8065249571231614,34,49,0,0
963,0,3,2029.964278407528,1.9190244217689427,31,45,0,0
964,0,2,1971.089587658602,3.53831277147691,21,44,0,0
965,0,1,1593.0290858705098,1.6916751027773362,0,17,0,0
966,0,2,1406.5278668839544,1.7639912431922955,17,34,0,0
967,0,2,1563.207812578806,3.631583395160103,10,14,0,0
968,0,2,1750.1312356423423,1.4885389931860293,24,36,0,0
969,0,2,3422.9804839651124,3.1474012751683516,20,44,0,0
970,0,2,1012.7658583837772,1.7933719335281357,17,24,0,0
971,0,2,1133.566991187263,2.02430135888786,16,39,0,0
972,0,3,1782.8794585836151,1.8608816490523998,41,45,0,0
973,0,1,995.7277271305992,1.0,0,21,0,0
974,0,2,1625.6473107069614,4.998668915871004,20,37,0,0
975,0,3,1353.776372105701,1.1410687978600949,38,61,0,0
976,0,1,2479.039435360203,3.1571655919330266,0,24,0,0
977,0,1,2021.282749125692,2.592049401414518,0,16,0,0
978,0,2,1102.258003492073,2.28542214974597,8,14,0,0
979,0,4,2780.557650800611,5.077070755866975,53,61,0,0
980,0,4,5619.40613387837,7.884121597125017,36,46,0,0
981,0,5,1637.7567796673875,1.7911924944181934,51,71,0,0
982,0,1,1252.7324229244834,2.2921060156352757,0,10,0,0
983,0,1,1346.285561408684,1.8754701718573672,0,8,0,0
984,0,1,5136.134929945076,2.69248377705259,0,23,0,0
985,0,2,2688.033187010149,2.8497040877083717,21,34,0,0
986,0,3,2880.2866198468887,2.8152322293195113,42,49,0,0
987,0,1,2381.0393868507463,1.0,0,20,0,0
988,0,4,3850.363997971046,5.825082532657371,35,41,0,0
989,0,3,2377.182427512946,4.998725429160117,17,22,0,0
990,0,4,1892.2439924940213,2.591733314076158,54,74,0,0
991,0,2,1003.666920870182,1.2389783280834037,18,25,0,0
992,0,4,2709.3349221154867,2.9322825214744657,36,40,0,0
993,0,3,3456.381978228448,7.28377143062748,28,34,0,0
994,0,1,788.3306150429477,1.0,0,10,0,0
995,0,1,2731.7643491156205,1.5639369406987524,0,23,0,0
996,0,1,2028.091146764517,1.0060669346023776,0,11,0,0
997,0,2,2177.87792350933,4.585226159468815,6,18,0,0
998,0,2,1689.3604382904937,2.0603574695028386,8,24,0,0
999,0,6,2957.8055865629312,4.012441114194607,57,71,0,0
1000,0,2,1770.4261170619643,2.6755223538101527,22,33,0,0
1001,0,1,1382.8523235967332,1.4952978225661198,0,5,0,0
1002,0,2,2685.484447922057,3.133721954027762,17,20,0,0
1003,0,1,1574.1586208315343,1.450178361835064,0,9,0,0
1004,0,1,3285.7717857288867,2.1975710732767926,0,8,0,0
1005,0,4,2225.702847585503,1.7128748055125307,56,62,0,0
1006,0,4,1415.745833679752,1.790014704988649,31,43,0,0
1007,0,5,3249.516404383937,3.932257590331221,52,73,0,0
1008,0,1,1227.7794815698533,1.043579650276635,0,13,0,0
1009,0,3,2866.4482491778986,3.3589409627045126,41,48,0,0
1010,0,2,2214.6469861621163,5.655919635508857,9,19,0,0
1011,0,3,4008.174785931319,2.473776095442343,37,54,0,0
1012,0,2,3290.681347746624,4.097438140541452,12,30,0,0
1013,0,3,2396.6978625206043,3.359161306439563,24,46,0,0
1014,0,1,2136.735436040317,2.723540929459657,0,20,0,0
1015,0,1,986.2174783053536,1.1703514389370937,0,7,0,0
1016,0,1,4047.844596907337,1.363842682427967,0,9,0,0
1017,0,4,1705.817347639661,4.144652366690863,26,46,0,0
1018,0,1,1470.977052467483,1.5142039078288192,0,11,0,0
1019,0,2,2782.6488218014383,4.013911235657653,21,45,0,0
1020,0,4,2003.0637737404763,2.0453151618145218,45,66,0,0
1021,0,3,2027.424469978976,2.4761058004398313,40,48,0,0
1022,0,1,3851.039810425684,4.597684658351043,0,22,0,0
1023,0,2,1566.253207038031,1.3132725753346868,10,23,0,0
1024,0,1,2337.1900908850284,3.4931759586535676,0,7,0,0
1025,0,3,2601.6273721319035,2.44255531237956,30,49,0,0
1026,0,2,1859.409421727232,3.306145329561368,11,18,0,0
1027,0,2,1196.6530636584982,3.305734302208675,11,25,0,0
1028,0,3,1890.3710442356607,2.5859131720267,22,42,0,0
1029,0,2,3185.816455518483,3.525738943966426,23,38,0,0
1030,0,4,1608.247517275208,2.5688633022957488,58,62,0,0
1031,0,5,2166.090223567402,2.652507461134542,62,65,0,0
1032,0,2,3062.6935467408675,3.394558216189009,10,32,0,0
1033,0,4,2437.3273440272264,2.6877262407119633,33,41,0,0
1034,0,2,1358.7888826880198,2.0121231452518695,12,33,0,0
1035,0,2,2239.2937259500573,2.083234381754107,20,23,0,0
1036,0,3,3199.858644921393,2.73508296546755,23,30,0,0
1037,0,1,620.6496968246827,1.3886148184283096,0,22,0,0
1038,0,2,2120.875155441016,2.8837546337500206,21,28,0,0
1039,0,3,2057.020019688636,5.459112886559132,16,30,0,0
1040,0,2,1660.9378375772606,2.7841991387592984,22,30,0,0
1041,0,4,2911.256242949517,3.5553750655416696,48,71,0,0
1042,0,3,1437.8605916209117,1.4748432493130368,16,34,0,0
1043,0,5,3606.3202142072087,4.542697572000238,52,68,0,0
1044,0,6,2930.0723954357886,4.2041424773124385,67,78,0,0
1045,0,2,3037.754073059443,4.3802777318808825,23,42,0,0
1046,0,1,4524.518014936148,7.666036846058276,0,18,0,0
1047,0,1,1525.0492202737669,1.0,0,15,0,0
1048,0,3,2384.877561540305,2.0139546219340616,39,56,0,0
1049,0,1,2753.267356940862,2.7047255096711127,0,17,0,0
1050,0,4,2712.3205733356617,4.54294534103152,40,46,0,0
1051,0,2,2429.3910589915195,4.348909498006432,12,28,0,0
1052,0,1,1334.233482752726,1.6108378413961586,0,3,0,0
1053,0,3,1386.2080437916038,1.4807785063651253,40,48,0,0
1054,0,4,3496.0707196512844,7.075283661183874,41,46,0,0
1055,0,1,1356.4807530077412,1.0,0,5,0,0
1056,0,1,1722.9821213586672,1.907913474311102,0,6,0,0
1057,0,1,1837.5875221697447,2.127527499691961,0,13,0,0
1058,0,3,2514.0976681720244,2.0369339990597095,33,37,0,0
1059,0,3,1458.126183410873,2.942599799311178,21,42,0,0
1060,0,3,2783.258370140139,3.4141313432457214,22,44,0,0
1061,0,3,2060.237298290981,2.55317392210989,32,42,0,0
1062,0,2,3113.212957774301,3.8142755569245046,3,25,0,0
1063,0,1,2740.049665951817,1.6437643974490375,0,16,0,0
1064,0,1,3241.033758224808,4.471597967368333,0,23,0,0
1065,0,2,2633.068017436776,2.5810554440864166,4,18,0,0
1066,0,4,5106.420524706559,6.014021123906407,48,72,0,0
1067,0,2,714.0000790171472,1.2058028868006636,16,22,0,0
1068,0,2,2224.1292848714875,2.1742591036147014,15,37,0,0
1069,0,1,2599.1086584114787,3.7158489856195787,0,16,0,0
1070,0,3,1321.7054068738069,2.1568891277998143,17,38,0,0
1071,0,1,1534.637960746791,1.915628236778191,0,15,0,0
1072,0,4,3417.591425528863,4.467949459933268,32,40,0,0
1073,0,2,1007.1734583238284,1.5477295879787618,4,11,0,0
1074,0,2,2032.8968555062663,2.311531908780156,8,15,0,0
1075,0,3,3750.908225972173,4.551582349350089,34,39,0,0
1076,0,1,2073.064360147004,2.8065463148438474,0,22,0,0
1077,0,5,2156.518230498651,3.1927216719606966,45,64,0,0
1078,0,7,2505.965289942478,3.4623358168816103,71,89,0,0
1079,0,2,1425.5458091335584,1.4922924940898088,18,22,0,0
1080,0,1,1463.86913795182,1.0,0,9,0,0
1081,0,3,2433.4662159449786,2.5396171706622415,14,22,0,0
1082,0,3,1685.6169196864514,1.4836329263112369,37,50,0,0
1083,0,1,1471.534660309583,1.7360705931900098,0,17,0,0
1084,0,3,2873.1426110557763,3.3311826215148677,21,33,0,0
1085,0,2,1945.1271307042805,1.4468866047630806,5,19,0,0
1086,0,5,1733.9957738779824,4.5762842073058705,66,74,0,0
1087,0,5,2894.7245419890496,3.380449415163168,54,77,0,0
1088,0,5,1689.3230599056892,3.123594259263456,53,72,0,0
1089,0,2,3291.6877675159526,4.670763662762628,21,45,0,0
1090,0,2,2682.7835802479385,1.46045078528103,20,23,0,0
1091,0,1,2491.430349367866,2.3842203343227046,0,6,0,0
1092,0,1,1790.2527100151246,2.35175784462027,0,9,0,0
1093,0,2,2807.3516638621345,1.5193693207704735,21,31,0,0
1094,0,6,2568.5122944516343,6.624622703296764,68,81,0,0
1095,0,1,3132.446856632118,2.955449011550543,0,17,0,0
1096,0,1,1817.086590817292,1.0,0,11,0,0
1097,0,5,2084.060154557982,2.0565092146923014,47,69,0,0
1098,0,5,2771.1348308563797,4.770100030016793,17,27,0,0
1099,0,2,1641.9586219698378,1.2706862916333144,10,34,0,0
1100,0,3,2160.9624677966603,2.340446010462695,34,37,0,0
1101,0,1,3679.0905097191367,4.3147016614550875,0,20,0,0
1102,0,2,1535.816487917545,2.5529104906328706,5,9,0,0
1103,0,3,2601.3723260512807,3.8047270366616353,38,60,0,0
1104,0,1,2492.5122238428785,4.7467179633103385,0,20,0,0
1105,0,1,4137.602983165637,2.635836732018321,0,21,0,0
1106,0,3,1687.6273893024404,2.742865709600966,20,36,0,0
1107,0,4,2257.710976203876,3.376115822586034,20,37,0,0
1108,0,2,1173.2216910617965,2.2348206402267343,24,45,0,0
1109,0,1,2551.479083860798,3.471508617709023,0,13,0,0
1110,0,5,4618.178127699804,8.319855385104514,52,61,0,0
1111,0,3,2462.7076045591134,1.8799020981940566,26,40,0,0
1112,0,4,1291.2068795115272,1.9934779783168577,36,45,0,0
1113,0,2,5287.946773802413,4.721414800767046,18,34,0,0
1114,0,4,2865.467261846653,2.8408598328444477,56,72,0,0
1115,0,1,2504.023201397842,1.640705448514977,0,19,0,0
1116,0,6,1293.896303274494,3.4510543875850903,50,69,0,0
1117,0,3,1314.6842129394688,2.086603900469821,26,45,0,0
1118,0,3,3311.249028182814,4.18230380556398,37,48,0,0
1119,0,3,2152.454220267884,2.4507728936314632,19,28,0,0
1120,0,9,4234.540229437502,4.524199360280064,111,124,0,0
1121,0,2,2624.9211676599343,2.0338046250296826,19,25,0,0
1122,0,3,1866.0959773902543,2.2037892251134665,29,47,0,0
1123,0,3,1545.3249480268742,1.7449386847298256,26,47,0,0
1124,0,1,2371.0917326950453,2.5264533561772313,0,21,0,0
1125,0,1,1622.593331935671,1.349513780830617,0,14,0,0
1126,0,1,2904.309675349509,3.884932816649609,0,20,0,0
1127,0,2,3218.518682842426,1.902114120580003,17,40,0,0
1128,0,4,3782.032025216746,4.461759053217653,45,48,0,0
1129,0,5,1788.2388988748933,2.5056190068624256,37,51,0,0
1130,0,3,3963.412513204869,5.284292740985442,14,29,0,0
1131,0,3,1802.3050502730728,3.723579568758445,19,25,0,0
1132,0,6,2037.6216894850645,2.4528992606283286,70,74,0,0
1133,0,1,1402.0698479585246,1.0,0,7,0,0
1134,0,2,1932.8171748118075,2.1137650632710465,3,27,0,0
1135,0,3,2025.2561177337668,2.424391159118238,36,51,0,0
1136,0,2,2128.3513215438,5.165569868705004,6,28,0,0
1137,0,2,2929.4110464889577,1.7358649944199673,5,9,0,0
1138,0,1,1525.839686377978,2.3513745508894077,0,14,0,0
1139,0,1,1651.5132787851387,1.692527041608409,0,4,0,0
1140,0,3,2997.6890907112183,4.209383743063889,30,37,0,0
1141,0,2,3242.065713396722,3.7939177174148613,14,34,0,0
1142,0,4,2365.1381106362533,5.10226880334426,55,74,0,0
1143,0,4,2781.076018288677,1.7094879056687737,65,83,0,0
1144,0,3,2391.4947192792324,3.481715997037263,29,40,0,0
1145,0,2,2154.114889781028,1.3197497716810815,20,26,0,0
1146,0,1,2788.080895357895,3.9660554154398087,0,20,0,0
1147,0,2,4328.411053361045,6.1033519479970835,18,37,0,0
1148,0,2,2597.9132464915524,2.445316417409959,18,27,0,0
1149,0,1,1851.918809098166,1.246386050800408,0,8,0,0
1150,0,2,1180.633025787627,1.874352931441908,6,21,0,0
1151,0,2,3009.694104483581,7.287474674758134,10,27,0,0
1152,0,6,2741.5218727098163,6.750861501600087,40,56,0,0
1153,0,1,2962.491017522936,4.6812719462273265,0,13,0,0
1154,0,3,1321.8758025198676,2.7130874298258973,10,23,0,0
1155,0,2,1772.3745752397408,2.175855462213633,7,21,0,0
1156,0,3,2359.6286197389027,4.166268918885561,17,30,0,0
1157,0,1,1980.0498472535169,1.4764999025809247,0,10,0,0
1158,0,1,1776.0080387100747,1.232755922392975,0,22,0,0
1159,0,1,3942.187752611344,2.382634259351705,0,22,0,0
1160,0,1,1679.0843575655392,2.3879348513954475,0,7,0,0
1161,0,4,1731.7425139074403,2.6145102234258086,52,74,0,0
1162,0,3,1423.7155447459847,2.4223029518650065,12,19,0,0
1163,0,2,1939.406260151517,2.1240474947681194,20,27,0,0
1164,0,3,1918.7012149546788,1.1908003696503826,32,42,0,0
1165,0,2,2715.592886483475,2.9599162807575943,22,32,0,0
1166,0,2,1234.334917196195,2.4263711375142627,3,8,0,0
1167,0,1,3564.271631231308,10.552375707956202,0,8,0,0
1168,0,2,1633.5525170213402,1.451174890987893,17,33,0,0
1169,0,3,2336.066781786657,2.7097922112945025,12,20,0,0
1170,0,1,2491.227805496306,1.964144617599926,0,20,0,0
1171,0,5,2906.853081899557,2.7264587582632456,42,63,0,0
1172,0,1,1242.4434105967373,1.2440476703429992,0,7,0,0
1173,0,2,1353.3646379241852,1.2936332726482707,4,21,0,0
1174,0,2,2299.6882172826013,2.1249509765307,13,17,0,0
1175,0,3,2292.0366181925506,2.3885878010378407,13,16,0,0
1176,0,1,1821.558638080529,3.3447566444122807,0,15,0,0
1177,0,1,1749.3935600614896,1.6760162847006357,0,14,0,0
1178,0,4,1727.8182581622114,3.625290418642486,34,37,0,0
1179,0,3,3891.3689449758135,5.116748096961082,26,38,0,0
1180,0,1,2366.3679072659447,4.865781996684245,0,7,0,0
1181,0,3,2043.2518459164205,3.1252313402280123,24,44,0,0
1182,0,2,2717.317048016907,2.497878103694258,3,13,0,0
1183,0,4,4208.108853976023,4.636339988139354,41,44,0,0
1184,0,3,3321.1859290937905,4.741326623485037,26,49,0,0
1185,0,3,1715.907385636766,2.530810131548997,21,41,0,0
1186,0,5,1697.979489143824,3.1638821474008982,64,77,0,0
1187,0,2,2847.453554296675,6.101639418017316,14,24,0,0
1188,0,1,2730.999150478041,2.5274017565778504,0,17,0,0
1189,0,1,1823.667325789011,1.1298357011227245,0,5,0,0
1190,0,2,2975.0520069978043,7.712223646982326,16,38,0,0
1191,0,2,2336.756919557982,2.860953177914783,13,28,0,0
1192,0,2,659.3110880499858,1.4182909779439603,17,21,0,0
1193,0,3,3318.861717590233,2.3596278844142926,38,60,0,0
1194,0,4,1367.2002406861209,1.7863007711885908,61,80,0,0
1195,0,3,2104.9067243673485,3.422431148922766,12,30,0,0
1196,0,5,1629.5324344648236,1.2345136250149826,58,77,0,0
1197,0,1,2170.711371490037,2.7352951924076296,0,4,0,0
1198,0,3,1719.45048384424,2.157848175280315,28,39,0,0
1199,0,4,2404.295362472671,3.0541323645445346,57,60,0,0
1200,0,6,2713.8699914646577,3.199983375055387,84,108,0,0
1201,0,1,2265.2121480163737,1.8677736424139004,0,3,0,0
1202,0,3,2494.068898317238,2.2853973203370845,25,41,0,0
1203,0,3,2207.8567694938797,4.848401094018548,33,50,0,0
1204,0,5,3005.2795410975937,5.530770182564079,39,53,0,0
1205,0,1,2002.3803293909416,2.7556479802155254,0,12,0,0
1206,0,6,2728.5746964904747,4.127139320242965,57,79,0,0
1207,0,4,4154.38688086055,4.559803548558541,16,32,0,0
1208,0,1,2130.8751828513687,1.3452367567552723,0,7,0,0
1209,0,2,1664.9903305873495,2.3566338214340656,14,38,0,0
1210,0,2,2994.111329989336,3.2968506234392985,13,37,0,0
1211,0,1,3054.1098191206306,5.286182904971883,0,11,0,0
1212,0,3,3973.433537919774,3.4232795016511397,17,26,0,0
1213,0,1,2426.417339188389,1.0,0,12,0,0
1214,0,2,1858.86387136879,2.4066215739844177,3,21,0,0
1215,0,1,3244.0394822320877,6.988535760129445,0,22,0,0
1216,0,1,1649.2803814996862,3.624753877786606,0,18,0,0
1217,0,3,1034.834943581223,2.1124181584840254,35,48,0,0
1218,0,3,2327.2097053986704,3.003279610692499,22,28,0,0
1219,0,5,2192.556287442976,2.523127751336273,32,48,0,0
1220,0,4,3442.249436448654,6.120143366760473,32,37,0,0
1221,0,3,1118.7814415145851,1.270310331216102,29,49,0,0
1222,0,4,2555.028115703838,3.155728343859398,32,40,0,0
1223,0,2,2900.17691418494,3.7807496302712154,10,14,0,0
1224,0,1,3258.6063067621976,1.879282017915365,0,20,0,0
1225,0,1,3206.340157587371,1.6598554609402838,0,9,0,0
1226,0,1,2561.502337821514,2.8632014833360824,0,6,0,0
1227,0,3,3127.0442382308133,3.9658552499237296,18,25,0,0
1228,0,1,2193.204820612993,1.2027848216543016,0,3,0,0
1229,0,2,5988.313996847779,5.27004817434927,14,27,0,0
1230,0,2,2333.258917261033,1.8708593325132006,18,27,0,0
1231,0,3,2222.242554523268,2.4439601710877654,20,37,0,0
1232,0,5,3146.376693161369,4.442999448311142,65,75,0,0
1233,0,3,3450.5333694028764,2.6767904959395814,26,42,0,0
1234,0,2,2793.056870446991,5.389262999231208,8,11,0,0
1235,0,4,1700.3358395310415,2.895142044723806,51,55,0,0
1236,0,2,1912.339097948017,1.191350563157338,16,20,0,0
1237,0,1,2855.2623111054745,2.124968546790565,0,23,0,0
1238,0,2,2834.837723090896,2.148180669755555,16,33,0,0
1239,0,1,2405.5425781872746,1.6831296636911923,0,19,0,0
1240,0,4,3242.739239193104,3.5442915267646082,29,46,0,0
1241,0,1,1980.702934541824,2.5302055679972297,0,13,0,0
1242,0,4,2111.987709927362,3.4991278241758836,47,69,0,0
1243,0,2,1184.3467750827156,1.9786653932639635,15,18,0,0
1244,0,1,1356.7824606290371,1.618827452806919,0,19,0,0
1245,0,1,1758.5096802885105,1.385843483506199,0,20,0,0
1246,0,5,2195.931041701237,3.481668674286491,48,56,0,0
1247,0,1,1065.1586141088078,1.0,0,4,0,0
1248,0,1,1602.278180305922,2.1734635913468296,0,4,0,0
1249,0,3,2518.7528433386374,2.3646321419042873,25,38,0,0
1250,0,1,950.5374801400365,1.0,0,12,0,0
1251,0,3,3311.567564838782,1.8780649194077483,30,52,0,0
1252,0,1,1433.505232784222,2.062689026878368,0,18,0,0
1253,0,4,1269.1059743461838,1.875564175939452,26,34,0,0
1254,0,1,1858.3524209839188,1.8071841819084633,0,13,0,0
1255,0,5,1765.8511203726496,2.1454188151330906,47,69,0,0
1256,0,2,859.9978147708679,1.0628036394677338,4,10,0,0
1257,0,2,2428.9240161919274,3.4231628925740645,10,30,0,0
1258,0,5,3479.2903920911585,3.8154257009175456,66,69,0,0
1259,0,6,2442.355021363931,3.4997404864478745,62,77,0,0
1260,0,2,3768.325161771929,5.181164747448845,14,23,0,0
1261,0,1,1825.6526545960453,1.8470563623020744,0,18,0,0
1262,0,2,1736.9479042987944,1.9468833133311791,10,29,0,0
1263,0,4,2275.815627257629,5.194923682225361,20,42,0,0
1264,0,3,2542.959758744744,4.525800978717406,13,31,0,0
1265,0,2,2485.029859027783,6.578115889493237,20,40,0,0
1266,0,3,1801.0340768859844,1.8341516805129556,30,51,0,0
1267,0,3,1214.7587760986978,2.3817626536607324,15,36,0,0
1268,0,2,4520.953230701979,5.599784431441371,8,21,0,0
1269,0,3,2631.207943014918,3.691219537638909,27,32,0,0
1270,0,1,2638.804339759008,3.914594002907372,0,24,0,0
1271,0,6,2159.695552855703,3.000128071652912,62,74,0,0
1272,0,2,2395.648788493607,1.2320944664890805,12,25,0,0
1273,0,4,2673.294054089288,5.416331238023751,37,46,0,0
1274,0,4,2335.236218962746,2.2740961402309323,42,46,0,0
1275,0,1,3818.634163967921,4.081737790365805,0,14,0,0
1276,0,1,2441.9881635264164,3.201864312168958,0,17,0,0
1277,0,1,3588.4174594055,3.5965666540349095,0,18,0,0
1278,0,2,3266.634393155492,2.9511915155778428,20,26,0,0
1279,0,5,2715.6417264475926,2.9873924629309254,70,90,0,0
1280,0,1,2248.8425569000037,5.235887187310445,0,17,0,0
1281,0,2,3681.662182453025,3.052325596532353,6,23,0,0
1282,0,4,2895.2751347590543,3.69308973039685,32,55,0,0
1283,0,1,883.3646918633603,1.0,0,17,0,0
1284,0,3,2217.3131079915565,3.2304948186445324,6,21,0,0
1285,0,5,3316.518651946916,3.363521933473129,56,61,0,0
1286,0,1,1635.0475667251796,1.357946820554658,0,11,0,0
1287,0,2,2937.68550186918,3.515397887408883,10,25,0,0
1288,0,2,3889.475104211304,3.027326111030428,5,29,0,0
1289,0,1,1714.5917539481134,1.0,0,22,0,0
1290,0,1,1503.7490948379475,1.0,0,10,0,0
1291,0,1,2218.888912977437,2.4373866304936773,0,24,0,0
1292,0,4,1976.2300912498888,1.6080471215999421,42,45,0,0
1293,0,2,2150.3505594780427,2.19009025619209,21,25,0,0
1294,0,5,1682.471838433728,3.1612464229955175,64,67,0,0
1295,0,1,1580.5943263743225,7.08547200810226,0,16,0,0
1296,0,2,1273.4826133234758,1.309155291235861,16,40,0,0
1297,0,3,3037.955220418652,4.931830670746,32,53,0,0
1298,0,1,2032.915114221901,1.5247052015543725,0,20,0,0
1299,0,2,2666.8447951524,4.100731024532649,24,39,0,0
1300,0,1,2963.1347218773385,3.634160288043325,0,21,0,0
1301,0,2,1945.233407757148,2.8255249637536157,21,44,0,0
1302,0,1,2418.7327524019324,3.1081900768862627,0,12,0,0
1303,0,5,2910.9536502102865,3.2562742673288083,34,52,0,0
1304,0,1,1243.8636555240776,1.3652885557518888,0,12,0,0
1305,0,1,3894.934109651205,4.015207161619376,0,3,0,0
1306,0,1,1907.061096247272,3.0435122289582233,0,4,0,0
1307,0,1,3952.05818969389,1.0,0,12,0,0
1308,0,2,2349.724560520836,9.493450489785422,18,27,0,0
1309,0,2,2226.9030972369724,4.2079534261058615,7,28,0,0
1310,0,7,2659.4428135311878,12.628014144459135,109,120,0,0
1311,0,3,1935.6234779313183,1.188936288955818,36,54,0,0
1312,0,1,1382.6505002093609,1.4194280906075785,0,9,0,0
1313,0,3,2699.115857871733,3.5015472821660736,33,39,0,0
1314,0,2,2797.119712870695,3.4911478543049395,4,16,0,0
1315,0,2,3393.327489319564,2.3613760784513254,13,16,0,0
1316,0,2,2732.322926866876,3.019826965132491,19,28,0,0
1317,0,3,1177.296911511016,1.9027170389084356,25,48,0,0
1318,0,1,1704.5950840031314,1.7889367348117347,0,9,0,0
1319,0,2,1853.108128483991,1.0238064738239052,18,22,0,0
1320,0,2,2170.203024141455,2.8774140951641503,6,27,0,0
1321,0,3,2216.3592591727584,1.57292633634448,24,29,0,0
1322,0,2,2318.6971944709653,1.293167029348069,18,25,0,0
1323,0,2,2208.3557628974686,1.3103884186371655,6,22,0,0
1324,0,3,1863.733776089637,3.2145796217621085,16,40,0,0
1325,0,1,1445.1785644470665,1.471440380927355,0,4,0,0
1326,0,1,3640.356502386146,8.001339337646122,0,24,0,0
1327,0,4,2151.063862007015,1.9146259010510385,45,53,0,0
1328,0,4,1847.2839362469504,2.123248453233695,47,55,0,0
1329,0,2,3338.985042922377,5.538274123426735,24,34,0,0
1330,0,1,1615.6579899566616,2.6041410396227254,0,9,0,0
1331,0,1,3144.912607415394,2.429439167372609,0,21,0,0
1332,0,1,2509.0234342547533,3.0250593133534402,0,5,0,0
1333,0,1,1907.0741573669584,2.9458141762494354,0,5,0,0
1334,0,3,2626.300905954159,2.9063068015528284,10,21,0,0
1335,0,2,2131.1305447206587,2.3485814567106904,18,24,0,0
1336,0,3,3717.361391225432,3.380804111610558,41,45,0,0
1337,0,1,719.1028683451544,1.0,0,3,0,0
1338,0,3,1996.289224045502,3.179346276272013,38,46,0,0
1339,0,1,2882.0207769029485,2.9627101460561076,0,10,0,0
1340,0,2,4321.862743979029,2.7056782624840814,22,38,0,0
1341,0,1,1077.91944334346,1.0,0,3,0,0
1342,0,4,1712.6071363426515,3.6462075779296694,44,60,0,0
1343,0,2,2535.6157337695586,2.722403688806612,24,44,0,0
1344,0,4,5336.957061836389,8.719533588600097,50,66,0,0
1345,0,2,2629.072554312377,4.965530657364172,22,41,0,0
1346,0,2,3264.8298668238344,4.247999847152391,15,36,0,0
1347,0,1,2126.849172294962,2.987025341846106,0,4,0,0
1348,0,4,1569.7936259145165,3.146581984611965,35,58,0,0
1349,0,2,1182.328377747005,1.1505717162245281,13,31,0,0
1350,0,1,2071.892229032135,2.5330649468821003,0,24,0,0
1351,0,1,1127.0982916807689,1.8607853434322568,0,19,0,0
1352,0,4,2654.99930266212,3.2066619971237547,43,56,0,0
1353,0,1,1909.7918990523897,3.0277490203003605,0,7,0,0
1354,0,1,1049.6246630894216,1.2971871300712103,0,7,0,0
1355,0,7,2349.2665003858,6.310591480549386,62,78,0,0
1356,0,1,1200.410485760622,1.0,0,7,0,0
1357,0,2,1952.1892626266945,1.6876560093891158,16,27,0,0
1358,0,3,2255.928374818277,2.668509341651132,33,57,0,0
1359,0,1,3639.863732813616,2.114256005010243,0,11,0,0
1360,0,4,2818.777243445338,4.251613633244204,14,17,0,0
1361,0,2,5492.044622911498,3.7895346538968187,19,34,0,0
1362,0,3,2745.010033149036,3.329270767827632,26,29,0,0
1363,0,4,4720.254080392926,3.9810356906033912,64,68,0,0
1364,0,2,1748.5938014118096,1.5632029408307544,22,28,0,0
1365,0,5,1661.256450042801,2.606497561561558,51,68,0,0
1366,0,4,2011.575887448532,2.909849973684792,62,77,0,0
1367,0,4,2249.324872533092,3.847739056791836,46,50,0,0
1368,0,3,7928.200713855535,10.933508203988119,43,54,0,0
1369,0,2,3500.630514134186,3.9770769980012117,23,47,0,0
1370,0,2,3289.2341442394304,3.0651523666605534,4,14,0,0
1371,0,3,1660.5108998680412,1.1778146703096954,40,58,0,0
1372,0,7,3006.776647344563,4.3119310975378635,75,82,0,0
1373,0,2,5910.797814232207,3.0633298375668927,5,27,0,0
1374,0,7,3516.8349030947497,8.57227679689654,85,91,0,0
1375,0,3,2138.983581790524,3.609179535619052,7,29,0,0
1376,0,2,3570.810551459274,3.895973624079818,14,34,0,0
1377,0,3,1254.7535520132176,4.10104645371249,26,46,0,0
1378,0,3,2481.7620154173533,2.5951183242939018,23,46,0,0
1379,0,1,1295.3439677223696,2.1615001925650477,0,16,0,0
1380,0,2,2199.646976971472,1.7677346258229312,23,45,0,0
1381,0,3,1201.724882316302,1.4880301230859085,38,47,0,0
1382,0,1,1821.1373096195837,2.62802128062339,0,9,0,0
1383,0,2,3268.1507676115507,5.048374077727571,20,30,0,0
1384,0,3,3334.8113583934078,8.468772294986707,28,39,0,0
1385,0,3,1607.407075496537,2.4047731067334035,33,39,0,0
1386,0,5,2151.4382033169973,2.281649531458833,41,60,0,0
1387,0,1,2062.217625205151,1.9807322460695311,0,20,0,0
1388,0,1,2762.0713973587235,2.823609413762149,0,16,0,0
1389,0,2,3024.9248216557157,4.972800020565883,11,14,0,0
1390,0,1,1222.782130595269,1.570598889087426,0,23,0,0
1391,0,4,3827.369232655826,2.735071666194218,39,46,0,0
1392,0,2,2786.07447488666,2.1200546459428224,3,22,0,0
1393,0,2,1707.5049919338187,3.257112534219889,20,26,0,0
1394,0,1,1694.2547419640212,1.302207264429883,0,11,0,0
1395,0,4,2230.7676005704493,1.959583959940937,55,77,0,0
1396,0,7,2368.453836017119,4.4452256321319865,75,86,0,0
1397,0,1,2320.03946997352,1.7686460868260228,0,6,0,0
1398,0,2,1920.2659893423768,4.788287852244731,20,26,0,0
1399,0,2,2559.051739840701,3.403778787568929,23,47,0,0
1400,0,3,2215.468468094167,2.7068948126239456,14,19,0,0
1401,0,1,1791.8930546382007,1.9248421888511058,0,14,0,0
1402,0,4,1771.9184756767297,2.6715028363286835,64,78,0,0
1403,0,2,1313.1345709236164,1.3687779879820814,10,28,0,0
1404,0,3,2262.9530414918618,3.3048503115861307,44,63,0,0
1405,0,1,2688.991516400207,2.503391795473696,0,22,0,0
1406,0,1,2074.637618506061,2.2070375807359417,0,9,0,0
1407,0,5,2269.5546010304406,6.646555042701144,53,67,0,0
1408,0,1,1462.4781292277748,3.0989736107588253,0,10,0,0
1409,0,2,952.5356000968602,1.7404915624097335,23,35,0,0
1410,0,1,2028.8825547071635,1.5332365982386804,0,12,0,0
1411,0,3,1487.18211260365,1.624245425590553,30,48,0,0
1412,0,1,2577.958671555461,4.586553249362331,0,3,0,0
1413,0,1,1324.4783804149804,2.6838360038278375,0,3,0,0
1414,0,1,1922.7466524869728,1.471779360132454,0,8,0,0
1415,0,1,2402.757708995144,5.21888934766189,0,3,0,0
1416,0,3,2332.3179958258934,3.056639111335333,27,36,0,0
1417,0,2,1369.8194145188015,1.7554145023264571,24,36,0,0
1418,0,3,2267.366089825957,2.5218608358109265,17,27,0,0
1419,0,1,1759.6337989922522,1.6186643429522027,0,6,0,0
1420,0,4,1957.839315841887,3.2506732123503017,58,72,0,0
1421,0,1,4035.7262930089983,7.235457089217845,0,24,0,0
1422,0,1,1915.9722738701848,2.113078332584524,0,16,0,0
1423,0,1,3136.449553685019,3.8093376207679355,0,21,0,0
1424,0,4,2108.0936006756656,1.9863672410063393,33,42,0,0
1425,0,2,2355.54896339714,1.8000681148977709,11,24,0,0
1426,0,1,2031.7406703915256,2.001196786261801,0,10,0,0
1427,0,5,2373.0885830157044,2.1466225440528075,79,83,0,0
1428,0,1,2487.3504604697664,3.214493142448878,0,20,0,0
1429,0,2,2415.456292825352,2.155569862822678,16,21,0,0
1430,0,4,2486.0240057678084,2.409604698523094,40,46,0,0
1431,0,1,1717.119204626907,3.478755289634272,0,5,0,0
1432,0,4,1988.955030094929,1.456885971392617,31,37,0,0
1433,0,5,4299.067068605949,7.940603392134056,25,47,0,0
1434,0,3,2810.805233174756,5.3550613222687735,17,31,0,0
1435,0,1,2631.485749701847,3.3300723402202843,0,6,0,0
1436,0,3,2060.083878064512,1.5677728486902065,29,37,0,0
1437,0,1,3198.634321589844,5.294593256687724,0,19,0,0
1438,0,3,3278.9857190447588,4.115868368817326,19,25,0,0
1439,0,2,1732.726377196941,2.379669683816582,14,30,0,0
1440,0,1,1915.526536596639,3.1661028272888205,0,10,0,0
1441,0,4,1436.963723850597,2.4222493437743977,55,66,0,0
1442,0,3,4481.983456278963,8.337608221328608,28,42,0,0
1443,0,3,2019.933950377172,2.387658734142483,13,31,0,0
1444,0,1,2610.574616957588,4.684405710041063,0,17,0,0
1445,0,4,1905.9860032024408,4.934703287290128,41,65,0,0
1446,0,2,1051.5147788314507,1.5351169166855227,3,17,0,0
1447,0,1,2153.03472924524,2.3146711343318094,0,7,0,0
1448,0,1,3336.866403676735,3.4919407179785567,0,22,0,0
1449,0,2,2852.4089773277387,2.7496444739881603,8,28,0,0
1450,0,1,2803.873886815418,4.258896592382892,0,4,0,0
1451,0,5,3645.5717444802326,8.64129367124661,29,42,0,0
1452,0,3,2010.1870328151365,1.7843669954251897,47,50,0,0
1453,0,1,1937.3463564116264,1.0,0,17,0,0
1454,0,2,3769.128417714001,2.7987283185249834,8,31,0,0
1455,0,2,3153.6087039434574,2.167245646024694,9,14,0,0
1456,0,2,3099.443024956408,6.457874296404223,21,30,0,0
1457,0,1,3698.345592674713,6.05467608873812,0,18,0,0
1458,0,5,2818.210732112612,5.718588699380047,28,49,0,0
1459,0,4,2126.519286892118,2.442636032398096,39,52,0,0
1460,0,3,1589.8865273065037,1.0826199854440066,28,42,0,0
1461,0,2,2191.506741916918,4.909341862850122,11,17,0,0
1462,0,3,1632.370665351555,1.7038821289822315,30,43,0,0
1463,0,2,2236.068233156836,3.333560097980148,10,22,0,0
1464,0,1,2704.569648984981,1.8344911185974058,0,6,0,0
1465,0,4,3204.602846171359,3.923750947827256,52,65,0,0
1466,0,2,2691.5905556526773,2.4458333052556847,7,31,0,0
1467,0,3,2060.984004547216,2.5470608094208833,32,49,0,0
1468,0,6,2027.9583072153823,5.832267347575698,69,82,0,0
1469,0,4,3507.7722635749906,3.2458428350334154,35,55,0,0
1470,0,2,2163.8172795407545,2.635651954784149,10,23,0,0
1471,0,1,3565.5317045420097,3.017231220269107,0,6,0,0
1472,0,1,2414.7375550717247,1.652959990702409,0,3,0,0
1473,0,1,1819.7063626855556,1.6626844535558676,0,4,0,0
1474,0,2,2780.60947679745,2.0121014240084723,21,28,0,0
1475,0,2,1890.295758845944,1.196933808739752,19,27,0,0
1476,0,1,3798.5624760034434,3.9841402500567376,0,24,0,0
1477,0,3,4666.9320819257055,9.388798669898588,32,55,0,0
1478,0,3,2825.6749728356303,2.1030945052007026,13,30,0,0
1479,0,3,1269.2118695897775,1.431409175815232,25,39,0,0
1480,0,1,1794.5004569605703,1.7636078896758716,0,15,0,0
1481,0,6,2230.754325324629,3.956102313431831,54,57,0,0
1482,0,1,3565.9535689854456,3.403494222075169,0,21,0,0
1483,0,2,2305.474799438529,1.9854447349843651,19,29,0,0
1484,0,5,1817.652489832044,1.8370162265117358,45,56,0,0
1485,0,2,1272.9929243984034,3.309849735264479,19,39,0,0
1486,0,4,2022.2673746344965,3.1236507310906205,27,41,0,0
1487,0,3,1863.9053925116923,2.6018906500153043,28,45,0,0
1488,0,1,1388.7075532402548,1.063000132426483,0,18,0,0
1489,0,2,2025.7006064789296,3.251337530767853,10,19,0,0
1490,0,4,1410.6515743027544,1.4638698333026814,50,66,0,0
1491,0,2,3093.976609851704,4.208809319966358,4,23,0,0
1492,0,2,1264.5813820940557,2.483293517427731,20,24,0,0
1493,0,4,1699.219463576779,2.10348590640398,31,53,0,0
1494,0,2,1856.108614175365,3.998407429735136,13,19,0,0
1495,0,1,2398.218822969184,2.9654394646005633,0,5,0,0
1496,0,4,2389.631740104865,3.902052837131026,52,71,0,0
1497,0,5,2216.594928369512,2.4039943713915117,77,96,0,0
1498,0,4,3474.3517675713924,5.581761357564715,44,64,0,0
1499,0,2,1466.9986797428242,1.113400843897019,19,30,0,0
1500,0,5,1501.902741515324,1.5349877984045004,56,68,0,0
1501,0,1,1313.1428869300976,1.0,0,21,0,0
1502,0,3,3552.8041431805505,3.393159617787202,21,37,0,0
1503,0,1,1451.7216429876096,1.9108649829670366,0,18,0,0
1504,0,2,1454.9856783695743,1.1820903386113095,17,26,0,0
1505,0,4,4496.672570567693,4.959398309279566,60,75,0,0
1506,0,2,1310.546667333796,1.0476670559173957,6,24,0,0
1507,0,3,3195.466732003725,2.5828942242630566,32,45,0,0
1508,0,3,1730.033579151999,4.298041664867556,30,41,0,0
1509,0,3,2428.980709137812,2.2680856049954814,23,39,0,0
1510,0,4,2000.9054735245504,1.7716197154297066,46,49,0,0
1511,0,1,3881.7372164063754,5.332891346227026,0,13,0,0
1512,0,3,2810.479765750218,2.1050876958041718,32,56,0,0
1513,0,6,2103.6369262364574,4.507315059079413,64,73,0,0
1514,0,2,3023.431408939354,3.021946502708495,14,34,0,0
1515,0,5,2693.971584745424,3.1478931015609937,64,81,0,0
1516,0,5,2280.810172250405,3.111472870606999,57,68,0,0
1517,0,4,1872.2465322520093,2.892324656154399,48,64,0,0
1518,0,7,3410.988226058805,5.455088763359661,71,89,0,0
1519,0,6,3069.047848142397,3.6890018776735776,43,60,0,0
1520,0,2,1898.136803190691,1.4931767241777039,13,24,0,0
1521,0,2,1524.888417066784,2.3086894953062496,8,20,0,0
1522,0,2,3611.332428938322,2.8116223353936096,20,25,0,0
1523,0,2,2512.540067137559,1.6425844065120965,18,39,0,0
1524,0,1,1320.192539970586,1.2527918569136585,0,4,0,0
1525,0,4,1829.4225778473296,2.651731307632812,21,33,0,0
1526,0,2,2983.2623892929423,2.568970759930286,9,20,0,0
1527,0,2,1474.014481288068,2.3595831454386915,11,30,0,0
1528,0,4,1696.679227161959,2.5309349799598277,31,52,0,0
1529,0,3,2127.037317482913,2.814623773236035,15,36,0,0
1530,0,2,2513.5536927672683,2.948937266615478,6,29,0,0
1531,0,1,1890.871907254384,1.582784622963031,0,20,0,0
1532,0,4,2582.064484475524,4.034037046972775,28,38,0,0
1533,0,3,1736.6175102188197,2.14945546405873,26,31,0,0
1534,0,2,1363.2455259535404,1.995001791072732,22,26,0,0
1535,0,1,2599.908744339644,5.613804288821338,0,23,0,0
1536,0,2,2480.3376398408245,1.8885567255558522,20,34,0,0
1537,0,1,3137.1714045084414,2.726375275958232,0,13,0,0
1538,0,2,1720.1763677270687,1.653982805582792,4,9,0,0
1539,0,2,2628.650906944505,2.152279740408177,19,35,0,0
1540,0,1,1087.794872442881,2.8760647115586333,0,11,0,0
1541,0,4,2030.541212595111,2.1189648894684767,57,67,0,0
1542,0,1,1601.6889787938735,1.5481382314500396,0,15,0,0
1543,0,6,1749.7855165639276,5.776351058584478,57,63,0,0
1544,0,3,1932.2742682344287,3.565168728987044,34,40,0,0
1545,0,3,3422.1310940617136,4.9204953099104864,42,50,0,0
1546,0,1,3233.9931120102096,4.051046547358381,0,6,0,0
1547,0,2,2690.7559781367377,2.3216541488197717,19,29,0,0
1548,0,1,2262.203960316682,2.759604469499698,0,20,0,0
1549,0,3,1555.0467378772876,3.5235158914136746,22,29,0,0
1550,0,1,2147.6990504555947,2.629173350474703,0,19,0,0
1551,0,3,1426.9508564760797,1.2357345154237445,14,22,0,0
1552,0,1,2818.8530966478856,3.064941633148977,0,9,0,0
1553,0,1,1574.0665638825442,1.0,0,19,0,0
1554,0,2,2697.989500859715,2.4405159734849216,23,35,0,0
1555,0,2,3179.281130040556,4.443053157588865,20,34,0,0
1556,0,2,865.885177276909,1.821683222605903,12,16,0,0
1557,0,2,1913.920106939574,2.9494748293554376,19,33,0,0
1558,0,1,4450.848975506317,5.299662680412332,0,6,0,0
1559,0,3,2620.519509095276,4.037165146954293,30,35,0,0
1560,0,1,2657.749055261601,2.9161468662087846,0,8,0,0
1561,0,2,1602.465665519456,2.0811085017720323,5,10,0,0
1562,0,3,3909.663623997499,3.938333037800751,28,46,0,0
1563,0,3,3233.18871975109,3.7588965182284357,28,50,0,0
1564,0,1,4894.959618647355,3.8221131049659816,0,9,0,0
1565,0,4,3099.243863415778,3.2902534209668857,36,60,0,0
1566,0,2,2068.4081254363805,1.7045516912151604,12,26,0,0
1567,0,4,2452.151741595557,1.869937756541146,28,47,0,0
1568,0,4,1613.2597824311883,2.4955956093761373,31,39,0,0
1569,0,3,1274.8814715483115,1.4257605397425661,35,41,0,0
1570,0,5,2959.865855062036,2.939388005172811,30,34,0,0
1571,0,1,2273.0132195535416,1.482248437946194,0,11,0,0
1572,0,1,2145.361386906809,4.010099171205674,0,19,0,0
1573,0,5,2197.17718103474,3.0377954134739857,61,78,0,0
1574,0,2,1614.84825217168,1.1895586341397075,23,40,0,0
1575,0,2,2346.015232310882,3.5078071078577016,15,39,0,0
1576,0,5,4383.151496040375,4.284120474553692,38,46,0,0
1577,0,2,3356.2371956079637,4.788129206073811,4,14,0,0
1578,0,4,3844.3206443455615,3.905216035996234,45,69,0,0
1579,0,2,1241.3434380716155,1.5296947509593273,10,33,0,0
1580,0,1,2520.1304704020977,2.6878710935016064,0,10,0,0
1581,0,2,1349.4101570461196,1.5486793344325454,15,39,0,0
1582,0,2,2284.731380420641,1.3682912097093136,4,21,0,0
1583,0,2,1553.319857714686,2.4120827112337935,7,27,0,0
1584,0,2,1959.6168665656069,1.6769681779187504,19,24,0,0
1585,0,2,1879.919578818685,1.8652451058593944,6,19,0,0
1586,0,1,1686.7089016060315,1.0,0,4,0,0
1587,0,1,603.7811362411228,1.0,0,18,0,0
1588,0,2,1228.140420487034,1.258104684696666,19,41,0,0
1589,0,2,1282.9034232879476,2.7192158890343485,11,23,0,0
1590,0,5,4117.86010375411,5.607061884466861,66,81,0,0
1591,0,2,2169.6302322012066,2.3972725819899683,5,14,0,0
1592,0,2,4050.1819363553022,5.379345228800212,9,16,0,0
1593,0,4,2789.127910269095,2.876585339431335,38,42,0,0
1594,0,1,4642.186065016602,1.0,0,16,0,0
1595,0,3,2578.430891819772,4.809774172135881,25,49,0,0
1596,0,2,2425.9592392643885,1.690537164068356,16,28,0,0
1597,0,1,5947.189241035405,5.5453059568391865,0,13,0,0
1598,0,1,1241.975283002004,1.6127511527149285,0,7,0,0
1599,0,3,4577.16154239749,3.683925049899077,24,31,0,0
1600,0,4,2714.462007403184,1.5748501728636166,37,47,0,0
1601,0,3,2391.919616116269,1.831834106920011,11,34,0,0
1602,0,1,1994.728394003232,1.0,0,14,0,0
1603,0,3,3458.733760566663,4.731170576169648,26,44,0,0
1604,0,2,1456.2627268599788,1.7363361634622718,21,28,0,0
1605,0,2,3033.813830673754,2.598612157958094,8,12,0,0
1606,0,1,5113.203299565468,3.9100449636167474,0,10,0,0
1607,0,2,1238.169498209535,1.0148315787844755,8,23,0,0
1608,0,1,1370.7039796539334,1.470758679532124,0,6,0,0
1609,0,2,1865.3234225422968,1.7344405622363046,15,27,0,0
1610,0,4,1256.5492955847149,2.6141079267367093,54,63,0,0
1611,0,2,1646.4808854152516,1.4727363581212338,10,19,0,0
1612,0,1,3705.106277631641,7.991191373922013,0,7,0,0
1613,0,2,1410.4888182467116,1.8173098922877848,23,26,0,0
1614,0,3,2380.69574445347,2.433294780733001,29,48,0,0
1615,0,2,1424.443143191005,1.0947763682469602,21,31,0,0
1616,0,4,1935.8074639312604,2.690337782685957,34,55,0,0
1617,0,4,2893.1313132415635,5.864357616058746,46,60,0,0
1618,0,3,1394.7446946290631,2.5066156847795837,12,36,0,0
1619,0,1,2093.3561052547566,1.8195984417383435,0,13,0,0
1620,0,2,1789.8723585744688,2.0872396775900413,7,20,0,0
1621,0,1,3198.171731689501,3.6329874142084075,0,21,0,0
1622,0,5,2606.81014232375,3.3642046265856287,44,56,0,0
1623,0,5,2116.314004587884,2.300538189285661,72,76,0,0
1624,0,3,2677.9364887273346,2.3916157948351597,31,46,0,0
1625,0,2,1444.5655039078993,1.0637473613966808,18,23,0,0
1626,0,3,2888.943572664692,1.971905494625718,11,26,0,0
1627,0,2,2278.9263016384534,1.9592322151996375,17,20,0,0
1628,0,5,1999.661534973246,2.480547006434881,47,67,0,0
1629,0,1,2631.8787331919025,3.306980420424993,0,12,0,0
1630,0,6,1752.4548558702922,1.7955317033217162,81,105,0,0
1631,0,4,2938.327463124403,3.193626367277447,28,34,0,0
1632,0,2,2085.8907290830093,4.494902157611171,7,20,0,0
1633,0,3,3877.13600704213,8.30715546958493,33,45,0,0
1634,0,3,1592.5590648874386,3.1202010102859967,19,31,0,0
1635,0,5,3070.536880665001,4.2393860593081865,51,67,0,0
1636,0,4,2261.576552244444,9.86528460468195,35,49,0,0
1637,0,6,5462.809200452246,9.938653004619558,69,91,0,0
1638,0,3,1512.373326935519,3.632663954004842,25,32,0,0
1639,0,4,2506.7069716964725,2.9305944328702784,58,61,0,0
1640,0,2,1987.357028747147,3.2077248892517787,21,35,0,0
1641,0,2,2278.604553899268,1.1357846195735022,19,27,0,0
1642,0,4,1605.940538905371,2.6243660570478347,40,46,0,0
1643,0,1,1190.9552471078446,1.5722290089184874,0,12,0,0
1644,0,1,2230.648566183004,1.4659381693776534,0,3,0,0
1645,0,2,5696.49459740363,8.552986636490937,18,36,0,0
1646,0,3,1320.3600782703631,1.4473673886416227,21,35,0,0
1647,0,1,1986.5924603420829,1.848095131975683,0,8,0,0
1648,0,1,437.2614865484726,1.0,0,23,0,0
1649,0,3,1522.0084191763874,2.0874134202260026,10,16,0,0
1650,0,2,1626.7719868221925,2.4642817313137018,16,28,0,0
1651,0,2,2488.5311999871424,6.507402731109529,10,34,0,0
1652,0,1,1531.2498890260172,1.6096284055538186,0,7,0,0
1653,0,4,2114.523865948711,2.306289931112579,49,73,0,0
1654,0,1,2237.015910904376,2.8717020333702417,0,5,0,0
1655,0,5,4489.823910633946,13.389679420197023,56,70,0,0
1656,0,4,2905.0463269677493,3.3158950188745897,39,57,0,0
1657,0,3,2622.3674227363767,4.1079113246158725,42,51,0,0
1658,0,2,2352.543649070877,2.1381531927889945,4,24,0,0
1659,0,2,2451.66700974185,1.0865972487717566,11,25,0,0
1660,0,3,4199.992744940983,2.0079132622495375,16,30,0,0
1661,0,1,2427.056388316072,1.4859696914100051,0,3,0,0
1662,0,4,1650.8132543616664,3.24907376005833,41,60,0,0
1663,0,1,2322.462781148121,3.9908874646647114,0,11,0,0
1664,0,1,3064.3108299419955,3.2626064814367686,0,6,0,0
1665,0,2,3688.245912759493,5.362007202521299,13,30,0,0
1666,0,3,3843.0709479641146,3.3733598957720745,31,49,0,0
1667,0,1,2090.155945892241,1.569282562766699,0,10,0,0
1668,0,1,5138.5196003037645,3.161812355776914,0,15,0,0
1669,0,3,2450.764394064588,3.4975590731971127,35,41,0,0
1670,0,1,2234.095739304524,1.0,0,10,0,0
1671,0,3,2878.450270282218,2.622032913230339,15,32,0,0
1672,0,4,2587.352242992715,4.04948790312345,43,57,0,0
1673,0,2,1726.5207722323098,3.4282042738271366,23,40,0,0
1674,0,1,2731.9923226760407,2.881381120993653,0,21,0,0
1675,0,5,1858.189372539623,3.13779394255914,62,78,0,0
1676,0,3,1488.4978861495845,1.015963872484827,33,55,0,0
1677,0,1,2753.2019896242127,1.0,0,24,0,0
1678,0,1,1805.455626173604,2.183070976603851,0,3,0,0
1679,0,3,3004.816561406553,3.021985160610055,36,42,0,0
1680,0,2,1744.010232474565,3.7033571437700687,16,21,0,0
1681,0,1,3247.733448480426,4.964275390487823,0,12,0,0
1682,0,3,1737.720014027546,1.5212453867287017,37,61,0,0
1683,0,2,1800.47278377793,1.2489536345613355,3,17,0,0
1684,0,8,4725.723693544362,7.47234438865273,95,100,0,0
1685,0,2,1449.382752269246,1.7351365751123233,22,26,0,0
1686,0,5,3818.998579298457,5.018585756499252,49,68,0,0
1687,0,3,1814.7367836489111,2.4365289423052277,37,46,0,0
1688,0,1,1790.5977002916718,3.1135949762036557,0,13,0,0
1689,0,2,1989.013878217006,2.237878235752141,13,18,0,0
1690,0,1,3457.925890936916,1.3498657169792914,0,23,0,0
1691,0,1,3018.3959278819075,5.707399825026153,0,24,0,0
1692,0,3,2013.806236445634,4.090892087345709,28,42,0,0
1693,0,6,2494.5725153864487,2.3367103107139338,75,94,0,0
1694,0,3,1584.0698619237444,2.822787101823166,12,24,0,0
1695,0,3,2043.8042363131003,3.8872249654164173,17,38,0,0
1696,0,2,2045.0003287014088,3.60177925690584,9,17,0,0
1697,0,2,1444.355892223185,3.382006285978459,5,11,0,0
1698,0,1,762.6720159364986,1.0,0,14,0,0
1699,0,1,2298.283432325087,1.0,0,6,0,0
1700,0,3,2030.6559745814732,2.509948575409832,21,45,0,0
1701,0,1,1779.4376093230826,1.9350448970733092,0,5,0,0
1702,0,2,1611.8782563828672,1.0612304895848728,18,26,0,0
1703,0,4,2660.230721651775,2.303335071390301,45,58,0,0
1704,0,1,1794.8271317530362,1.1796662367207609,0,11,0,0
1705,0,3,2417.61267451007,2.475672968612169,7,18,0,0
1706,0,2,2687.296787028977,4.005488315835955,15,23,0,0
1707,0,1,1327.0657364143003,1.743014490878264,0,13,0,0
1708,0,3,2408.7296361333174,2.2487104667515774,38,61,0,0
1709,0,6,1322.0071972866765,2.4949820073545177,73,84,0,0
1710,0,1,1114.234563685625,1.0,0,13,0,0
1711,0,2,1368.716533716303,2.02105672638719,23,39,0,0
1712,0,2,1541.4918366751783,2.0954607253538233,10,19,0,0
1713,0,2,1397.2348270481157,1.798442743185892,24,27,0,0
1714,0,3,2767.8704731544203,3.925700314291588,23,26,0,0
1715,0,6,2349.034426483494,2.138624033611418,54,68,0,0
1716,0,2,3346.35542545034,3.372117859518296,23,42,0,0
1717,0,1,1131.5283532653154,1.8000405121204286,0,19,0,0
1718,0,1,4980.242279074524,2.6093612258583385,0,7,0,0
1719,0,3,1657.2728729783903,1.2871958471502256,32,54,0,0
1720,0,3,2737.430036465515,4.263591539834279,32,41,0,0
1721,0,1,1279.067688285443,1.0,0,22,0,0
1722,0,2,6641.963800780709,6.305982317270334,14,35,0,0
1723,0,2,5483.898003650445,5.9129396949897535,4,26,0,0
1724,0,4,1080.8679515115127,1.637749287276791,38,53,0,0
1725,0,1,2283.591489920691,2.958910146341442,0,14,0,0
1726,0,2,1591.7435965531326,3.0686211348996166,14,38,0,0
1727,0,4,2708.123575782866,3.026762631267926,56,65,0,0
1728,0,4,2292.2025267882127,4.705561976742214,31,44,0,0
1729,0,1,3479.2433256674262,2.2525089955318864,0,5,0,0
1730,0,2,2002.5469989436035,2.127333331076615,4,27,0,0
1731,0,3,2331.632768071805,2.293728612216231,24,27,0,0
1732,0,3,2017.7841399225724,1.8711397319411662,22,31,0,0
1733,0,4,2641.436514283011,3.5474091301499544,37,46,0,0
1734,0,3,1043.2160655565776,1.689550939881325,19,28,0,0
1735,0,1,3061.718424519574,2.901152602627417,0,15,0,0
1736,0,4,2651.878408283349,5.203252466712426,51,71,0,0
1737,0,1,2061.559453130364,1.1427599414372491,0,11,0,0
1738,0,1,2519.3872449591327,1.8314576049440285,0,6,0,0
1739,0,1,2054.053501368903,1.0,0,24,0,0
1740,0,1,1700.665624523065,3.64886860521942,0,7,0,0
1741,0,2,1797.0508726218875,2.5591371902492197,14,28,0,0
1742,0,4,2922.519599046543,2.944272639183082,50,60,0,0
1743,0,2,2668.3601058318977,1.0774376001447252,17,21,0,0
1744,0,1,3150.8389830556216,1.7155929037255373,0,5,0,0
1745,0,2,3538.524851219966,2.858322253201292,19,28,0,0
1746,0,3,2228.840580117611,1.6331794900091,25,29,0,0
1747,0,5,2131.9355677154645,3.0965909414016237,57,70,0,0
1748,0,1,2330.0561537689077,1.0,0,9,0,0
1749,0,1,861.4437660875476,1.126990327727163,0,11,0,0
1750,0,6,2159.1624789377,6.2996559823288845,60,84,0,0
1751,0,4,2728.4835579612427,3.782495250662098,15,33,0,0
1752,0,1,1564.3432467152911,3.468432123235174,0,5,0,0
1753,0,3,1790.1038187565523,2.3453011684487346,28,51,0,0
1754,0,2,1419.0411783543293,2.2079782718075784,4,16,0,0
1755,0,2,1827.1702930684885,2.0556904396078575,16,25,0,0
1756,0,1,1294.56053908657,1.4521222660261248,0,15,0,0
1757,0,1,3130.0580595391643,4.867026718719703,0,24,0,0
1758,0,2,2510.1156973410043,3.5692460042293073,21,37,0,0
1759,0,3,4168.432684927383,3.5534444355992965,11,30,0,0
1760,0,2,2286.90245188449,1.803356096850493,23,39,0,0
1761,0,2,972.4889245509275,1.0420531290138422,24,47,0,0
1762,0,2,2555.4166667668437,3.188597936741078,4,16,0,0
1763,0,2,1448.301883337188,2.1873630262978625,20,34,0,0
1764,0,1,2726.173400188689,2.14375261954197,0,10,0,0
1765,0,1,2087.423491430406,2.1631859740593553,0,17,0,0
1766,0,8,3355.0097234242194,7.73159015764857,130,149,0,0
1767,0,2,2133.1524185464423,1.859121929244487,16,39,0,0
1768,0,1,1133.789430757787,1.5619400616085957,0,11,0,0
1769,0,3,1184.8618908374292,1.2835594492439237,35,49,0,0
1770,0,3,4472.622217229242,4.4123359420851065,21,35,0,0
1771,0,1,2047.6310762666085,2.3454290029531584,0,20,0,0
1772,0,6,2910.84184352822,5.930553354928865,70,93,0,0
1773,0,2,1393.1426075486463,2.902792203435853,16,24,0,0
1774,0,2,3153.5228176548544,1.6145808633505592,23,34,0,0
1775,0,3,2391.6437229192047,3.0295481243164493,13,29,0,0
1776,0,7,3423.082950749355,2.836253084594584,102,105,0,0
1777,0,3,1939.415329154344,2.0951957508913748,18,38,0,0
1778,0,1,2437.899884864648,1.9984688954095842,0,20,0,0
1779,0,2,1828.957246059754,3.066986415184285,8,18,0,0
1780,0,3,2915.353280757457,2.7116806766890544,30,52,0,0
1781,0,3,1683.386116550202,1.7604679835517614,28,38,0,0
1782,0,1,2624.163999798392,4.010083992197344,0,4,0,0
1783,0,2,3220.5563455661154,2.1824634571971084,12,34,0,0
1784,0,5,2525.3789946001534,3.714123172005944,48,52,0,0
1785,0,4,1593.1427982337814,2.479788772645536,46,51,0,0
1786,0,2,2392.013139930757,3.143475545452971,17,33,0,0
1787,0,2,1569.5955784870266,1.0191073559112847,14,27,0,0
1788,0,1,1929.557588973498,3.3545275756308057,0,4,0,0
1789,0,2,2966.7811615220007,3.4667463445131013,4,21,0,0
1790,0,1,736.698307773065,2.346018586440582,0,13,0,0
1791,0,3,1474.3448993540835,2.0286182824887837,24,47,0,0
1792,0,3,6721.02910269197,4.515444169601147,24,27,0,0
1793,0,5,3751.965339861,3.4621028965092178,40,62,0,0
1794,0,1,1608.4878942586363,2.0198436126089314,0,11,0,0
1795,0,1,3930.4201829263534,5.387818051793394,0,8,0,0
1796,0,1,1363.7642987929032,1.0473327990784431,0,18,0,0
1797,0,1,702.4597698061782,1.0,0,21,0,0
1798,0,1,2428.0500553744387,2.2455955334851763,0,16,0,0
1799,0,5,2945.360581764321,8.226417767953915,75,98,0,0
1800,0,2,1794.0670387560124,1.1151219514752406,17,21,0,0
1801,0,2,1857.2305247696124,3.2349622253589927,23,36,0,0
1802,0,5,2627.251117533682,6.61648069516933,31,55,0,0
1803,0,1,1828.455329060069,2.225516685982112,0,8,0,0
1804,0,3,1907.2404398544527,1.2663180143352977,47,54,0,0
1805,0,3,2536.707067181859,3.587437883603041,24,39,0,0
1806,0,5,4089.2366020668105,7.042279057048937,51,71,0,0
1807,0,1,1964.335626812934,1.9875373643909697,0,4,0,0
1808,0,4,5353.236473318735,5.522716283256622,43,66,0,0
1809,0,3,862.7538417639369,1.55461454436392,20,37,0,0
1810,0,1,1965.5724078267876,2.1088189476533272,0,10,0,0
1811,0,4,4366.869647801942,8.996731087382397,40,57,0,0
1812,0,2,2958.247194408244,9.33096805822465,14,36,0,0
1813,0,2,1392.3852628610266,1.3221603976367247,4,18,0,0
1814,0,6,1307.0980567287666,2.9256511117976007,57,74,0,0
1815,0,3,1487.6787738568191,1.2289343044465733,21,40,0,0
1816,0,3,1356.9126424738083,2.3619848754142043,16,37,0,0
1817,0,2,1504.715185490478,1.5364393925941306,10,19,0,0
1818,0,5,2877.585617131591,2.893288526339342,42,64,0,0
1819,0,1,2063.437803229004,1.0,0,15,0,0
1820,0,2,1667.6580808228086,2.006698302932234,9,26,0,0
1821,0,1,2405.785193588685,4.392968864343918,0,16,0,0
1822,0,3,1047.312008577468,1.7774685623607134,31,45,0,0
1823,0,3,1758.0321548306783,2.083507009007759,25,42,0,0
1824,0,3,1299.16671828844,1.9276352467036006,33,47,0,0
1825,0,1,1737.001832832519,1.0,0,24,0,0
1826,0,1,1867.8280094333984,1.0,0,10,0,0
1827,0,3,1922.3148909035012,3.640995641252327,41,65,0,0
1828,0,1,3518.6533591409407,4.426956114852584,0,10,0,0
1829,0,1,874.3502159501547,3.6901337127305833,0,21,0,0
1830,0,4,4445.647220675091,6.132268500021155,49,70,0,0
1831,0,2,4596.529799076376,4.015056444992075,15,36,0,0
1832,0,3,2090.3936469233267,1.6197994414969183,32,50,0,0
1833,0,2,2022.425223455772,5.77383090316768,8,24,0,0
1834,0,4,4597.745271260708,7.975718564412221,46,52,0,0
1835,0,1,1522.9174825609966,3.5387482673664206,0,8,0,0
1836,0,1,2051.023003084654,1.5276423047779737,0,4,0,0
1837,0,4,5131.061327331447,4.181371238162997,45,50,0,0
1838,0,2,2104.121295862655,2.7324192169228554,17,29,0,0
1839,0,2,1484.11967912541,1.4705791135535518,8,28,0,0
1840,0,1,480.42138335359226,1.0,0,23,0,0
1841,0,2,4916.595479817867,6.5287828087139355,17,22,0,0
1842,0,2,3489.519556291703,1.8652897019841983,10,26,0,0
1843,0,4,2045.4651917238327,1.5452416529538728,28,33,0,0
1844,0,4,2304.899698219839,5.028591015101241,47,57,0,0
1845,0,2,3390.194091004727,5.480600993025005,16,28,0,0
1846,0,2,1762.5430524484682,3.6127950884729505,8,23,0,0
1847,0,2,1511.9470447268868,1.182165094038403,8,23,0,0
1848,0,1,2309.6715448518653,2.6113578375805124,0,16,0,0
1849,0,1,2269.905714135533,5.56903091689681,0,15,0,0
1850,0,7,2156.8744642417832,2.3155801984263955,81,105,0,0
1851,0,5,1802.6560935642608,2.282930567569709,38,41,0,0
1852,0,4,2436.3710436246424,3.845643853523541,69,89,0,0
1853,0,2,3836.3289166722025,1.8271276951557658,14,34,0,0
1854,0,2,1266.4382915977635,1.259246669048918,5,23,0,0
1855,0,2,2219.6617290033123,2.8210282326442067,6,30,0,0
1856,0,1,2261.583714875863,1.5036654381179442,0,12,0,0
1857,0,2,2788.509252741841,3.5561993523192768,14,21,0,0
1858,0,1,2819.201595731734,4.219446161715781,0,6,0,0
1859,0,5,2346.414675857168,5.013579012022843,69,80,0,0
1860,0,6,1910.0764989578145,4.1276392533497965,63,86,0,0
1861,0,3,2310.339143797781,2.3456446589291287,35,44,0,0
1862,0,5,2780.901255850963,2.653743752514689,45,65,0,0
1863,0,5,1940.8540121034116,2.2777878369959446,36,58,0,0
1864,0,3,2123.318740935807,2.6376797410807966,12,28,0,0
1865,0,5,3728.3281718958815,4.39383922858798,50,59,0,0
1866,0,2,1875.591777226549,4.431744830832822,19,38,0,0
1867,0,2,3757.803350783163,7.932842336643227,11,30,0,0
1868,0,2,3244.7417570202792,4.506610185694514,19,26,0,0
1869,0,4,2735.027670364704,4.085552551129462,47,69,0,0
1870,0,1,2266.145499407752,1.9680203395296871,0,4,0,0
1871,0,2,2614.5292221087216,3.1845648721932096,11,29,0,0
1872,0,3,4823.277962532455,7.290240981208935,26,39,0,0
1873,0,4,1767.6786951900688,2.8330052946607185,19,30,0,0
1874,0,1,1337.4138039115835,1.2114755796987375,0,17,0,0
1875,0,2,2127.3327352627334,2.365007656121022,15,33,0,0
1876,0,2,3249.873373385046,4.519575043030333,5,27,0,0
1877,0,4,1213.350294482435,1.7859415432756032,36,49,0,0
1878,0,2,2132.6158489609184,2.9201011241499484,16,23,0,0
1879,0,1,1419.3268298190249,2.0253873779550333,0,11,0,0
1880,0,1,7145.954582131873,4.998099978308595,0,8,0,0
1881,0,4,1755.6641256139503,2.484563248246536,18,37,0,0
1882,0,2,2371.726509966008,4.107680775489247,12,21,0,0
1883,0,1,2077.9529777670846,2.7837035178178113,0,19,0,0
1884,0,2,1634.672593782199,1.703115371235706,15,32,0,0
1885,0,8,3865.861729838063,4.820822313462193,80,90,0,0
1886,0,1,1885.0394232104093,2.048358890293232,0,11,0,0
1887,0,1,3487.8887031860418,7.682823464235301,0,19,0,0
1888,0,3,2142.508231567931,3.793912290002555,24,39,0,0
1889,0,1,2245.06282845802,1.365211018626829,0,6,0,0
1890,0,5,1988.0554407790653,6.8049061058052684,49,62,0,0
1891,0,2,3817.5819648348033,2.9446163408506396,15,30,0,0
1892,0,2,1801.366067060613,1.770854254823969,10,18,0,0
1893,0,5,2592.6870898910424,2.8071237551340604,70,90,0,0
1894,0,1,926.3316847589964,1.3333644990123297,0,16,0,0
1895,0,3,1933.4175648488747,1.4492754302678448,33,46,0,0
1896,0,2,5089.910466123135,11.066128123830506,18,32,0,0
1897,0,2,1036.0432528799442,1.3148935891853661,9,24,0,0
1898,0,2,1737.1285721706429,1.5454792508497843,23,31,0,0
1899,0,3,2368.206163449649,4.973686609018354,16,38,0,0
1900,0,3,3174.2797248643983,3.0121941581672607,46,52,0,0
1901,0,3,2198.793564628037,2.5480734626659025,21,43,0,0
1902,0,1,2712.6120258664,2.802510778654725,0,5,0,0
1903,0,2,1973.756732359448,3.7367433312412994,4,28,0,0
1904,0,2,2493.368739461403,2.065775827878037,9,25,0,0
1905,0,1,2556.46116661743,5.79249374156572,0,4,0,0
1906,0,2,1932.5486140523387,2.6943159976225197,13,31,0,0
1907,0,1,413.05417080937775,1.0,0,23,0,0
1908,0,1,1638.7413508331167,1.1430523437379054,0,4,0,0
1909,0,3,1230.212177974871,2.1286977750638725,12,31,0,0
1910,0,4,1830.0097062238688,2.2580599972724844,53,59,0,0
1911,0,2,1258.5088654854096,1.9930315193263672,15,26,0,0
1912,0,5,4752.829608082207,3.3610397351196513,45,60,0,0
1913,0,2,1246.5724586531114,2.9970294694949766,5,21,0,0
1914,0,2,2996.7123914802214,3.2066375714464233,11,14,0,0
1915,0,3,1329.983986373445,1.9018567399720343,24,28,0,0
1916,0,1,2057.471034740013,2.3379981868532824,0,9,0,0
1917,0,1,1386.3769976180354,1.0,0,19,0,0
1918,0,2,2833.629980614232,6.38466766356484,16,39,0,0
1919,0,3,2000.0697648962584,1.9485287959292876,13,31,0,0
1920,0,2,1331.5511578793823,3.112196687999153,5,16,0,0
1921,0,1,1204.1576096695933,1.1926467904931464,0,5,0,0
1922,0,1,3483.932697720067,2.8127300813386693,0,4,0,0
1923,0,1,2809.391666678448,3.287208780210642,0,24,0,0
1924,0,1,2445.2301290728096,1.3328453400310294,0,4,0,0
1925,0,1,4119.736036331639,5.833840124438161,0,24,0,0
1926,0,5,1556.1250406468266,2.1166643247412638,50,61,0,0
1927,0,6,1985.432493621803,3.2802207651431146,79,89,0,0
1928,0,2,2835.255638341901,4.852020653669218,9,24,0,0
1929,0,3,1092.6290490528238,1.5451393873066999,17,28,0,0
1930,0,4,2946.486412311392,4.903187869604701,40,53,0,0
1931,0,1,1956.027692384492,1.0,0,3,0,0
1932,0,4,1876.521019184947,2.7169428248881577,43,52,0,0
1933,0,1,2027.4432805018416,1.0,0,3,0,0
1934,0,5,2119.857452041232,1.879556414490857,56,79,0,0
1935,0,1,986.5521131289684,1.0,0,13,0,0
1936,0,2,1681.0405430385122,2.4325786910496383,13,35,0,0
1937,0,2,1891.3154675295525,1.9350933434513742,4,20,0,0
1938,0,2,1700.3329430799542,1.8506049003867633,5,21,0,0
1939,0,2,1431.572887496372,1.928993438292126,17,29,0,0
1940,0,3,1920.544252425256,2.3931216522867924,27,33,0,0
1941,0,1,3929.665753342639,2.2173741168044003,0,7,0,0
1942,0,1,2246.365831788564,4.233362217528496,0,5,0,0
1943,0,1,2064.991193617451,1.691925187632283,0,15,0,0
1944,0,5,5053.0966095729855,4.008414555889452,50,67,0,0
1945,0,3,2726.127108826925,4.6498469650517515,33,52,0,0
1946,0,3,1924.6567580558851,1.7464512619871693,22,41,0,0
1947,0,3,1971.425421169972,2.159228588593862,12,33,0,0
1948,0,1,1637.511505196603,2.9051882414578687,0,12,0,0
1949,0,5,1998.4653541580244,2.816266374131352,70,73,0,0
1950,0,3,2413.8151964402023,1.7949793950377049,28,46,0,0
1951,0,2,1242.7497042899438,1.4652263628796343,23,44,0,0
1952,0,4,3034.7776458278126,2.3017100223153975,43,53,0,0
1953,0,3,2292.272316942584,2.3698645007744354,44,65,0,0
1954,0,1,2016.4954983558048,4.536857718825373,0,22,0,0
1955,0,2,993.2611777799468,1.3352947027113768,9,21,0,0
1956,0,5,2173.570878564728,1.6265187557687442,48,67,0,0
1957,0,4,1479.1887257880262,2.1712472616223923,64,84,0,0
1958,0,1,885.6890922038796,1.0,0,13,0,0
1959,0,1,1245.6067018705248,2.5891366391814756,0,12,0,0
1960,0,5,4862.984199515993,4.103025839812371,48,61,0,0
1961,0,2,2308.144036904152,4.125104697147276,17,39,0,0
1962,0,2,2745.62774123033,4.778141789038512,13,32,0,0
1963,0,1,1650.3261354420804,1.1158610153028583,0,17,0,0
1964,0,4,1946.410424802464,2.7936008336431195,42,50,0,0
1965,0,2,1894.726570803733,2.8594515626072483,16,34,0,0
1966,0,1,1731.2805404987553,2.3964731810295863,0,5,0,0
1967,0,2,2304.141115522742,1.8925262434408212,19,32,0,0
1968,0,3,2571.628972092851,3.013976148902784,17,31,0,0
1969,0,4,1247.4832406831356,1.8060574119180044,56,66,0,0
1970,0,1,847.908493898464,1.0,0,15,0,0
1971,0,3,2086.2248734697787,2.700988555260285,23,41,0,0
1972,0,2,1326.9186583574465,1.2163150537363674,13,30,0,0
1973,0,2,1548.5183536599434,1.0827291086494755,9,25,0,0
1974,0,4,1867.0177114977448,2.8113031415680374,26,45,0,0
1975,0,5,2591.403365407113,6.010186830120399,34,49,0,0
1976,0,3,2822.0944050657963,6.868128553833684,29,49,0,0
1977,0,3,2168.1042193241187,2.163966093223156,23,32,0,0
1978,0,2,2183.186854124513,3.065277060700825,21,30,0,0
1979,0,1,2359.0990491131083,2.8988559053609433,0,13,0,0
1980,0,2,2841.7282498356585,5.360659423480543,10,33,0,0
1981,0,3,1433.2912118388222,1.8676972433195353,20,24,0,0
1982,0,5,2481.7391867820115,5.1482071839712065,85,108,0,0
1983,0,2,2752.3688535127144,1.5224696723142956,19,24,0,0
1984,0,3,3777.657115686544,4.7466238329317525,10,23,0,0
1985,0,1,2055.652548764346,2.5238848873437636,0,24,0,0
1986,0,1,1174.3066900381582,1.7231980725278842,0,11,0,0
1987,0,9,2028.5266286670933,3.365631935947606,103,121,0,0
1988,0,1,1789.395012821064,1.8666202214350838,0,17,0,0
1989,0,1,1628.3959829134324,2.5460198686440845,0,19,0,0
1990,0,2,2560.2682375027007,3.309197009195054,17,33,0,0
1991,0,3,3118.584078921512,2.4235718108289857,43,62,0,0
1992,0,3,2737.9870086977053,1.55954970442376,32,39,0,0
1993,0,3,1166.29572491513,1.371509632329758,28,51,0,0
1994,0,1,2372.770129529383,3.4637295003530597,0,12,0,0
1995,0,1,1889.65104185234,4.241644649995196,0,10,0,0
1996,0,4,2430.1331974329405,4.38693600268405,24,41,0,0
1997,0,2,1693.1036670830088,2.0255371823227457,23,30,0,0
1998,0,2,1076.81272253884,1.6680283211940456,16,20,0,0
1999,0,1,1340.0932052563849,1.3673262471537218,0,11,0,0
2000,0,5,1420.4523407970976,5.023492243813903,55,60,0,0
2001,0,2,1823.884343760676,3.0886958370508473,18,29,0,0
2002,0,6,1875.891174800312,5.182525083801623,80,99,0,0
2003,0,1,1219.9620912970786,1.646654752997277,0,6,0,0
2004,0,1,1708.4400718914785,2.240379690440011,0,12,0,0
2005,0,3,2955.3097369051097,3.8634158742128992,13,32,0,0
2006,0,2,2063.210880337046,4.001560727413437,3,19,0,0
2007,0,1,1597.3214605059138,2.7797891404122956,0,11,0,0
2008,0,2,2750.549457949712,3.015264387617082,11,14,0,0
2009,0,4,3142.099651909612,3.8808387269769273,39,55,0,0
2010,0,3,2389.3879545483696,1.6916444485176918,30,36,0,0
2011,0,4,3706.820367134572,10.823021709675865,48,72,0,0
2012,0,1,2759.956007133748,4.334351907920403,0,16,0,0
2013,0,5,1989.2008548416763,4.265744577775344,66,79,0,0
2014,0,3,1795.1966202384483,1.3014118822172893,10,22,0,0
2015,0,4,1604.1378664273182,2.2876098080380625,40,54,0,0
2016,0,2,2759.0944571790783,4.988435590462487,23,38,0,0
2017,0,1,2090.985506612387,1.0,0,24,0,0
2018,0,4,3988.015878468482,5.703729193466911,33,36,0,0
2019,0,4,2826.9416718625303,2.5714542983391744,40,56,0,0
2020,0,1,1134.1267899914617,1.0,0,12,0,0
2021,0,1,2381.696211652482,1.0,0,14,0,0
2022,0,4,2977.5586661027014,3.9295080200405814,33,50,0,0
2023,0,1,2679.48525388322,1.495031942997701,0,8,0,0
2024,0,6,2524.3706745246864,3.6655638453142583,52,57,0,0
2025,0,1,2368.491405413182,1.0,0,23,0,0
2026,0,4,2556.351465837086,6.410842012366486,50,72,0,0
2027,0,1,1022.915612171086,3.227803753534428,0,20,0,0
2028,0,1,649.9282472451589,1.1769991459326565,0,14,0,0
2029,0,3,1576.3602170133283,1.5736667654786782,35,56,0,0
2030,0,1,1013.71039136063,1.0,0,20,0,0
2031,0,3,1456.9220464345194,1.4918055021183758,24,31,0,0
2032,0,3,1274.076912174159,1.7564704651383058,15,39,0,0
2033,0,3,1986.960268543849,1.68417685843786,26,29,0,0
2034,0,2,2391.9041299257533,3.665706922515167,22,33,0,0
2035,0,1,2357.4481754919143,1.0,0,23,0,0
2036,0,7,3690.241780958344,4.601113246528411,115,122,0,0
2037,0,1,3680.208697642097,5.402968718264743,0,18,0,0
2038,0,3,1762.65477676597,1.848581433951892,25,45,0,0
2039,0,1,1936.650489770471,2.3132214787729906,0,10,0,0
2040,0,3,2698.662259970078,3.2212526505988417,33,52,0,0
2041,0,2,1245.7916708576636,1.5557472910355425,23,34,0,0
2042,0,1,1672.0771117253607,1.406267313591663,0,8,0,0
2043,0,1,1431.7035787093423,2.7244241401435954,0,7,0,0
2044,0,2,1860.209521912094,2.450071792595286,10,20,0,0
2045,0,1,1564.8834953314529,2.1578080490034237,0,19,0,0
2046,0,3,2972.848952465048,2.2740008154914455,35,59,0,0
2047,0,2,3135.247299590748,4.110948695791678,22,34,0,0
2048,0,4,1264.6635293074469,2.2689822250619462,37,47,0,0
2049,0,3,1124.6922351788096,1.7440008164760545,45,49,0,0
2050,0,2,2293.7733822319665,2.541509150292066,20,41,0,0
2051,0,2,2008.7968593690891,3.1214198739128283,9,28,0,0
2052,0,3,3732.4470768608057,2.7498646964125153,32,37,0,0
2053,0,2,4423.514398097295,4.795026471902083,16,35,0,0
2054,0,7,2242.530384426904,3.889367693893043,72,75,0,0
2055,0,1,3620.51779951097,4.283423570139901,0,10,0,0
2056,0,1,2280.344149332825,1.2907382496574362,0,6,0,0
2057,0,2,1743.629632505292,3.2936908301454593,11,21,0,0
2058,0,4,2056.50149213935,3.434275439942164,45,68,0,0
2059,0,2,3067.048376077115,1.2125878656418685,21,41,0,0
2060,0,2,1412.9573718845809,1.1222110136579528,13,18,0,0
2061,0,1,3501.8599964722207,3.6271748715587497,0,15,0,0
2062,0,3,3101.343019953828,3.133576307318172,23,32,0,0
2063,0,6,2746.066653012644,2.938467150600935,82,103,0,0
2064,0,4,3199.2299989247385,5.26463102441013,67,87,0,0
2065,0,2,2335.654653980286,2.24387134358314,9,13,0,0
2066,0,4,3052.8799820148347,3.885843895981973,46,51,0,0
2067,0,2,3277.09533700588,4.653723266124608,12,26,0,0
2068,0,1,1947.2523821295908,1.592113089148338,0,22,0,0
2069,0,3,2008.3871328786972,1.8709376146530912,29,35,0,0
2070,0,2,2045.1325842447172,2.0818742887291166,14,37,0,0
2071,0,4,4949.358842147625,4.179753791634853,43,63,0,0
2072,0,5,1880.9570470955264,2.3956379721885983,56,73,0,0
2073,0,1,2532.134355158699,2.3740253803227924,0,20,0,0
2074,0,6,2506.6869961178763,1.8403153024881094,89,100,0,0
2075,0,1,2435.5335831623474,4.298111052693858,0,7,0,0
2076,0,7,6344.19860974845,8.007199669812282,65,87,0,0
2077,0,1,1077.076852390313,1.0,0,6,0,0
2078,0,3,2228.300258580937,1.9334191482409795,27,31,0,0
2079,0,3,2120.215184235949,3.983547742076056,24,27,0,0
2080,0,3,2319.177193690151,2.2415961840760072,17,25,0,0
2081,0,1,1633.5203172046924,1.0276993653281652,0,15,0,0
2082,0,1,2161.603280298948,4.804887267476121,0,14,0,0
2083,0,1,3177.734548408097,4.763107694740662,0,18,0,0
2084,0,2,1363.4491148572947,3.518877578974736,23,46,0,0
2085,0,1,1844.269668311634,2.4003275058607474,0,19,0,0
2086,0,1,3045.2591518179597,4.665117255431382,0,11,0,0
2087,0,3,2494.8861059214373,2.287233681400413,41,48,0,0
2088,0,1,3562.5505788757014,4.808930942282772,0,7,0,0
2089,0,2,4257.063020991423,4.738995721460599,3,6,0,0
2090,0,5,2371.6781260169523,2.5487816851587572,66,83,0,0
2091,0,3,1519.3927091154828,2.1344570641909235,42,54,0,0
2092,0,4,5168.098161153055,4.2858245879164825,47,54,0,0
2093,0,1,1372.043377446996,1.771653046630943,0,7,0,0
2094,0,3,2439.3258211713514,7.222350344057366,19,27,0,0
2095,0,5,5568.27362077441,4.529109628561782,32,42,0,0
2096,0,4,1998.114378645445,3.0457614468612473,33,45,0,0
2097,0,1,1553.8575190563718,2.4933477749634876,0,6,0,0
2098,0,3,2244.1168760367173,1.4746719378656101,28,32,0,0
2099,0,3,4131.606304175787,5.18880033500932,34,56,0,0
2100,0,5,3032.716259798006,4.417997725103183,39,62,0,0
2101,0,3,1355.9787730321157,1.441798054484539,39,55,0,0
2102,0,4,3060.1680391431114,5.595601251887376,36,60,0,0
2103,0,1,1314.800646058016,1.1484778878182307,0,8,0,0
2104,0,8,3245.962927117981,3.9911262220674004,90,113,0,0
2105,0,1,3391.277614542744,3.033002889803888,0,17,0,0
2106,0,2,2667.6672959692323,3.411300456685888,10,16,0,0
2107,0,1,3403.569915488918,3.250205260762536,0,15,0,0
2108,0,3,4029.247482576633,4.920329718805142,29,41,0,0
2109,0,1,1190.8314042554634,1.1321519061269596,0,14,0,0
2110,0,1,3358.205824076687,3.6587867431224597,0,21,0,0
2111,0,3,2044.0057716101328,2.229458915176934,38,45,0,0
2112,0,2,1536.535780503651,2.832497938620519,7,25,0,0
2113,0,5,2378.5732373730752,4.303721021933063,63,67,0,0
2114,0,2,1611.6183701928237,2.250540874343133,10,18,0,0
2115,0,2,2617.8379561042675,5.384194650299636,4,7,0,0
2116,0,3,2143.409820674656,4.386995052045119,25,28,0,0
2117,0,1,784.2737952954302,1.0,0,4,0,0
2118,0,5,2091.7211593911097,3.0309006520588673,61,77,0,0
2119,0,2,2708.38401241558,3.657054433001717,23,40,0,0
2120,0,2,2624.7048650082243,4.804032735302601,6,11,0,0
2121,0,1,2544.7419928310464,2.719599425137074,0,14,0,0
2122,0,1,2213.9754508672386,3.0775487279592575,0,12,0,0
2123,0,2,2328.9317471072823,2.438190033455323,12,28,0,0
2124,0,1,2798.978170338123,1.704571761185274,0,15,0,0
2125,0,3,2354.2715979026752,2.464436461532218,22,46,0,0
2126,0,5,4034.789255260963,4.05403866017625,47,63,0,0
2127,0,2,2791.107652668404,2.1992434213103045,13,29,0,0
2128,0,1,4127.955683599781,4.605981113883859,0,9,0,0
2129,0,2,1466.844581785097,1.070402626696579,9,14,0,0
2130,0,3,2485.698180457766,2.891775696861237,38,52,0,0
2131,0,3,2545.457649164008,3.3828248533277274,27,43,0,0
2132,0,4,2742.905187271188,3.749051691252782,45,59,0,0
2133,0,4,1582.3074471295795,2.108209668988002,47,53,0,0
2134,0,1,2770.2107265453647,6.749903896620298,0,3,0,0
2135,0,4,5068.26996751616,9.598094371433186,40,58,0,0
2136,0,6,2162.2382901630986,1.7068139422884008,88,96,0,0
2137,0,1,2222.905402772177,2.898456311519167,0,6,0,0
2138,0,1,834.0794241588943,1.0273780042756062,0,12,0,0
2139,0,1,3757.255951750636,4.428651053874767,0,24,0,0
2140,0,2,1433.534245247682,1.5023817328748612,18,22,0,0
2141,0,1,1471.784627497088,1.0,0,13,0,0
2142,0,2,1713.4515503549674,2.5022746261719004,18,35,0,0
2143,0,3,1663.7274462532762,4.2346198323137605,34,58,0,0
2144,0,2,1493.6605760685063,1.4656955900159476,10,30,0,0
2145,0,1,1337.9717858261074,1.053473931688034,0,8,0,0
2146,0,3,1718.016723420404,2.0656418606428932,27,39,0,0
2147,0,2,3562.3836358681488,4.528596390268454,13,32,0,0
2148,0,1,2068.164117580877,2.6226055260305663,0,22,0,0
2149,0,3,2193.9948910687062,2.376844866565416,34,45,0,0
2150,0,2,2135.47456376477,1.8991445557639002,22,34,0,0
2151,0,3,2207.803530435772,2.5212394149502573,21,38,0,0
2152,0,3,2736.996040624372,3.4415756547732976,9,21,0,0
2153,0,5,2054.9249646688827,1.5123566746053005,43,48,0,0
2154,0,3,1848.9438523906072,1.9925729214099743,30,38,0,0
2155,0,1,1721.3220378743215,1.0,0,4,0,0
2156,0,6,3961.382255323421,4.7153922937815045,63,86,0,0
2157,0,2,1642.393172178704,3.079047701468095,10,22,0,0
2158,0,2,1844.082619767261,3.8407419785705414,20,39,0,0
2159,0,2,2018.511884004932,1.2415912637885067,23,26,0,0
2160,0,5,2029.497526262202,3.902475482149686,40,49,0,0
2161,0,1,2520.758908867798,2.303409143688144,0,9,0,0
2162,0,2,2125.716709264807,1.4569843136824634,24,27,0,0
2163,0,2,1853.9901708120185,3.00096012446023,22,26,0,0
2164,0,3,2328.9836063622656,3.852840244908854,23,27,0,0
2165,0,2,2048.4794725547727,2.3749176721995977,22,44,0,0
2166,0,1,1405.9600008797124,1.0,0,18,0,0
2167,0,7,3096.387414417152,4.67493940926812,90,104,0,0
2168,0,2,2275.715692760922,3.5764273150260153,12,15,0,0
2169,0,5,3774.53210000256,6.773158657470064,66,87,0,0
2170,0,3,1449.66135140176,1.7490828706777488,21,35,0,0
2171,0,2,1317.2096920791455,1.8974690335094677,19,33,0,0
2172,0,2,2012.5552698852607,1.4735823730507416,17,36,0,0
2173,0,1,1245.939412637426,1.585267450547943,0,24,0,0
2174,0,2,1405.4612640215305,1.2254406744826476,3,10,0,0
2175,0,2,1818.396286014012,2.345921681199424,24,41,0,0
2176,0,3,2746.6768454372573,5.186343030406952,11,16,0,0
2177,0,5,1542.8418668257348,1.3893814740705348,58,78,0,0
2178,0,5,4327.517799783163,6.957041547585907,59,69,0,0
2179,0,1,1047.4751596417805,1.0,0,21,0,0
2180,0,2,2009.3000372870056,1.838282711641483,9,30,0,0
2181,0,4,1301.871710727497,2.058847511179094,45,66,0,0
2182,0,1,4719.122477176133,6.024539908883577,0,18,0,0
2183,0,3,1949.380299040499,2.658009335540647,43,51,0,0
2184,0,1,2292.348330882319,4.337217852047373,0,8,0,0
2185,0,6,2229.35973966437,4.459097320405342,79,94,0,0
2186,0,4,1289.1585372531276,1.8548488034966357,49,57,0,0
2187,0,1,3952.5746452269423,7.728824389544481,0,14,0,0
2188,0,1,2666.083595848887,2.576360601699022,0,17,0,0
2189,0,3,2064.8840043703776,2.513579828123862,20,29,0,0
2190,0,1,2756.0423741505656,3.3745116413879983,0,21,0,0
2191,0,3,2496.196170225507,2.4127568995354136,38,50,0,0
2192,0,3,3290.204599728449,2.3192973130392827,11,35,0,0
2193,0,1,1605.684543863377,2.856623972614266,0,18,0,0
2194,0,1,845.1784478146251,1.5052246442189947,0,15,0,0
2195,0,1,4843.902424349213,5.976748511507902,0,18,0,0
2196,0,2,2358.683747761368,3.029575426845121,15,25,0,0
2197,0,5,3337.6737516971248,6.546776445604411,58,62,0,0
2198,0,2,2325.062675235957,2.052004936004975,22,46,0,0
2199,0,5,1698.4068088784309,2.9997434090798385,29,42,0,0
2200,0,2,3808.294623840579,3.511927685359564,18,28,0,0
2201,0,1,356.5749984163433,1.0,0,24,0,0
2202,0,2,1599.362206816851,3.494799299711129,19,33,0,0
2203,0,3,2912.610833723521,5.750598281416812,34,42,0,0
2204,0,1,3085.703775691193,4.447585505343285,0,7,0,0
2205,0,2,942.7353681903866,1.1674453298941465,21,36,0,0
2206,0,3,2377.869538609818,3.2545148413178744,33,39,0,0
2207,0,1,1292.5443736157213,1.883081575616869,0,17,0,0
2208,0,2,4172.240600810336,2.700020151607798,8,18,0,0
2209,0,2,2195.158147711767,3.370988286252354,14,38,0,0
2210,0,3,3037.0962751980423,5.260964930941504,25,46,0,0
2211,0,3,1283.8525468039447,1.9461260460418626,42,51,0,0
2212,0,4,3136.5775075987262,3.103542476144991,35,53,0,0
2213,0,3,2612.6673148674463,3.5316413580653943,35,43,0,0
2214,0,4,1652.2267712194257,2.07960710808639,36,49,0,0
2215,0,1,2257.190020736521,2.418056245650526,0,11,0,0
2216,0,2,1142.9907149898186,1.3310207892741612,4,23,0,0
2217,0,2,2891.872965025938,3.3063187149067943,24,33,0,0
2218,0,3,1418.8761131447245,2.3198770857231152,20,34,0,0
2219,0,6,1167.857029841945,1.9172132683956062,47,64,0,0
2220,0,2,3987.973782094256,4.074471616190135,13,16,0,0
2221,0,1,3580.3334478327315,5.866312237443808,0,16,0,0
2222,0,5,3352.9933313725733,5.386715598976931,40,54,0,0
2223,0,1,1532.3172121099915,1.5654682881077913,0,23,0,0
2224,0,4,1528.2603980814215,4.211607676102328,51,70,0,0
2225,0,1,1622.747845568719,1.6775312092674786,0,6,0,0
2226,0,1,743.9461736049309,1.0,0,6,0,0
2227,0,2,1424.907111945622,1.1583493523880235,5,14,0,0
2228,0,2,1116.10611597512,1.1467033232514723,22,46,0,0
2229,0,4,5720.590542440654,10.297638272202166,36,45,0,0
2230,0,1,1699.40882068796,1.9259861191866938,0,7,0,0
2231,0,2,1211.3585971844022,1.180736581837256,20,33,0,0
2232,0,1,1006.2026379364428,1.0,0,12,0,0
2233,0,2,1100.9154770487376,1.0955231829081797,17,24,0,0
2234,0,4,2893.5427975658504,2.7118355488156856,27,49,0,0
2235,0,1,1768.2717582578969,1.249982292135049,0,7,0,0
2236,0,1,1636.301417591963,2.3656146144748087,0,8,0,0
2237,0,2,5550.462978017849,5.040776074301581,15,23,0,0
2238,0,3,3259.0284714461304,3.5798409763209573,47,67,0,0
2239,0,3,2125.8570512672345,2.514824182458421,25,47,0,0
2240,0,2,2202.7620470007337,2.823523732167501,10,24,0,0
2241,0,2,1427.981380314381,1.0926330471633021,16,38,0,0
2242,0,4,2278.2242827944065,3.191514641465682,52,59,0,0
2243,0,2,2231.3667722716755,4.30139479060925,19,39,0,0
2244,0,2,1905.9580650550315,1.89485755306036,21,42,0,0
2245,0,2,1034.26222101048,1.2875054876437724,21,25,0,0
2246,0,2,2850.9509273544945,1.477600583286781,20,34,0,0
2247,0,5,1924.955737771791,1.572436590159967,49,59,0,0
2248,0,2,2756.0389425749136,4.459885064259117,6,28,0,0
2249,0,6,2010.1186431221176,3.8651937886897643,86,102,0,0
2250,0,1,2850.619712248227,1.799913044848065,0,11,0,0
2251,0,1,3319.538737102181,3.0698881139807375,0,10,0,0
2252,0,3,4882.884332209314,3.5589372408836186,36,45,0,0
2253,0,3,3054.002205743176,2.6313814787711625,25,31,0,0
2254,0,2,3482.286649855835,3.638797995369017,7,12,0,0
2255,0,5,2739.0131791656154,4.251536271704964,52,62,0,0
2256,0,1,2365.339155806094,1.0464375110603348,0,5,0,0
2257,0,4,2783.111223589652,4.130868043289466,30,47,0,0
2258,0,1,3632.598664904459,2.0173321617003874,0,17,0,0
2259,0,1,3159.6086496373428,4.334324207835001,0,18,0,0
2260,0,2,2345.500389918528,2.5834388673583537,19,22,0,0
2261,0,3,3015.35326616236,2.933561010744038,22,27,0,0
2262,0,2,1609.4805371457571,2.110838860456354,3,8,0,0
2263,0,1,824.3075438731771,1.0,0,18,0,0
2264,0,2,958.4336013795016,1.0185626467681135,16,39,0,0
2265,0,3,1749.9981406674906,1.9220615714203455,34,42,0,0
2266,0,3,1828.4349748314628,4.137556806695768,21,43,0,0
2267,0,2,2194.005264571612,4.287583089714393,19,38,0,0
2268,0,3,2633.369869240857,2.3702974650077633,34,56,0,0
2269,0,1,2103.033385095005,3.3234314969200405,0,14,0,0
2270,0,1,945.5767470439158,1.350420932593221,0,4,0,0
2271,0,4,3563.3763245768705,5.963384827947639,28,43,0,0
2272,0,1,2012.925026678296,3.211307252226315,0,9,0,0
2273,0,2,2096.5366249253643,3.226006581460972,10,26,0,0
2274,0,3,3024.8181655420026,3.8423900649953726,23,38,0,0
2275,0,1,1570.35975775168,1.0629723225872658,0,8,0,0
2276,0,1,1687.1461850981632,3.2015462121791622,0,20,0,0
2277,0,6,3120.2036718139275,4.3971552723897105,83,99,0,0
2278,0,3,1428.8389620777757,4.083879113119111,19,37,0,0
2279,0,1,638.2982988818784,1.0,0,18,0,0
2280,0,2,2421.0171476070486,2.0369516033981343,17,24,0,0
2281,0,1,1687.6701105439145,1.9013688563393922,0,7,0,0
2282,0,1,4000.2111196065775,2.3606183600733237,0,3,0,0
2283,0,2,4271.51649354544,3.7317959998303003,14,32,0,0
2284,0,3,1316.4680317025875,1.2941615781969622,13,35,0,0
2285,0,5,2410.180057138827,3.587744884486291,63,78,0,0
2286,0,1,1504.7581940638213,1.7905127235072027,0,23,0,0
2287,0,2,2796.488720832344,1.732060172061459,16,20,0,0
2288,0,1,1530.4858112737468,2.3214631682023823,0,13,0,0
2289,0,4,4838.69657839533,5.175230286762539,42,66,0,0
2290,0,3,1949.5994720523056,2.2472518595065,29,36,0,0
2291,0,2,2870.62576466061,1.6854950376801467,9,17,0,0
2292,0,5,1758.5394492425526,3.3981361195853754,63,74,0,0
2293,0,2,2084.096887930084,4.540122772129714,9,14,0,0
2294,0,2,2641.9663806280632,2.7259498583410338,7,12,0,0
2295,0,3,1785.9787430689428,2.314286542621095,38,52,0,0
2296,0,2,2076.8074950535256,1.1462212597782884,16,34,0,0
2297,0,2,2465.2484575587305,4.161022096163088,6,28,0,0
2298,0,3,2199.5201782657373,3.0248865213861857,34,49,0,0
2299,0,2,1895.8280444754464,2.694254797194831,22,29,0,0
2300,0,1,3037.1164627236262,2.8057596800417524,0,19,0,0
2301,0,5,4888.854509061054,3.249687540845816,52,70,0,0
2302,0,1,2272.3187300279533,2.4752417947834986,0,21,0,0
2303,0,2,1437.7679729996505,2.0561954451232993,12,21,0,0
2304,0,2,2930.719827989771,5.165720125996021,21,27,0,0
2305,0,1,1691.8973858299707,2.1787677430643653,0,23,0,0
2306,0,1,1273.4872652269944,2.256334823057943,0,21,0,0
2307,0,1,821.3190112958981,1.0,0,5,0,0
2308,0,2,976.638472199426,1.914717908036956,19,36,0,0
2309,0,2,1456.1304889291123,1.768897555137609,22,39,0,0
2310,0,1,3258.111153112296,5.8818559646791915,0,4,0,0
2311,0,1,2234.34049622228,1.9169998249749605,0,16,0,0
2312,0,2,1955.1750555062035,2.420540491445663,22,46,0,0
2313,0,1,2885.4782952682,3.3437637527444064,0,3,0,0
2314,0,2,2469.087977811347,4.237273817781921,23,34,0,0
2315,0,2,1782.8795914902355,2.1434358046023068,7,16,0,0
2316,0,4,1831.2534387581816,2.20250373679609,37,57,0,0
2317,0,1,2146.1243628925417,3.105988973930647,0,13,0,0
2318,0,1,1513.2698787554657,1.562690390261093,0,14,0,0
2319,0,2,1309.6771944788566,1.0356226823561279,8,32,0,0
2320,0,3,1952.9293406491083,2.541901745531586,32,37,0,0
2321,0,1,2717.9943197885827,4.384867694427658,0,12,0,0
2322,0,1,2738.588522225409,2.103101027043734,0,4,0,0
2323,0,2,1377.6435653522997,2.054426756225679,11,14,0,0
2324,0,2,1669.540449848967,1.9086675699703612,3,24,0,0
2325,0,1,1806.7313750656704,1.0,0,18,0,0
2326,0,3,1261.9647778990754,1.6240955864266338,29,36,0,0
2327,0,1,2032.091899675928,1.6673991848949357,0,22,0,0
2328,0,1,2183.6149141986343,1.0,0,5,0,0
2329,0,7,2482.3962917965314,4.383638422488397,94,104,0,0
2330,0,1,1697.0749992697545,2.180185402840716,0,19,0,0
2331,0,2,1262.2233874754838,1.1249254239637922,14,34,0,0
2332,0,3,1371.5128803038654,1.652820522757973,17,24,0,0
2333,0,3,3287.0430857005,2.647969189726316,35,42,0,0
2334,0,2,2002.6965067592848,1.4868854652026127,16,29,0,0
2335,0,2,2566.573431110116,1.3485628731697776,5,12,0,0
2336,0,1,1787.083190588234,1.0,0,23,0,0
2337,0,4,2531.9914263798314,4.938198217897838,37,55,0,0
2338,0,2,1794.2695096805674,3.7508110063081768,24,32,0,0
2339,0,2,2071.717596609288,1.7073797511910636,20,30,0,0
2340,0,3,2035.1975432367365,2.3338474244319034,17,26,0,0
2341,0,2,1929.620899378856,1.3124466333571767,13,32,0,0
2342,0,2,2016.6910033300728,1.8333431926404369,6,21,0,0
2343,0,2,2654.3693297293376,2.5312543632581908,6,23,0,0
2344,0,4,2329.172320918529,3.6289239737809473,48,65,0,0
2345,0,2,2152.535453464961,4.9201886619888695,12,24,0,0
2346,0,3,1675.699052774568,2.851193323636638,10,16,0,0
2347,0,2,3943.887438739344,5.697392383759522,23,43,0,0
2348,0,3,2524.280492101566,4.377176893371211,26,46,0,0
2349,0,1,1497.3035354860965,1.5252145877017296,0,7,0,0
2350,0,2,3007.8894646500903,5.3192212017190466,9,14,0,0
2351,0,4,3750.647586426793,3.3887549017693512,44,65,0,0
2352,0,3,1929.0735053045405,3.6138575338107217,20,38,0,0
2353,0,6,1879.922829133094,3.6811691956112482,70,86,0,0
2354,0,2,1305.946351410098,1.9663376645226598,20,43,0,0
2355,0,3,1869.6941633458744,3.7519177637973975,40,62,0,0
2356,0,4,2956.684295605307,2.220432990986188,39,43,0,0
2357,0,1,2161.71282985542,2.193705572001317,0,23,0,0
2358,0,4,1406.263745001801,2.532887968095875,29,39,0,0
2359,0,1,2511.5944434559474,1.9038256894880514,0,19,0,0
2360,0,3,1536.5863365140622,1.2793496356555936,22,38,0,0
2361,0,1,661.2258626412232,1.0,0,8,0,0
2362,0,3,1894.4592023140883,3.259211471592086,19,22,0,0
2363,0,1,2279.871332910032,3.102517988112384,0,6,0,0
2364,0,4,2051.615139110832,2.8550920929076553,17,36,0,0
2365,0,2,2714.347335802729,1.6474789455538932,6,26,0,0
2366,0,2,1710.263309254265,1.8133628164580182,8,11,0,0
2367,0,1,3678.0872962331096,5.015541145081916,0,10,0,0
2368,0,3,1162.0282899003637,1.1212431488293377,41,48,0,0
2369,0,2,1540.5426728831626,2.618290782614025,18,39,0,0
2370,0,4,2686.067551206987,5.509460802743293,40,51,0,0
2371,0,3,4506.74582683568,2.867172492844308,21,38,0,0
2372,0,3,1637.2474743774196,2.7602928526605193,19,42,0,0
2373,0,1,2292.159153880387,1.9326868175886787,0,12,0,0
2374,0,1,914.8405787882156,1.0,0,3,0,0
2375,0,2,2173.3765750673992,1.3528606955106444,10,20,0,0
2376,0,2,1790.5967810612387,2.245279174144403,7,23,0,0
2377,0,3,2232.9170061118466,2.1777481756126003,31,34,0,0
2378,0,1,2008.686040211309,1.855571884957552,0,18,0,0
2379,0,2,1749.825595895787,1.8717783182781438,13,23,0,0
2380,0,4,4396.216807207751,7.258628173180419,40,58,0,0
2381,0,5,2077.0748792333625,1.947970270355732,55,63,0,0
2382,0,1,3424.6735967462755,1.0,0,24,0,0
2383,0,2,1693.5335436413682,1.2791870468577498,15,38,0,0
2384,0,1,2399.9427988140333,2.0950775621136146,0,14,0,0
2385,0,2,5238.989663586191,4.825774301027294,20,26,0,0
2386,0,1,1682.9169731607965,2.1803755703689274,0,20,0,0
2387,0,1,1461.272467274016,1.8390200679919024,0,20,0,0
2388,0,3,2470.117005072566,3.0550917861904976,36,55,0,0
2389,0,2,1386.674362599358,2.3500548998707336,3,6,0,0
2390,0,6,2540.9939495808094,2.903858379556509,68,74,0,0
2391,0,3,2265.35104529263,3.0675738873326472,31,54,0,0
2392,0,2,2301.17012348165,2.9877167420929984,20,39,0,0
2393,0,3,1752.9352290954776,2.61193236268004,21,29,0,0
2394,0,1,1874.380236240849,2.265097635680372,0,15,0,0
2395,0,2,2364.7633164852978,1.4909526401533006,8,30,0,0
2396,0,3,2022.5047952754417,1.953795831888153,40,58,0,0
2397,0,2,975.3731014341354,2.569547687589946,18,38,0,0
2398,0,1,2472.8230033202976,1.7795142284470606,0,17,0,0
2399,0,1,1087.5827899253957,1.7697144621988958,0,17,0,0
2400,0,5,3149.8798867687087,4.260221546009364,66,81,0,0
2401,0,6,1589.971578862437,1.997311029242621,74,84,0,0
2402,0,3,2867.100833157542,1.9434981727467109,31,49,0,0
2403,0,6,2206.8611444330463,2.486125359838284,67,78,0,0
2404,0,1,1240.475647426935,2.2861043521539965,0,8,0,0
2405,0,2,2399.4595165849832,4.336244867977884,17,32,0,0
2406,0,4,2224.6845027597774,3.871214563355044,26,50,0,0
2407,0,2,1864.045755118925,3.643859094588695,21,30,0,0
2408,0,1,2250.9541651643017,1.8907116465394624,0,21,0,0
2409,0,5,3099.7668892871934,3.4732658518110773,61,84,0,0
2410,0,3,1763.430081219425,1.757884368550788,27,45,0,0
2411,0,6,2849.0477629149814,5.310360520994732,97,118,0,0
2412,0,4,3883.4310012668966,4.952415608082277,43,64,0,0
2413,0,1,2831.311323503486,2.0231171935774337,0,11,0,0
2414,0,1,1534.5575111408743,2.7308016058241686,0,17,0,0
2415,0,2,1218.3950856238152,1.6657774755654529,9,29,0,0
2416,0,2,1905.018589835921,2.7532628580796525,6,19,0,0
2417,0,1,2291.3338395838223,2.563828398053253,0,20,0,0
2418,0,3,3022.801427709199,3.1642229522449243,21,30,0,0
2419,0,3,1907.45762885346,2.1604595182680413,38,41,0,0
2420,0,1,3017.4164706839583,4.648251549950353,0,9,0,0
2421,0,4,2281.156845018505,2.059450039654344,26,32,0,0
2422,0,7,2317.767346491448,3.9121363401450866,94,105,0,0
2423,0,3,1903.0820650665255,4.136136760151133,25,44,0,0
2424,0,5,1432.9439860641028,1.757011729338285,37,61,0,0
2425,0,3,3097.4586493664715,3.819553701758553,35,45,0,0
2426,0,4,1778.9085402430662,2.2287459879057057,29,42,0,0
2427,0,4,1679.966222633272,1.85459530362524,62,76,0,0
2428,0,4,3904.935424096072,2.188997418396009,32,48,0,0
2429,0,2,2373.192508432687,1.5664004817972272,20,24,0,0
2430,0,2,3633.25653774464,3.9464089263041435,17,25,0,0
2431,0,6,1744.78694195109,3.754340488554558,50,65,0,0
2432,0,3,2943.367561307145,2.1060660561478133,35,59,0,0
2433,0,3,1418.6300775488194,2.7396474661483974,32,53,0,0
2434,0,3,2735.9944490993103,1.3592990740242084,34,44,0,0
2435,0,3,1311.2572707660988,1.6986757985554535,41,51,0,0
2436,0,7,2665.408325907203,7.0849947234165755,103,123,0,0
2437,0,1,2020.7215864801883,2.87665400461564,0,5,0,0
2438,0,3,2016.774867734048,1.713746532111987,20,30,0,0
2439,0,3,2162.040280908472,1.909307010887346,36,53,0,0
2440,0,3,3491.8537893822727,1.594758178141602,24,34,0,0
2441,0,1,1339.544162976896,1.0,0,24,0,0
2442,0,2,1227.400786126217,2.928744385556507,17,22,0,0
2443,0,3,2418.312257343196,2.4965089365327313,28,51,0,0
2444,0,4,2150.544941394758,1.8951866180460122,39,43,0,0
2445,0,1,1137.6886770032806,1.8001023575095778,0,4,0,0
2446,0,2,1560.1260014975005,2.6984961996001386,20,38,0,0
2447,0,2,1998.898498943852,2.9157896884155132,7,21,0,0
2448,0,3,2254.009965737542,2.3746261013430354,32,54,0,0
2449,0,1,2003.1353737082331,2.372544703173225,0,7,0,0
2450,0,3,1567.281736129903,1.6802340333078158,17,34,0,0
2451,0,3,1612.6609981160834,3.979891882619944,29,47,0,0
2452,0,2,3429.0530552756227,3.026030877939428,13,29,0,0
2453,0,1,3242.375318550146,6.028951760733625,0,21,0,0
2454,0,4,3339.8379976112924,3.5059388638416658,26,31,0,0
2455,0,7,2090.543095379896,3.538888032968323,59,83,0,0
2456,0,3,2672.585809985062,3.2450567554568717,19,39,0,0
2457,0,3,7002.55010628648,10.403035137030715,43,61,0,0
2458,0,2,3140.0429178154645,2.443276436228921,23,42,0,0
2459,0,2,3113.3940740473727,3.6284721144357417,12,32,0,0
2460,0,1,1619.101816853042,3.907110203666753,0,3,0,0
2461,0,1,2019.2219650378272,3.67837028711223,0,17,0,0
2462,0,2,1485.999445744999,1.2045532193310853,4,9,0,0
2463,0,1,1110.6130368572092,1.322046201663649,0,16,0,0
2464,0,3,1627.2549479490767,3.8042352679785614,34,51,0,0
2465,0,5,1505.5344963834457,2.5945244309875575,53,57,0,0
2466,0,4,1533.2123877283434,2.82676651643932,52,71,0,0
2467,0,2,3411.354418556112,4.064499823023439,22,40,0,0
2468,0,2,1887.415390936639,3.182064061389975,12,31,0,0
2469,0,3,3786.788214816185,3.5532130273228213,26,50,0,0
2470,0,1,2188.433708670352,1.7604434548208836,0,12,0,0
2471,0,2,2665.620899291312,1.7277149395424234,15,25,0,0
2472,0,1,2476.3577888895124,2.98644312533305,0,24,0,0
2473,0,1,1614.3620596831595,3.3849268526352385,0,7,0,0
2474,0,2,1891.4945738128376,3.833714304835482,15,34,0,0
2475,0,1,2918.226991231816,6.228798288306623,0,22,0,0
2476,0,1,1272.980553797573,1.4186011041866584,0,14,0,0
2477,0,1,2238.277526139091,3.6492995405673736,0,6,0,0
2478,0,4,4480.260998729516,4.976985831005964,34,46,0,0
2479,0,6,1851.6085023919015,1.6841846202199742,75,85,0,0
2480,0,1,1705.8174634513095,1.0,0,15,0,0
2481,0,1,2605.1218768270937,1.9186889220087537,0,19,0,0
2482,0,3,6611.501209269708,6.3923745645061905,36,39,0,0
2483,0,1,3727.3963579612655,5.323789686448999,0,6,0,0
2484,0,1,2032.80717447694,1.1764789127783193,0,23,0,0
2485,0,1,3355.181504149972,4.005845101592967,0,16,0,0
2486,0,1,2174.6685284285486,1.910951799676044,0,3,0,0
2487,0,1,536.196342120347,1.0,0,5,0,0
2488,0,1,2370.794171907237,4.5208090484523,0,3,0,0
2489,0,2,1893.73849775116,2.2526342141317186,11,15,0,0
2490,0,1,1677.450696763574,2.889686729986651,0,7,0,0
2491,0,5,3568.9143794585048,3.0625704144350907,77,85,0,0
2492,0,1,2468.909567071656,6.170547875775654,0,14,0,0
2493,0,3,5279.418830387041,5.7934022840991615,20,37,0,0
2494,0,1,3388.543612410545,3.177264203958169,0,24,0,0
2495,0,2,3628.816070861309,5.1678838414213155,16,35,0,0
2496,0,5,3500.911132982814,2.985336340747058,56,74,0,0
2497,0,4,2824.461812885137,5.803100512988351,19,35,0,0
2498,0,1,1726.671515328661,1.624450615768517,0,5,0,0
2499,0,5,2824.969265934243,4.362086613769597,60,76,0,0
2500,0,4,3515.60649006971,6.076376584648125,50,57,0,0
2501,0,3,2030.1945028319064,3.0665340158089056,29,41,0,0
2502,0,1,2970.93032323067,1.3637800966658336,0,6,0,0
2503,0,2,3128.774103677546,4.804213448614786,4,9,0,0
2504,0,1,642.8195998512506,1.0,0,9,0,0
2505,0,3,1398.7107329604426,1.332748245355546,38,58,0,0
2506,0,1,1752.1831246089089,1.0,0,24,0,0
2507,0,3,2679.168503939627,5.085751000231939,31,51,0,0
2508,0,4,4012.824807918824,6.280998263899489,45,59,0,0
2509,0,5,2486.1883491541894,3.8945882619409846,43,61,0,0
2510,0,1,1931.651074139888,1.0,0,24,0,0
2511,0,2,1771.1274398722617,2.7574759077904463,19,41,0,0
2512,0,2,1705.7746589897622,1.3755730902038659,9,13,0,0
2513,0,5,4245.997307310404,7.66018062632451,48,55,0,0
2514,0,1,1476.457048225289,1.245830927159555,0,22,0,0
2515,0,3,1784.261035920785,2.605846017163628,13,16,0,0
2516,0,2,2265.162900047952,2.3415672570597836,10,21,0,0
2517,0,1,1359.4328619397893,1.4529657237887832,0,13,0,0
2518,0,2,2619.490285215327,2.165440924808437,20,31,0,0
2519,0,2,3092.8896664972854,5.8779033206896765,9,14,0,0
2520,0,1,2342.188401484404,1.3713413436506239,0,22,0,0
2521,0,2,1368.0678463239371,1.9274917829383593,16,37,0,0
2522,0,4,1997.524820539376,2.504805587474812,43,64,0,0
2523,0,3,1438.5055781527271,3.4020699817295994,44,53,0,0
2524,0,1,1049.261004804432,1.0,0,22,0,0
2525,0,2,1773.4906922721982,2.5836715276541424,3,9,0,0
2526,0,1,1998.8096425685103,2.5428300846636844,0,15,0,0
2527,0,1,2421.372191779252,2.259684498233541,0,5,0,0
2528,0,1,1976.8561548746093,1.6867332865826496,0,9,0,0
2529,0,2,3507.500578798506,6.786070031181743,17,36,0,0
2530,0,3,1774.2230792161945,1.7356183820477353,16,25,0,0
2531,0,1,2142.807533439765,1.3089657390614433,0,13,0,0
2532,0,4,2585.22492951118,2.6145554005102185,46,64,0,0
2533,0,4,1585.6294569468068,2.569619520691503,43,60,0,0
2534,0,1,1468.7982789740493,1.492226245621433,0,8,0,0
2535,0,3,2210.23356624121,2.1332210799345876,14,21,0,0
2536,0,1,1924.0910596930755,2.5119691464641676,0,13,0,0
2537,0,3,3174.7225796430557,3.443268838442389,24,36,0,0
2538,0,2,2792.3782924184347,2.5763175053213003,17,22,0,0
2539,0,3,1070.892248265933,2.2460379187861856,30,48,0,0
2540,0,3,3143.708727370355,2.9291458349942268,30,39,0,0
2541,0,1,2939.115164064673,1.0,0,23,0,0
2542,0,4,1907.1513400611325,1.949240867420817,29,38,0,0
2543,0,1,2743.488373791818,2.079185765415792,0,19,0,0
2544,0,2,2800.4446977071857,7.461214758178598,16,20,0,0
2545,0,3,2392.535532860397,1.8088515218432384,28,42,0,0
2546,0,1,2812.618106913657,2.36592406009062,0,5,0,0
2547,0,4,1672.6739613931531,2.07783393647764,37,51,0,0
2548,0,1,1168.6759575671565,1.1138770871518724,0,15,0,0
2549,0,3,1856.5324006305805,2.6276683042706845,15,21,0,0
2550,0,3,2812.139900196049,2.3712554843390876,23,41,0,0
2551,0,4,2139.753047208214,2.0397172430862973,36,55,0,0
2552,0,1,1568.5289576105165,2.3850580930013487,0,13,0,0
2553,0,1,2524.3658889192448,1.827911829325207,0,18,0,0
2554,0,1,2088.9243626105126,1.8970646553409305,0,10,0,0
2555,0,1,1436.8759953793383,1.0,0,6,0,0
2556,0,1,3120.8518420519736,3.837765665716455,0,12,0,0
2557,0,1,2318.712821364302,2.2664035174840373,0,18,0,0
2558,0,1,1381.506827152896,1.8279939575958604,0,21,0,0
2559,0,3,2001.4505615547369,5.432678009962632,12,27,0,0
2560,0,2,1507.7812683222237,1.5861614141052114,5,24,0,0
2561,0,1,221.66885888610489,1.0,0,6,0,0
2562,0,1,1702.992851148394,1.0,0,4,0,0
2563,0,6,2423.122480790909,3.9779380364600954,54,70,0,0
2564,0,4,1328.1134397276533,1.500011235261179,48,71,0,0
2565,0,1,1842.352834238832,2.510716865550571,0,9,0,0
2566,0,3,1261.4122910869394,1.7942215722552297,34,45,0,0
2567,0,1,1540.9764251936974,1.0,0,3,0,0
2568,0,6,1603.7058649547494,2.279538877047196,56,76,0,0
2569,0,2,1282.6330671350404,2.9950701677668765,20,41,0,0
2570,0,4,1259.2956989405825,1.872330150284147,43,55,0,0
2571,0,3,2822.4102521691952,2.8254436140494787,14,34,0,0
2572,0,1,2136.182286571975,1.6419304162735657,0,20,0,0
2573,0,1,965.1576798285494,1.0,0,17,0,0
2574,0,3,4376.002511047467,11.084786084314153,40,46,0,0
2575,0,1,1374.1010005395474,3.1976290259428386,0,13,0,0
2576,0,2,1758.4705113957914,1.7215967476655576,8,16,0,0
2577,0,2,2301.986029824722,1.4779901538762492,21,29,0,0
2578,0,3,2285.960188876484,2.8407684187381954,31,49,0,0
2579,0,1,1927.050872647486,1.0,0,12,0,0
2580,0,2,1031.9874446627796,1.6202354119931395,24,39,0,0
2581,0,3,2311.232181039635,2.412460553631291,18,21,0,0
2582,0,1,1097.8780343601634,2.4519818928928543,0,23,0,0
2583,0,1,1544.8731969123542,1.0,0,11,0,0
2584,0,1,3372.9391419801595,2.4586479704594564,0,22,0,0
2585,0,3,2998.2815203068963,2.2201315449243944,41,52,0,0
2586,0,2,1698.294367401603,1.6715801251318432,24,29,0,0
2587,0,1,1742.237896369784,1.9909241809032197,0,7,0,0
2588,0,2,1431.9603253384437,1.7083070870870565,5,11,0,0
2589,0,2,2367.666031377504,3.284074283130507,22,31,0,0
2590,0,6,4908.412853221344,5.102350584601442,72,83,0,0
2591,0,3,982.5223035022224,1.8071469233854072,29,44,0,0
2592,0,1,2958.127223969658,2.623757196748622,0,22,0,0
2593,0,4,2981.987335524447,3.625393796589775,41,49,0,0
2594,0,2,1986.9962657953504,3.0920376514997927,18,28,0,0
2595,0,1,1943.9416303714183,2.2971186783735362,0,5,0,0
2596,0,3,2605.350803684221,3.5385725669139387,11,15,0,0
2597,0,1,2031.6988187173488,2.7136042370916003,0,9,0,0
2598,0,4,2147.8291489981957,2.5940198905383336,48,62,0,0
2599,0,3,1958.999417048332,1.7343560105723135,12,17,0,0
2600,0,3,1449.5027900612145,2.443988076332844,35,55,0,0
2601,0,1,511.2384179276356,1.0,0,9,0,0
2602,0,1,3506.751961597429,7.664568050350653,0,23,0,0
2603,0,1,1287.0773176486098,1.9175301012401733,0,3,0,0
2604,0,3,2419.6929544437944,3.787126760456548,22,43,0,0
2605,0,4,3511.8782091883195,5.770014170122274,54,59,0,0
2606,0,3,1609.1039066715762,2.906210441430146,21,31,0,0
2607,0,3,2677.583797160446,4.8796115655565355,43,61,0,0
2608,0,1,1530.1032898581625,1.7923816424552925,0,16,0,0
2609,0,1,3188.453750036964,4.021772437737159,0,12,0,0
2610,0,3,3531.586971647054,4.710660070950442,14,34,0,0
2611,0,1,2641.911148243947,5.3738480732847105,0,4,0,0
2612,0,7,4023.0413854825592,5.375071814813187,69,75,0,0
2613,0,1,3960.1889534841534,6.448414487052993,0,5,0,0
2614,0,3,961.8365846864872,1.0685866299365467,23,46,0,0
2615,0,3,1233.0289472736172,1.5873545648365714,18,32,0,0
2616,0,6,2478.951074128214,3.9848704772876555,57,61,0,0
2617,0,1,2263.616142311469,3.0118658778311227,0,14,0,0
2618,0,1,3488.1897484763795,2.4474221001544985,0,12,0,0
2619,0,3,2656.000230929793,1.5523900944096691,20,36,0,0
2620,0,1,1865.9510535701795,1.4218887626593162,0,23,0,0
2621,0,4,2844.8895012224684,2.7810717380848438,25,47,0,0
2622,0,2,1875.843641567746,1.1595630583987522,14,26,0,0
2623,0,5,2187.2567480348343,2.305277321069954,41,65,0,0
2624,0,6,2910.5709483908563,4.638029904516484,78,86,0,0
2625,0,3,4201.655795011122,6.467452101979363,37,48,0,0
2626,0,2,2197.67404236591,1.7011323748284284,9,16,0,0
2627,0,3,2168.642980596084,2.0573189269455394,30,48,0,0
2628,0,8,2380.967191905394,2.9942222882723817,81,90,0,0
2629,0,3,2131.002719182605,4.235835876110596,22,35,0,0
2630,0,3,2571.608041149112,2.0922789488099394,26,37,0,0
2631,0,4,2997.1285132197127,2.8500001684446197,28,33,0,0
2632,0,4,1697.5500157721488,1.8233945674174972,60,73,0,0
2633,0,1,3653.834968132687,4.006063311172947,0,16,0,0
2634,0,5,2790.75193336154,5.0133309730685625,60,65,0,0
2635,0,2,1662.288424282816,2.2787947452276462,20,40,0,0
2636,0,4,2437.15033551458,6.0812178876732546,59,73,0,0
2637,0,3,3819.2873745352026,10.193670240796246,20,28,0,0
2638,0,3,1515.1803882189652,2.627190943654801,28,39,0,0
2639,0,1,2449.596295812357,2.4843258509370036,0,20,0,0
2640,0,2,1352.2377415190344,1.1037718813393278,24,30,0,0
2641,0,1,1558.7311978071673,1.0360141703730534,0,11,0,0
2642,0,3,4735.907948091312,1.9719089695058922,44,51,0,0
2643,0,1,1199.162722531502,1.1359717355558938,0,15,0,0
2644,0,4,3649.523597964912,6.57080080667649,51,74,0,0
2645,0,4,2840.44954194132,3.2003352704517005,35,58,0,0
2646,0,1,1583.5221018916493,1.0,0,3,0,0
2647,0,2,1313.6474460182708,2.0287842169651915,20,42,0,0
2648,0,4,4168.99269167195,8.453673653189458,27,35,0,0
2649,0,2,910.7773345554672,1.2169983714408499,11,27,0,0
2650,0,4,2758.294875472483,5.8581336655589356,25,35,0,0
2651,0,3,2605.8611573479084,5.159381247401551,26,48,0,0
2652,0,6,2005.8612984155247,2.158321736480075,58,62,0,0
2653,0,1,1467.019317309909,3.1654867686926873,0,7,0,0
2654,0,2,2564.787718524776,1.596116830924058,19,43,0,0
2655,0,3,1372.2700488219996,1.7642495889453675,34,50,0,0
2656,0,1,1861.155587911996,1.0,0,5,0,0
2657,0,3,1466.7004409062208,1.2785664052156387,25,46,0,0
2658,0,4,1730.160461824602,3.5759731574590226,42,63,0,0
2659,0,2,1652.2555629898854,2.488375824985267,20,37,0,0
2660,0,7,2017.9694119930136,4.067053916868748,91,104,0,0
2661,0,1,653.0014494448222,1.0,0,9,0,0
2662,0,1,5375.391314175617,1.0,0,13,0,0
2663,0,1,694.9654477407908,1.3078224754281171,0,18,0,0
2664,0,5,1979.4984817205209,2.2757880872343206,42,64,0,0
2665,0,5,3008.7066098391288,2.315862393155999,49,67,0,0
2666,0,1,3084.7892497101298,4.302538137432577,0,22,0,0
2667,0,3,2876.8810091038144,4.2446848775545405,16,22,0,0
2668,0,1,3260.5111746845823,3.023209864066454,0,6,0,0
2669,0,7,2351.9225428204886,3.9165551240956247,94,107,0,0
2670,0,3,1987.2085535051503,1.5853004544584204,27,50,0,0
2671,0,3,1639.0867213650592,1.256876178151518,23,44,0,0
2672,0,1,2360.860727981224,2.077946765263081,0,5,0,0
2673,0,2,1993.7988120702723,3.2523458353662984,24,46,0,0
2674,0,2,1334.0708551355915,1.9849940345466754,13,34,0,0
2675,0,2,3686.6325625438135,2.2829115977687593,22,27,0,0
2676,0,3,1931.664807853503,3.673079748511403,28,51,0,0
2677,0,1,1368.3736324660008,1.7105733736386595,0,5,0,0
2678,0,3,2539.784883094503,2.5682211660940544,21,31,0,0
2679,0,1,1856.2831020916,4.407001245854594,0,8,0,0
2680,0,1,3511.3054641346835,4.899045657527908,0,14,0,0
2681,0,7,2783.7597571055544,6.634250187666855,84,108,0,0
2682,0,1,2337.8411048417893,4.059732014842434,0,12,0,0
2683,0,7,1816.275022153412,2.6326395931633564,60,68,0,0
2684,0,1,756.7590901418661,1.0,0,5,0,0
2685,0,3,2812.749920365868,4.579668193212796,27,37,0,0
2686,0,2,3155.7761039996253,1.9456549198191013,9,26,0,0
2687,0,3,3130.5358338736173,5.65580565669296,19,37,0,0
2688,0,4,1426.957439941108,2.068097401667994,32,38,0,0
2689,0,3,1734.112978451451,2.022757114481593,19,42,0,0
2690,0,4,1615.0167634886295,1.4999926411160849,38,44,0,0
2691,0,4,4035.737218657012,5.342131807410986,42,46,0,0
2692,0,2,3545.5048504177703,6.817456812460617,19,30,0,0
2693,0,5,3428.66368314774,5.001707095481194,48,60,0,0
2694,0,1,914.3721500672334,1.7254402765969508,0,22,0,0
2695,0,4,1768.1665094591235,2.32940359029383,37,42,0,0
2696,0,4,1846.592491405769,2.8382297725095764,44,61,0,0
2697,0,2,2574.015017652202,3.7301129711979364,15,31,0,0
2698,0,1,3579.127951032235,1.552574086473122,0,8,0,0
2699,0,1,4105.888735289788,6.174675599115941,0,21,0,0
2700,0,6,2208.4774018923376,2.237840297015111,43,53,0,0
2701,0,7,2135.5718456338677,4.523168170489688,101,121,0,0
2702,0,2,3470.3922317811653,3.5398347520962696,4,7,0,0
2703,0,2,2675.42194734527,4.65398046934313,8,13,0,0
2704,0,2,1658.2191315378,1.0233279009304244,13,32,0,0
2705,0,2,3304.864437839521,3.9876188701058086,5,22,0,0
2706,0,3,2260.9575661435247,1.5933321047229518,26,32,0,0
2707,0,2,4205.802576897208,12.134480364496678,15,19,0,0
2708,0,3,1987.6350565280936,3.4905205939622483,30,52,0,0
2709,0,3,2122.391922227492,2.7068677491751543,33,37,0,0
2710,0,2,2152.6554608766123,1.6191080777305566,7,13,0,0
2711,0,1,1150.4213443092074,1.687224369221924,0,15,0,0
2712,0,3,1482.0466986234187,2.2124200982408535,35,48,0,0
2713,0,3,1669.6144419490226,1.9640612534254733,25,30,0,0
2714,0,1,2468.4040318539537,4.440113305621622,0,8,0,0
2715,0,2,1820.054350291712,2.2205853772304964,22,27,0,0
2716,0,2,1347.5519955440204,1.019880005392735,14,22,0,0
2717,0,5,2200.260407329078,2.7421016423235134,44,58,0,0
2718,0,2,1963.461403345757,1.825739661086184,12,18,0,0
2719,0,1,2529.083619244828,2.9754488516232387,0,12,0,0
2720,0,2,3614.651067515916,5.890532119993001,23,47,0,0
2721,0,3,3621.282601721735,5.722341480650956,21,42,0,0
2722,0,2,2746.723138774877,1.8304361626792853,12,27,0,0
2723,0,1,1019.5443542752269,1.0,0,10,0,0
2724,0,4,2167.68824270618,2.489091617106907,57,63,0,0
2725,0,5,1780.5111226810172,3.6787897905716025,65,84,0,0
2726,0,2,1821.5203214792664,1.4610941236934736,23,47,0,0
2727,0,3,1458.031158629776,2.729122065455952,44,56,0,0
2728,0,1,2995.0463110480864,7.370182327552769,0,4,0,0
2729,0,2,1928.004784856092,1.5566271667385743,13,19,0,0
2730,0,2,2163.4765593339857,1.3879410529775162,23,47,0,0
2731,0,1,1773.9217669922723,4.0054995706954815,0,7,0,0
2732,0,3,2778.078647976888,4.132302391859707,23,41,0,0
2733,0,1,2053.5005755657253,1.0,0,15,0,0
2734,0,6,2113.3237932389134,3.409437871358295,73,79,0,0
2735,0,2,2872.7112688409447,3.71143363183789,13,32,0,0
2736,0,2,2341.771045232992,1.2500138260313374,17,38,0,0
2737,0,5,1866.1497852070625,1.9489772361626083,55,70,0,0
2738,0,1,1427.9606657712252,1.995007358702917,0,12,0,0
2739,0,2,1409.612089347646,1.38418792861125,23,44,0,0
2740,0,1,2918.405026283992,4.673912519041004,0,9,0,0
2741,0,2,1723.551046475873,1.4724652802230138,7,21,0,0
2742,0,2,1470.3316653939498,1.7104725445081095,10,32,0,0
2743,0,2,1784.7704049072768,2.324789059507246,20,30,0,0
2744,0,3,1293.3194395763885,1.6152305995750793,25,44,0,0
2745,0,1,2612.475943481219,3.2062900969682504,0,18,0,0
2746,0,4,3255.5122425749364,10.377771119027623,52,64,0,0
2747,0,2,1521.7162303482144,3.4551762717265775,17,24,0,0
2748,0,3,2392.615611015207,5.156262559326086,29,32,0,0
2749,0,4,2036.6394397298477,3.34956650041209,49,71,0,0
2750,0,2,1481.4003559833152,3.113429990146449,6,16,0,0
2751,0,3,3338.3783891337293,6.265604261040478,44,48,0,0
2752,0,2,2421.1163239422,4.219085080623958,24,44,0,0
2753,0,1,2829.8836947803143,4.7926077463008205,0,16,0,0
2754,0,1,2030.0596117409527,3.8098541397449743,0,6,0,0
2755,0,1,2672.0942464918567,5.353897500235518,0,8,0,0
2756,0,1,2404.877977171342,3.1933143910503,0,5,0,0
2757,0,3,1700.257150813258,2.5816624750164445,19,31,0,0
2758,0,1,1898.275355881144,1.0,0,21,0,0
2759,0,4,1904.856179871336,1.5942261523007448,25,35,0,0
2760,0,2,2362.7680202244032,6.016284125725073,15,32,0,0
2761,0,2,2251.4501807339293,4.192311080207981,16,32,0,0
2762,0,1,2847.709087103099,2.908812401151274,0,8,0,0
2763,0,1,2177.824743372655,2.006923159816647,0,22,0,0
2764,0,5,2741.8204258166925,2.499392430033392,55,63,0,0
2765,0,4,1943.262340825638,2.19392661088486,38,55,0,0
2766,0,3,2497.1871062853006,3.160113495165214,7,17,0,0
2767,0,3,3450.842605429725,5.230803282561346,15,37,0,0
2768,0,1,4367.82759963992,1.0,0,21,0,0
2769,0,1,1287.1613826717048,3.071562760251746,0,21,0,0
2770,0,1,700.7220316644607,1.0,0,4,0,0
2771,0,4,2365.072583003565,3.999149435281819,51,75,0,0
2772,0,3,1338.2349143365714,1.5070958953618503,31,55,0,0
2773,0,3,3447.598995289976,7.272771019818082,33,41,0,0
2774,0,4,2869.476554289997,3.537959675636722,59,62,0,0
2775,0,1,3363.315324706556,4.650857786735372,0,22,0,0
2776,0,1,1992.0995377370689,1.507865212577861,0,13,0,0
2777,0,4,2062.012791194533,2.854099235203815,58,72,0,0
2778,0,3,2130.8519934157125,5.904770918557009,39,58,0,0
2779,0,2,2629.576955068392,1.4074003845740914,4,9,0,0
2780,0,4,1852.8669350868,3.8423433687161532,46,69,0,0
2781,0,2,2120.719517340989,1.2265732766002777,7,25,0,0
2782,0,2,2173.044920208578,3.8048245890930428,6,10,0,0
2783,0,4,1792.2691316154612,1.7947184111486494,47,62,0,0
2784,0,5,3331.1512097982545,4.354430997957988,56,66,0,0
2785,0,2,1338.147006474673,1.5071578190759218,19,27,0,0
2786,0,2,1372.853048562603,1.3614657488642088,3,11,0,0
2787,0,3,4514.037097047033,3.805438378511431,20,33,0,0
2788,0,4,2264.3128094988624,3.0917688411827062,55,79,0,0
2789,0,2,3501.8495865428104,7.621989373019814,22,31,0,0
2790,0,1,2332.5787177317197,3.2972613834486366,0,8,0,0
2791,0,2,1147.14259277497,1.1256229282246375,4,21,0,0
2792,0,3,2469.841894262806,4.169395926518235,34,58,0,0
2793,0,4,2032.9293828445757,2.6692809286791768,23,26,0,0
2794,0,3,3758.1856857845496,3.470508893511445,21,37,0,0
2795,0,1,3438.28248919438,3.981598584639304,0,14,0,0
2796,0,1,2082.128341784564,1.9921045111306535,0,24,0,0
2797,0,4,3578.913272415825,15.021267469683828,53,74,0,0
2798,0,1,1384.689730102772,1.3810800686282172,0,23,0,0
2799,0,5,2216.619483348993,2.610106979476919,55,65,0,0
2800,0,6,2472.743131881915,5.01457178658536,95,119,0,0
2801,0,1,2388.138697773224,2.3482223791153043,0,5,0,0
2802,0,2,2204.577177136516,3.8430162388823774,21,40,0,0
2803,0,1,1883.181625461238,1.158505481635155,0,11,0,0
2804,0,4,2709.442576147818,3.787368836885775,54,78,0,0
2805,0,3,2323.211512982692,2.2161203297812464,30,54,0,0
2806,0,2,2544.724699624951,4.6749999282557395,8,27,0,0
2807,0,4,4022.341515495691,7.096816669355098,46,53,0,0
2808,0,2,2551.7498276657034,2.2506154009941954,20,31,0,0
2809,0,2,1724.6993135354724,1.3081141643836136,4,10,0,0
2810,0,3,1381.2588999159725,1.7245825398408106,15,21,0,0
2811,0,3,3927.245774025319,1.809488191732899,28,46,0,0
2812,0,1,3339.992662807992,7.621702932569624,0,22,0,0
2813,0,3,1964.085421468308,1.2924081732156596,33,44,0,0
2814,0,3,1148.523441544109,1.7732832612007607,14,19,0,0
2815,0,4,2330.58316961744,2.947355092044538,40,55,0,0
2816,0,4,1973.819930627909,3.8094762850376447,31,38,0,0
2817,0,2,1842.5773150447576,1.9442193436794493,19,27,0,0
2818,0,8,3135.5161152575024,4.023248722230342,123,138,0,0
2819,0,5,2745.8671934774243,3.9721697210121594,32,48,0,0
2820,0,2,2067.091450406737,4.184720075771057,13,23,0,0
2821,0,2,4155.888135047177,5.329460124155201,13,17,0,0
2822,0,4,3708.92568210703,13.473274381358275,24,37,0,0
2823,0,1,1461.8480071180045,2.6212331374175823,0,13,0,0
2824,0,8,4174.1462404854265,6.742334521791705,105,117,0,0
2825,0,3,3017.8448427072194,3.1484696235760885,28,42,0,0
2826,0,3,1482.8597983363177,1.7734657337284254,25,43,0,0
2827,0,1,1632.5883046462895,1.0,0,8,0,0
2828,0,4,1994.841577015631,8.642982216768733,34,37,0,0
2829,0,2,1299.0762483864848,2.065207028742218,16,26,0,0
2830,0,2,2263.459215269003,3.0953626965818892,5,16,0,0
2831,0,4,3419.188210960887,3.7490536552249085,34,40,0,0
2832,0,2,2217.4750975115803,3.3471817799026016,22,41,0,0
2833,0,1,2116.276013918309,1.2801483161337774,0,22,0,0
2834,0,7,2228.5248273027205,5.088249341064952,98,109,0,0
2835,0,4,1796.3527850183175,2.142859687060242,34,46,0,0
2836,0,2,2205.092174303408,1.9770346736106723,18,32,0,0
2837,0,1,1426.5288087993854,1.3094129542891806,0,20,0,0
2838,0,1,1838.9496263858305,1.5441326957752992,0,18,0,0
2839,0,4,4953.49524091993,8.196164691509676,59,75,0,0
2840,0,3,2201.764644719273,1.3310840814848628,27,48,0,0
2841,0,2,4264.978483026788,6.462252337675201,10,30,0,0
2842,0,1,1563.5686327605188,3.575283462399972,0,18,0,0
2843,0,2,1854.940949123103,1.622749082443398,5,16,0,0
2844,0,1,1316.131323647432,1.2142938783402673,0,22,0,0
2845,0,3,1768.4143457229047,2.501585310217475,12,22,0,0
2846,0,3,2950.254818475472,2.8875433321351673,18,38,0,0
2847,0,1,1659.5459478588032,1.0,0,5,0,0
2848,0,2,2054.034658281338,2.9768563275389472,23,47,0,0
2849,0,5,3311.522937973066,5.133069174477435,34,53,0,0
2850,0,1,47847.03170074088,1.0,0,15,0,0
2851,0,1,26000.0,1.0,0,19,0,0
2852,0,1,27765.931509136288,1.0,0,8,0,0
2853,0,1,33094.24737323171,1.0,0,5,0,0
2854,0,1,28752.2908630687,1.0,0,15,0,0
2855,0,1,33990.76659439396,1.0,0,10,0,0
2856,0,1,39359.801118692296,1.0,0,6,0,0
2857,0,1,26000.0,1.0,0,13,0,0
2858,0,1,36623.72562178659,1.0,0,13,0,0
2859,0,1,40155.46057618745,1.0,0,5,0,0
2860,0,1,26000.0,1.0,0,5,0,0
2861,0,1,35967.242871096416,1.0,0,19,0,0
2862,0,1,33380.445531363344,1.0,0,13,0,0
2863,0,1,26986.85745627036,1.0,0,7,0,0
2864,0,1,27635.38702937221,1.0,0,5,0,0
2865,0,1,27716.79363632068,1.0,0,11,0,0
2866,0,1,30984.047049445573,1.0,0,16,0,0
2867,0,1,31086.83474629249,1.0,0,7,0,0
2868,0,1,45396.07314491804,1.0,0,19,0,0
2869,0,1,37197.59524536429,1.0,0,15,0,0
2870,0,1,37434.63916300109,1.0,0,9,0,0
2871,0,1,35560.52782542271,1.0,0,15,0,0
2872,0,1,36207.95832486384,1.0,0,17,0,0
2873,0,1,37982.44508804837,1.0,0,13,0,0
2874,0,1,26024.155031753045,1.0,0,15,0,0
2875,0,1,33718.28728843571,1.0,0,10,0,0
2876,0,1,27932.3482111415,1.0,0,13,0,0
2877,0,1,42177.32039218406,1.0,0,6,0,0
2878,0,1,30306.03492103948,1.0,0,8,0,0
2879,0,1,38088.30847511395,1.0,0,8,0,0
2880,0,1,39513.17709711729,1.0,0,12,0,0
2881,0,1,36712.24419881256,1.0,0,11,0,0
2882,0,1,35856.6404977801,1.0,0,16,0,0
2883,0,1,34615.31041416039,1.0,0,13,0,0
2884,0,1,39913.25331978972,1.0,0,13,0,0
2885,0,1,28469.92603194889,1.0,0,13,0,0
2886,0,1,37322.05121225134,1.0,0,8,0,0
2887,0,1,26000.0,1.0,0,7,0,0
2888,0,1,29958.59004755987,1.0,0,5,0,0
2889,0,1,30867.006742747875,1.0,0,11,0,0
2890,0,1,26000.0,1.0,0,17,0,0
2891,0,1,35870.13506100674,1.0,0,18,0,0
2892,0,1,28932.118617061074,1.0,0,17,0,0
2893,0,1,43877.15558664772,1.0,0,13,0,0
2894,0,1,32719.704516979604,1.0,0,18,0,0
2895,0,1,39313.794558346286,1.0,0,7,0,0
2896,0,1,42361.01992155144,1.0,0,9,0,0
2897,0,1,38280.61767768786,1.0,0,6,0,0
2898,0,1,31636.920730654758,1.0,0,10,0,0
2899,0,1,34578.75543892412,1.0,0,17,0,0
2900,0,1,26000.0,1.0,0,10,0,0
2901,0,1,39449.97456061418,1.0,0,8,0,0
2902,0,1,51433.535713774254,1.0,0,18,0,0
2903,0,1,41642.71230387436,1.0,0,18,0,0
2904,0,1,31305.931616035457,1.0,0,14,0,0
2905,0,1,31993.48550820019,1.0,0,16,0,0
2906,0,1,42009.84056735266,1.0,0,17,0,0
2907,0,1,26000.0,1.0,0,8,0,0
2908,0,1,26000.0,1.0,0,18,0,0
2909,0,1,29287.56858335776,1.0,0,9,0,0
2910,0,1,29895.32337449365,1.0,0,14,0,0
2911,0,1,26000.0,1.0,0,13,0,0
2912,0,1,37738.40618766002,1.0,0,13,0,0
2913,0,1,31415.61258162243,1.0,0,12,0,0
2914,0,1,31479.82572074973,1.0,0,15,0,0
2915,0,1,35510.02869070856,1.0,0,15,0,0
2916,0,1,26000.0,1.0,0,15,0,0
2917,0,1,33855.66018888523,1.0,0,13,0,0
2918,0,1,26000.0,1.0,0,10,0,0
2919,0,1,37719.45559492442,1.0,0,15,0,0
2920,0,1,43130.96594143693,1.0,0,8,0,0
2921,0,1,39407.81549113383,1.0,0,19,0,0
2922,0,1,30007.99442104769,1.0,0,16,0,0
2923,0,1,38494.53216427791,1.0,0,8,0,0
2924,0,1,32475.741943728037,1.0,0,6,0,0
2925,0,1,35100.86637247898,1.0,0,11,0,0
2926,0,1,38028.26521072328,1.0,0,5,0,0
2927,0,1,26000.0,1.0,0,5,0,0
2928,0,1,26000.0,1.0,0,10,0,0
2929,0,1,33008.386863295054,1.0,0,15,0,0
2930,0,1,28319.57166285612,1.0,0,7,0,0
2931,0,1,34083.82627594897,1.0,0,18,0,0
2932,0,1,35347.23674356398,1.0,0,9,0,0
2933,0,1,26000.0,1.0,0,10,0,0
2934,0,1,30066.86007214654,1.0,0,19,0,0
2935,0,1,31782.599380665477,1.0,0,7,0,0
2936,0,1,26676.99990059803,1.0,0,17,0,0
2937,0,1,36277.48337511043,1.0,0,8,0,0
2938,0,1,40392.88096331766,1.0,0,6,0,0
2939,0,1,26000.0,1.0,0,19,0,0
2940,0,1,39963.67250766714,1.0,0,14,0,0
2941,0,1,37282.28485084018,1.0,0,12,0,0
2942,0,1,39337.53146437563,1.0,0,5,0,0
2943,0,1,43337.94626178534,1.0,0,13,0,0
2944,0,1,30080.85049040195,1.0,0,8,0,0
2945,0,1,41992.150873967184,1.0,0,18,0,0
2946,0,1,43483.5669938473,1.0,0,7,0,0
2947,0,1,26000.0,1.0,0,16,0,0
2948,0,1,35374.876712313126,1.0,0,6,0,0
2949,0,1,35066.257882798585,1.0,0,6,0,0
2950,0,1,44025.22225632584,1.0,0,13,0,0
2951,0,1,54112.26407246552,1.0,0,15,0,0
2952,0,1,39430.41288999626,1.0,0,6,0,0
2953,0,1,50073.83653200425,1.0,0,18,0,0
2954,0,1,49713.89035446519,1.0,0,19,0,0
2955,0,1,28720.85979643351,1.0,0,14,0,0
2956,0,1,38653.844052043976,1.0,0,6,0,0
2957,0,1,33913.52833417537,1.0,0,18,0,0
2958,0,1,37885.11572163247,1.0,0,15,0,0
2959,0,1,39569.80469984893,1.0,0,17,0,0
2960,0,1,40948.95596772608,1.0,0,11,0,0
2961,0,1,31907.313128502687,1.0,0,19,0,0
2962,0,1,33233.69731169152,1.0,0,14,0,0
2963,0,1,40266.52145405687,1.0,0,18,0,0
2964,0,1,36741.55098643963,1.0,0,6,0,0
2965,0,1,29413.757264770244,1.0,0,15,0,0
2966,0,1,33441.30947610337,1.0,0,9,0,0
2967,0,1,42610.29769436839,1.0,0,14,0,0
2968,0,1,27325.13292894111,1.0,0,8,0,0
2969,0,1,34217.73680137115,1.0,0,6,0,0
2970,0,1,26000.0,1.0,0,19,0,0
2971,0,1,43372.23601225493,1.0,0,11,0,0
2972,0,1,54659.82978003402,1.0,0,15,0,0
2973,0,1,45638.68535805767,1.0,0,14,0,0
2974,0,1,30548.900517190785,1.0,0,7,0,0
2975,0,1,30510.89391965617,1.0,0,9,0,0
2976,0,1,42893.612600666034,1.0,0,16,0,0
2977,0,1,41787.07460079215,1.0,0,11,0,0
2978,0,1,46951.3354249468,1.0,0,15,0,0
2979,0,1,34606.78957235361,1.0,0,19,0,0
2980,0,1,26306.120685982205,1.0,0,13,0,0
2981,0,1,34788.71299818221,1.0,0,16,0,0
2982,0,1,33621.24488105349,1.0,0,11,0,0
2983,0,1,52279.12825012541,1.0,0,11,0,0
2984,0,1,39685.03481377225,1.0,0,16,0,0
2985,0,1,26000.0,1.0,0,5,0,0
2986,0,1,40006.38746320073,1.0,0,8,0,0
2987,0,1,43459.46615536496,1.0,0,9,0,0
2988,0,1,42055.450403531344,1.0,0,14,0,0
2989,0,1,41540.21157823507,1.0,0,12,0,0
2990,0,1,36594.12903530358,1.0,0,10,0,0
2991,0,1,33249.369748248166,1.0,0,17,0,0
2992,0,1,26000.0,1.0,0,10,0,0
2993,0,1,47585.42392478899,1.0,0,12,0,0
2994,0,1,38921.95904970617,1.0,0,5,0,0
2995,0,1,30712.710119932723,1.0,0,13,0,0
2996,0,1,35719.3614440162,1.0,0,5,0,0
2997,0,1,26000.0,1.0,0,18,0,0
2998,0,1,35649.103419809966,1.0,0,9,0,0
2999,0,1,44716.7877709299,1.0,0,18,0,0
3000,1,2,41014.90489788838,29.525441032551566,21,28,3,3
3001,1,2,44413.28026186784,29.996733692872564,19,27,3,3
3002,1,2,39787.811266659206,44.68660767629779,23,32,3,3
3003,1,2,43508.55805145467,24.357512207099834,20,29,3,3
3004,1,2,42523.2213808228,31.35499252483194,23,26,3,3
3005,1,2,38241.36928385279,29.060563876721716,17,26,3,3
3006,1,2,46043.54713543354,33.39038619444178,17,21,3,3
3007,1,2,40595.72598409353,32.86363529717129,19,26,3,3
3008,1,2,36967.098559735976,26.176893685062595,20,29,3,3
3009,1,2,42057.54660709864,37.53958095786064,20,28,3,3
3010,1,2,37595.58357196566,75.54368241537627,19,25,3,3
3011,1,2,39675.09033047003,37.72988911543608,18,21,3,3
3012,1,2,31851.219567103217,28.313448867460522,17,20,3,3
3013,1,2,40827.270541975326,26.81552016110235,21,30,3,3
3014,1,2,35184.394420986726,27.656498727101397,21,28,3,3
3015,1,2,49507.1845272389,72.20382130140558,17,25,3,3
3016,1,2,47419.56165956397,47.518798639413745,18,23,3,3
3017,1,2,42211.77343948616,39.033946457874826,22,28,3,3
3018,1,2,44307.86403789055,26.700142122063617,18,25,3,3
3019,1,2,45364.1219348105,30.621152231192532,22,25,3,3
3020,1,2,47819.75300055035,31.840818363284356,20,29,3,3
3021,1,2,51151.861251901006,64.89231503140232,17,23,3,3
3022,1,2,37524.14479557242,31.713063119559088,22,29,3,3
3023,1,2,32027.78991264592,24.01690275577613,20,29,3,3
3024,1,2,32399.65422053901,32.97657707911246,17,22,3,3
3025,1,2,46573.39639254159,63.15678359020249,23,26,3,3
3026,1,2,33775.33831159133,34.43898082109886,23,28,3,3
3027,1,2,37025.56431210868,37.710600354142414,20,27,3,3
3028,1,2,36806.36593147359,35.6274526969753,23,30,3,3
3029,1,2,41527.60893337681,63.00951616726557,23,28,3,3
3030,1,2,37429.00955927622,32.56049890967683,23,28,3,3
3031,1,2,45535.50665082403,25.53464911494745,18,24,3,3
3032,1,2,41384.67521043886,34.398917728459125,22,25,3,3
3033,1,2,46393.4030811698,44.17936008814358,22,26,3,3
3034,1,2,47762.53544089972,37.281620404551845,17,21,3,3
3035,1,2,37304.32135241227,114.22729175788231,19,25,3,3
3036,1,2,56351.008660369655,40.66517712591859,17,21,3,3
3037,1,2,47015.628842739694,37.06086996862349,19,23,3,3
3038,1,2,45269.30457187785,40.223190528991815,23,30,3,3
3039,1,2,33477.69568954341,48.51121746618381,21,24,3,3
3040,1,2,47982.68297877707,57.49571542244441,19,24,3,3
3041,1,2,47459.12000787174,34.226021202043604,17,20,3,3
3042,1,2,40355.25032189472,30.6301577345611,17,22,3,3
3043,1,2,33814.94372080566,36.05388369131283,21,28,3,3
3044,1,2,33720.500954676616,25.50987600454579,23,26,3,3
3045,1,2,48920.25979401772,26.718180257290943,19,28,3,3
3046,1,2,52829.37697429442,51.70037930308255,18,27,3,3
3047,1,2,44830.55479562272,42.27780644398143,23,32,3,3
3048,1,2,42197.70079645038,53.036197306036044,20,23,3,3
3049,1,2,33189.99061355214,30.8524997054122,19,24,3,3
3050,1,2,37761.91215497863,27.166405973119364,17,25,3,3
3051,1,2,46874.47136356373,43.676537689109814,18,24,3,3
3052,1,2,44277.16910190059,40.44996414329141,19,28,3,3
3053,1,2,38719.78941254735,31.321828121650228,19,26,3,3
3054,1,2,41461.60251017737,47.29898592204151,23,31,3,3
3055,1,2,48433.83344475236,44.73974234880844,20,23,3,3
3056,1,2,44733.39630663253,24.96621780941371,20,29,3,3
3057,1,2,37863.87523922489,28.340797755328868,18,24,3,3
3058,1,2,50065.51701584561,44.090401360258,22,27,3,3
3059,1,2,58001.72638146941,68.35201993556448,21,29,3,3
3060,1,2,53847.39182045261,45.49038924772555,21,29,3,3
3061,1,2,39304.706347626416,36.24276066562305,19,26,3,3
3062,1,2,45544.4070643844,40.098811771347265,17,21,3,3
3063,1,2,43230.15812185157,36.896728211821014,18,25,3,3
3064,1,2,34755.75116190245,20.885651302834955,20,27,3,3
3065,1,2,51399.704646227976,69.55481599527194,23,28,3,3
3066,1,2,47470.14562885979,40.080023177503506,22,27,3,3
3067,1,2,43326.78955196104,84.1917725993695,17,25,3,3
3068,1,2,47785.0913108705,43.078545292395006,21,25,3,3
3069,1,2,49002.80240314861,45.49460327865447,22,25,3,3
3070,1,2,47628.60413477116,37.34028872453848,23,26,3,3
3071,1,2,42488.03188948816,35.89696312205975,21,25,3,3
3072,1,2,43302.12885327398,49.99771001065641,17,23,3,3
3073,1,2,39912.69400679461,44.47577506797283,20,23,3,3
3074,1,2,43913.55378460689,36.717471647673655,17,21,3,3
3075,1,2,30000.0,40.72029684720141,19,27,3,3
3076,1,2,41367.7618096853,29.26021835585294,20,25,3,3
3077,1,2,34255.119462334194,23.06433341638454,20,26,3,3
3078,1,2,37775.28734016377,47.83197180407841,19,26,3,3
3079,1,2,37976.63258026003,34.11144557319295,21,27,3,3
3080,1,2,15171.157007617843,17.321532766317183,19,24,3,3
3081,1,2,14430.773487157943,13.300972675265703,19,24,3,3
3082,1,2,11312.78396732468,16.89417355181535,22,25,3,3
3083,1,2,16404.726570720268,17.407742240736518,18,26,3,3
3084,1,2,14147.492697991229,12.936826777499178,23,29,3,3
3085,1,2,12920.22209037582,14.212446600878708,17,26,3,3
3086,1,2,13465.075573102024,16.10458585773768,20,28,3,3
3087,1,2,14200.14691954068,24.459893463832934,23,31,3,3
3088,1,2,12222.926806831809,16.806095620790362,21,30,3,3
3089,1,2,17956.426155048863,17.585262492079657,23,26,3,3
3090,1,2,11255.03251073496,20.807711342140717,19,23,3,3
3091,1,2,16233.593513094198,23.714820625173648,17,23,3,3
3092,1,2,9484.890958913396,7.452271696157278,18,21,3,3
3093,1,2,12341.994083784164,10.701402272949489,18,23,3,3
3094,1,2,14073.12010220772,17.692852567427234,17,22,3,3
3095,1,2,16861.920858811947,13.860038982097368,20,23,3,3
3096,1,2,14289.70008785433,16.42646608544674,17,21,3,3
3097,1,2,11838.42508333668,17.278125388091183,17,21,3,3
3098,1,2,15320.785993372549,16.612322991244373,20,25,3,3
3099,1,2,15657.33581036355,18.828428320120757,19,28,3,3
3100,1,2,14412.671496056177,24.056820268670602,17,25,3,3
3101,1,2,14766.789940475894,15.631372348365497,20,23,3,3
3102,1,2,15277.232784202288,13.06886197205867,23,29,3,3
3103,1,2,14148.416023738191,14.21291953059625,18,25,3,3
3104,1,2,11184.512134571694,11.271905825926822,18,22,3,3
3105,1,2,14647.34513795252,17.114022989350353,20,27,3,3
3106,1,2,11603.41341990256,15.812129002872107,18,23,3,3
3107,1,2,11058.656490498764,8.328061801530026,21,26,3,3
3108,1,2,12470.471557237648,13.07362620424108,21,29,3,3
3109,1,2,13663.612214378492,16.9743695715484,21,25,3,3
3110,1,2,8000.0,9.323448089098807,17,26,3,3
3111,1,2,15994.74292748666,15.831065114018113,20,27,3,3
3112,1,2,11676.130086534122,11.279615553481879,19,26,3,3
3113,1,2,15288.882662155404,17.512506111584667,21,27,3,3
3114,1,2,15994.203189684147,20.81553419669402,23,31,3,3
3115,1,2,12851.3825833474,12.587387516411384,21,25,3,3
3116,1,2,16783.20207020057,23.44854958484477,23,27,3,3
3117,1,2,14460.19423319583,13.712998938251665,20,28,3,3
3118,1,2,12285.824744865631,18.742221978034355,21,30,3,3
3119,1,2,16813.774242826577,13.336410587637372,20,23,3,3
3120,1,2,11223.810606167222,16.21223691572893,18,22,3,3
3121,1,2,14665.326712778658,17.182972921706703,19,26,3,3
3122,1,2,11988.16600233556,15.714509305238696,22,27,3,3
3123,1,2,12207.307496950947,12.036100417974056,20,26,3,3
3124,1,2,11840.560908011405,11.998455540158442,19,22,3,3
3125,1,2,15522.587977514324,14.44541901545973,23,29,3,3
3126,1,2,10715.523507221831,17.502233943270422,18,26,3,3
3127,1,2,13319.097610785846,14.918808025126395,19,23,3,3
3128,1,2,16350.164669892563,14.181342738417353,19,24,3,3
3129,1,2,13500.214560094772,15.398629297928204,20,27,3,3
3130,1,2,12273.604093183016,16.318081929340728,17,22,3,3
3131,1,2,15490.058247325846,30.400312128289215,22,31,3,3
3132,1,2,16580.884934421305,16.93589837123542,22,28,3,3
3133,1,2,15237.04727776894,27.183966378495946,20,27,3,3
3134,1,2,14853.505179833786,22.112921969443093,18,24,3,3
3135,1,2,15303.093424929702,23.304355556079035,20,24,3,3
3136,1,2,15503.762442748372,17.763338069606416,18,23,3,3
3137,1,2,12616.073911169116,11.828047407344037,21,28,3,3
3138,1,2,11962.050996435326,11.657038290508648,21,26,3,3
3139,1,2,8871.438341715253,14.973642891491624,17,20,3,3
3140,1,2,11026.685515920944,16.554299894536065,18,27,3,3
3141,1,2,11176.985298919632,14.976268303923307,22,25,3,3
3142,1,2,13470.59974051004,10.157964175340508,20,28,3,3
3143,1,2,8210.897138373697,14.773302117807162,18,27,3,3
3144,1,2,14111.24852690027,12.676664496159024,22,25,3,3
3145,1,2,14156.15031101074,12.731111320854582,22,29,3,3
3146,1,2,14992.421889108798,17.232606653571764,20,27,3,3
3147,1,2,12678.12080334991,15.077238815808228,18,21,3,3
3148,1,2,16062.28240740025,23.61024379808882,20,28,3,3
3149,1,2,12978.679304904495,25.220681521515875,20,26,3,3
3150,1,2,19108.011093122324,22.383441784137567,21,30,3,3
3151,1,2,12658.724850890942,15.404034073315907,20,25,3,3
3152,1,2,12263.833702259932,16.376424517306518,19,23,3,3
3153,1,2,12621.568061425827,13.3270248705115,23,30,3,3
3154,1,2,15868.847065574571,16.561393173250018,21,29,3,3
3155,1,2,16988.337774511492,18.455304027109676,23,29,3,3
3156,1,2,12254.207360396298,11.531899311070276,18,23,3,3
3157,1,2,12433.996706492808,14.882454442145134,18,21,3,3
3158,1,2,12162.548646864465,10.883060670341912,19,22,3,3
3159,1,2,16400.293493543817,18.603191976970344,21,26,3,3
3160,1,2,14067.911356666733,18.39029287344871,21,24,3,3
3161,1,2,16935.974353564634,18.06272036910698,17,26,3,3
3162,1,2,13309.563780598808,11.721581338694733,19,25,3,3
3163,1,2,8923.044248562432,8.931312531088414,18,23,3,3
3164,1,2,13867.450065686218,12.698358614874756,22,25,3,3
3165,1,2,11422.733195292354,14.143584818672668,23,29,3,3
3166,1,2,16178.32269613544,23.490620096480992,23,29,3,3
3167,1,2,14579.01222837485,14.257407989572945,21,25,3,3
3168,1,2,13655.015014269844,14.891970084752382,19,23,3,3
3169,1,2,11469.662218112731,17.03910724531582,21,25,3,3
3170,1,2,12145.358471928685,13.41651666330505,18,23,3,3
3171,1,2,11271.847063304158,12.379320242467815,20,29,3,3
3172,1,2,11413.634366149088,15.108279543263455,21,30,3,3
3173,1,2,14525.46825462782,13.637447767064074,18,27,3,3
3174,1,2,19018.03273024589,16.325284692710675,22,29,3,3
3175,1,2,14706.693942866026,18.811234561474873,23,30,3,3
3176,1,2,16133.417236935564,16.42092323189305,21,26,3,3
3177,1,2,9663.797629427769,8.75765720680832,20,24,3,3
3178,1,2,13171.181712096828,16.60447446041684,22,25,3,3
3179,1,2,15549.842403888862,15.663923625126445,18,27,3,3
