customer_id,day,amount,txn_type,device_id,address_id
0,48,1646.4328307257924,purchase,dev_family_0,addr_family_0
0,71,1093.1213337029674,purchase,dev_family_0,addr_family_0
0,90,891.6856283508183,purchase,dev_family_0,addr_family_0
0,110,1265.2515955804201,purchase,dev_family_0,addr_family_0
1,16,960.2994341066376,purchase,dev_family_0,addr_family_0
1,25,1419.901674048962,purchase,dev_family_0,addr_family_0
1,33,1497.867598096212,purchase,dev_family_0,addr_family_0
1,51,1385.462828145232,purchase,dev_family_0,addr_family_0
1,71,646.4023159682669,purchase,dev_family_0,addr_family_0
2,47,868.7752334485691,purchase,dev_family_1,addr_family_1
2,52,577.4172338937766,purchase,dev_family_1,addr_family_1
2,67,1795.6299127399104,purchase,dev_family_1,addr_family_1
3,48,2056.96719311847,purchase,dev_family_1,addr_family_1
3,60,707.7966524109631,purchase,dev_family_1,addr_family_1
4,53,1449.9289664193957,purchase,dev_family_1,addr_family_1
4,65,1683.0915990740332,purchase,dev_family_1,addr_family_1
4,76,1117.0796199706392,purchase,dev_family_1,addr_family_1
4,95,1708.6967772898624,purchase,dev_family_1,addr_family_1
5,49,1083.932427690696,purchase,dev_family_1,addr_family_1
5,60,576.129685056207,purchase,dev_family_1,addr_family_1
5,70,813.5249419182778,purchase,dev_family_1,addr_family_1
5,75,851.7222468418327,purchase,dev_family_1,addr_family_1
6,69,1130.5770691868665,purchase,dev_family_2,addr_family_2
6,87,1664.386426314348,purchase,dev_family_2,addr_family_2
6,94,995.1813900998894,purchase,dev_family_2,addr_family_2
6,97,1027.8799360495761,purchase,dev_family_2,addr_family_2
6,116,1354.1457243592204,purchase,dev_family_2,addr_family_2
7,22,1495.174710168619,purchase,dev_family_2,addr_family_2
7,29,1601.0829604907888,purchase,dev_family_2,addr_family_2
8,35,1198.575025543229,purchase,dev_family_2,addr_family_2
8,51,806.1021402843317,purchase,dev_family_2,addr_family_2
8,55,3635.0038381195545,purchase,dev_family_2,addr_family_2
8,59,1647.8137966859324,purchase,dev_family_2,addr_family_2
8,73,1531.274587293184,purchase,dev_family_2,addr_family_2
9,39,1448.8483576269618,purchase,dev_family_3,addr_family_3
9,60,798.0514935188747,purchase,dev_family_3,addr_family_3
9,77,1303.8917491573718,purchase,dev_family_3,addr_family_3
10,48,932.050472005962,purchase,dev_family_3,addr_family_3
10,51,888.2974564562163,purchase,dev_family_3,addr_family_3
10,75,2134.0705823111875,purchase,dev_family_3,addr_family_3
10,84,1238.5307179570839,purchase,dev_family_3,addr_family_3
11,82,725.7438421909692,purchase,dev_family_3,addr_family_3
11,88,2949.956277994493,purchase,dev_family_3,addr_family_3
12,75,2886.7252178369167,purchase,dev_family_4,addr_family_4
12,80,726.1564475768772,purchase,dev_family_4,addr_family_4
12,83,3171.0969892240596,purchase,dev_family_4,addr_family_4
12,88,1105.8906854313566,purchase,dev_family_4,addr_family_4
12,106,2704.550253486812,purchase,dev_family_4,addr_family_4
12,128,1847.638095665583,purchase,dev_family_4,addr_family_4
13,43,2707.3915716201827,purchase,dev_family_4,addr_family_4
13,46,480.54167128298843,purchase,dev_family_4,addr_family_4
14,44,1360.1030477950628,purchase,dev_family_4,addr_family_4
14,63,1710.01443969072,purchase,dev_family_4,addr_family_4
14,87,2211.3952113157884,purchase,dev_family_4,addr_family_4
14,96,2614.162490080354,purchase,dev_family_4,addr_family_4
14,120,1197.5949203356809,purchase,dev_family_4,addr_family_4
15,74,4716.09789154531,purchase,dev_family_5,addr_family_5
15,86,874.260446280794,purchase,dev_family_5,addr_family_5
15,98,996.896041307591,purchase,dev_family_5,addr_family_5
15,103,996.896041307591,return,dev_family_5,addr_family_5
16,44,1027.9073200083678,purchase,dev_family_5,addr_family_5
16,67,1277.7662597601231,purchase,dev_family_5,addr_family_5
16,79,643.21393150252,purchase,dev_family_5,addr_family_5
16,87,774.0273514628649,purchase,dev_family_5,addr_family_5
16,95,5724.632216046237,purchase,dev_family_5,addr_family_5
17,44,1184.837693916078,purchase,dev_family_5,addr_family_5
17,60,1109.7854245298113,purchase,dev_family_5,addr_family_5
17,66,673.5431727098218,purchase,dev_family_5,addr_family_5
17,73,673.5431727098218,return,dev_family_5,addr_family_5
18,15,2222.4331960363393,purchase,dev_family_5,addr_family_5
18,31,1596.9937014198108,purchase,dev_family_5,addr_family_5
19,66,1275.8357088472985,purchase,dev_family_6,addr_family_6
19,83,1624.447888775034,purchase,dev_family_6,addr_family_6
19,89,1624.447888775034,return,dev_family_6,addr_family_6
20,11,1527.480022764379,purchase,dev_family_6,addr_family_6
20,29,2129.6634484123615,purchase,dev_family_6,addr_family_6
20,34,768.7644823655396,purchase,dev_family_6,addr_family_6
21,54,1445.6021926490234,purchase,dev_family_7,addr_family_7
21,75,1189.8408857895868,purchase,dev_family_7,addr_family_7
21,88,1553.0825778375045,purchase,dev_family_7,addr_family_7
21,100,1578.132937031309,purchase,dev_family_7,addr_family_7
22,40,791.1999717854312,purchase,dev_family_7,addr_family_7
22,51,2565.7915265473434,purchase,dev_family_7,addr_family_7
22,72,2413.1927553968258,purchase,dev_family_7,addr_family_7
23,34,743.1130513873438,purchase,dev_family_7,addr_family_7
23,53,1217.645641544275,purchase,dev_family_7,addr_family_7
23,69,3328.6532735734513,purchase,dev_family_7,addr_family_7
23,74,610.3178409305419,purchase,dev_family_7,addr_family_7
23,98,1033.6588608429429,purchase,dev_family_7,addr_family_7
23,122,1842.2941699502567,purchase,dev_family_7,addr_family_7
24,78,1565.5691888157316,purchase,dev_family_7,addr_family_7
24,81,425.96417466433974,purchase,dev_family_7,addr_family_7
24,96,1388.5520417739633,purchase,dev_family_7,addr_family_7
25,44,2801.6800218292674,purchase,dev_family_8,addr_family_8
25,63,1006.7958781470292,purchase,dev_family_8,addr_family_8
25,75,2285.2615895847043,purchase,dev_family_8,addr_family_8
25,95,1533.2909001958926,purchase,dev_family_8,addr_family_8
26,69,2208.153938422349,purchase,dev_family_8,addr_family_8
26,75,1258.2730754895351,purchase,dev_family_8,addr_family_8
27,25,4289.075768668529,purchase,dev_family_9,addr_family_9
27,30,2987.305772563892,purchase,dev_family_9,addr_family_9
27,35,1413.664039178814,purchase,dev_family_9,addr_family_9
27,53,716.3553859747655,purchase,dev_family_9,addr_family_9
27,74,900.4835123302773,purchase,dev_family_9,addr_family_9
27,88,1537.8445769564723,purchase,dev_family_9,addr_family_9
27,111,421.97593303361947,purchase,dev_family_9,addr_family_9
27,129,1685.2899175144917,purchase,dev_family_9,addr_family_9
28,34,1745.91203245255,purchase,dev_family_9,addr_family_9
28,56,1224.3854126012304,purchase,dev_family_9,addr_family_9
28,76,1100.0703528610652,purchase,dev_family_9,addr_family_9
28,83,1172.7193996385047,purchase,dev_family_9,addr_family_9
28,86,1172.7193996385047,return,dev_family_9,addr_family_9
29,20,1161.6050213035246,purchase,dev_family_10,addr_family_10
29,40,2309.08991190361,purchase,dev_family_10,addr_family_10
29,52,911.664834590892,purchase,dev_family_10,addr_family_10
29,55,1275.3268332728571,purchase,dev_family_10,addr_family_10
29,70,881.2143400235796,purchase,dev_family_10,addr_family_10
30,42,3166.508738369391,purchase,dev_family_10,addr_family_10
30,60,1630.1278627512493,purchase,dev_family_10,addr_family_10
30,63,1254.455226250917,purchase,dev_family_10,addr_family_10
31,21,784.5605831409835,purchase,dev_family_10,addr_family_10
31,28,1658.9584096518201,purchase,dev_family_10,addr_family_10
32,67,640.065869132397,purchase,dev_family_11,addr_family_11
32,75,2338.5730678610475,purchase,dev_family_11,addr_family_11
32,92,1254.4233136197047,purchase,dev_family_11,addr_family_11
33,67,1451.1263060135784,purchase,dev_family_11,addr_family_11
33,83,1582.14244649948,purchase,dev_family_11,addr_family_11
34,48,766.0963487626335,purchase,dev_family_11,addr_family_11
34,54,766.0963487626335,return,dev_family_11,addr_family_11
34,57,3528.455720333453,purchase,dev_family_11,addr_family_11
34,69,827.9513874306696,purchase,dev_family_11,addr_family_11
35,53,1343.6828669933307,purchase,dev_family_11,addr_family_11
35,77,2742.450803155295,purchase,dev_family_11,addr_family_11
35,91,1790.7477475429494,purchase,dev_family_11,addr_family_11
35,110,907.1055369701677,purchase,dev_family_11,addr_family_11
35,124,875.0065791930487,purchase,dev_family_11,addr_family_11
35,127,1868.3157174965647,purchase,dev_family_11,addr_family_11
36,21,1147.8701632013913,purchase,dev_family_12,addr_family_12
36,31,536.0872661995345,purchase,dev_family_12,addr_family_12
36,36,536.0872661995345,return,dev_family_12,addr_family_12
37,57,631.9108170832542,purchase,dev_family_12,addr_family_12
37,73,1020.7084724823151,purchase,dev_family_12,addr_family_12
37,85,1012.5365093777169,purchase,dev_family_12,addr_family_12
38,63,1591.3255276832301,purchase,dev_family_12,addr_family_12
38,70,949.3844800642268,purchase,dev_family_12,addr_family_12
38,93,824.6221159873451,purchase,dev_family_12,addr_family_12
38,117,2612.054010877442,purchase,dev_family_12,addr_family_12
39,42,1430.4479249007973,purchase,dev_family_12,addr_family_12
39,55,1117.7966627486035,purchase,dev_family_12,addr_family_12
40,44,1842.2362231136435,purchase,dev_family_13,addr_family_13
40,52,2377.741413970446,purchase,dev_family_13,addr_family_13
41,4,1482.8098592194951,purchase,dev_family_13,addr_family_13
41,23,1865.5906515700458,purchase,dev_family_13,addr_family_13
41,37,1769.1716494720329,purchase,dev_family_13,addr_family_13
41,55,1282.3542360365732,purchase,dev_family_13,addr_family_13
41,76,918.9541315256239,purchase,dev_family_13,addr_family_13
41,87,858.8560620436426,purchase,dev_family_13,addr_family_13
42,29,1236.6678778037103,purchase,dev_family_13,addr_family_13
42,36,1762.0161292787052,purchase,dev_family_13,addr_family_13
42,42,1294.6683902118345,purchase,dev_family_13,addr_family_13
42,58,854.1891076089566,purchase,dev_family_13,addr_family_13
43,66,3636.0320335797264,purchase,dev_family_13,addr_family_13
43,83,1506.7709316027006,purchase,dev_family_13,addr_family_13
43,98,726.917392918444,purchase,dev_family_13,addr_family_13
43,119,586.4693607599116,purchase,dev_family_13,addr_family_13
43,126,586.4693607599116,return,dev_family_13,addr_family_13
43,133,1032.466412017396,purchase,dev_family_13,addr_family_13
43,153,1511.4577476523752,purchase,dev_family_13,addr_family_13
43,161,1003.481323117889,purchase,dev_family_13,addr_family_13
43,173,978.6814747053463,purchase,dev_family_13,addr_family_13
43,181,1961.4970097325258,purchase,dev_family_13,addr_family_13
43,190,1961.4970097325258,return,dev_family_13,addr_family_13
44,14,798.5886436163432,purchase,dev_family_14,addr_family_14
45,63,985.3644761757957,purchase,dev_family_14,addr_family_14
45,71,1361.1072977578935,purchase,dev_family_14,addr_family_14
45,92,982.5655243162696,purchase,dev_family_14,addr_family_14
45,100,982.5655243162696,return,dev_family_14,addr_family_14
45,103,1090.2702048844933,purchase,dev_family_14,addr_family_14
45,111,400.8590360811027,purchase,dev_family_14,addr_family_14
46,29,767.628566693036,purchase,dev_family_14,addr_family_14
46,51,1741.0674613571052,purchase,dev_family_14,addr_family_14
46,63,3738.136450545314,purchase,dev_family_14,addr_family_14
46,83,1131.5429456439456,purchase,dev_family_14,addr_family_14
46,88,563.7800523006155,purchase,dev_family_14,addr_family_14
47,38,1796.5610404440883,purchase,dev_family_14,addr_family_14
47,40,1796.5610404440883,return,dev_family_14,addr_family_14
47,47,1463.6638497329009,purchase,dev_family_14,addr_family_14
47,59,1139.2257544122042,purchase,dev_family_14,addr_family_14
47,83,853.0246564169379,purchase,dev_family_14,addr_family_14
48,69,1983.1108325393852,purchase,dev_family_15,addr_family_15
48,88,937.3554768944576,purchase,dev_family_15,addr_family_15
48,97,1595.0738439270538,purchase,dev_family_15,addr_family_15
48,107,1623.8441667761267,purchase,dev_family_15,addr_family_15
48,115,1232.174821932498,purchase,dev_family_15,addr_family_15
49,53,2833.271188639393,purchase,dev_family_15,addr_family_15
49,68,1083.1330970758909,purchase,dev_family_15,addr_family_15
49,91,2156.03642493821,purchase,dev_family_15,addr_family_15
49,103,885.9384481178689,purchase,dev_family_15,addr_family_15
49,105,885.9384481178689,return,dev_family_15,addr_family_15
49,111,827.3110789609624,purchase,dev_family_15,addr_family_15
49,119,2336.6719346165833,purchase,dev_family_15,addr_family_15
49,133,799.9851298953988,purchase,dev_family_15,addr_family_15
50,50,1198.9865558167694,purchase,dev_family_15,addr_family_15
50,56,1902.3244726204664,purchase,dev_family_15,addr_family_15
50,59,1331.3618898052814,purchase,dev_family_15,addr_family_15
51,29,2354.3252060329282,purchase,dev_family_15,addr_family_15
51,52,844.3412850646846,purchase,dev_family_15,addr_family_15
51,65,1542.706301081163,purchase,dev_family_15,addr_family_15
51,78,765.2725633762678,purchase,dev_family_15,addr_family_15
51,82,1379.0321140769574,purchase,dev_family_15,addr_family_15
51,86,1379.0321140769574,return,dev_family_15,addr_family_15
52,31,2005.210137480431,purchase,dev_family_16,addr_family_16
52,38,435.443791916698,purchase,dev_family_16,addr_family_16
53,20,2133.286683167367,purchase,dev_family_16,addr_family_16
53,33,1112.2515371539212,purchase,dev_family_16,addr_family_16
53,39,1347.121867827999,purchase,dev_family_16,addr_family_16
54,45,1671.1592263252844,purchase,dev_family_16,addr_family_16
54,59,1939.1540847034794,purchase,dev_family_16,addr_family_16
54,71,1588.2621403981673,purchase,dev_family_16,addr_family_16
54,82,1014.2493087775833,purchase,dev_family_16,addr_family_16
54,85,3105.4326040866763,purchase,dev_family_16,addr_family_16
54,106,1521.735453743302,purchase,dev_family_16,addr_family_16
55,36,1633.525190737986,purchase,dev_family_17,addr_family_17
55,54,698.317549708129,purchase,dev_family_17,addr_family_17
55,63,698.317549708129,return,dev_family_17,addr_family_17
56,6,1241.994782000225,purchase,dev_family_17,addr_family_17
56,22,716.8325211492582,purchase,dev_family_17,addr_family_17
56,32,548.2033223472639,purchase,dev_family_17,addr_family_17
56,36,2274.7191414316035,purchase,dev_family_17,addr_family_17
56,39,548.2033223472639,return,dev_family_17,addr_family_17
56,52,1365.7467169798201,purchase,dev_family_17,addr_family_17
56,59,1591.293445701879,purchase,dev_family_17,addr_family_17
57,36,1519.9647267491177,purchase,dev_family_18,addr_family_18
57,56,978.4473300357974,purchase,dev_family_18,addr_family_18
57,73,1513.30638431775,purchase,dev_family_18,addr_family_18
57,84,757.6984622622043,purchase,dev_family_18,addr_family_18
57,102,749.1657421620009,purchase,dev_family_18,addr_family_18
57,109,527.9900418409785,purchase,dev_family_18,addr_family_18
57,126,1262.936156884017,purchase,dev_family_18,addr_family_18
58,42,919.2462505747073,purchase,dev_family_18,addr_family_18
58,64,1137.8195079438588,purchase,dev_family_18,addr_family_18
58,76,1132.3273410269803,purchase,dev_family_18,addr_family_18
58,95,1363.4700526966733,purchase,dev_family_18,addr_family_18
59,77,940.4587000561572,purchase,dev_family_18,addr_family_18
59,92,1048.509497573496,purchase,dev_family_18,addr_family_18
59,115,1360.4118909717188,purchase,dev_family_18,addr_family_18
59,134,1584.9237268665295,purchase,dev_family_18,addr_family_18
60,20,1396.8716808268066,purchase,dev_family_18,addr_family_18
60,39,2029.4415361325455,purchase,dev_family_18,addr_family_18
60,52,999.8076720487549,purchase,dev_family_18,addr_family_18
60,66,1539.8374568291729,purchase,dev_family_18,addr_family_18
61,29,1331.2057021653475,purchase,dev_family_19,addr_family_19
61,38,1320.820973320066,purchase,dev_family_19,addr_family_19
61,57,2151.2940094284677,purchase,dev_family_19,addr_family_19
62,44,2496.072284792099,purchase,dev_family_19,addr_family_19
62,56,571.3509067914986,purchase,dev_family_19,addr_family_19
63,17,2263.5050666143165,purchase,dev_family_19,addr_family_19
63,23,870.3026461222444,purchase,dev_family_19,addr_family_19
63,44,1627.574018067624,purchase,dev_family_19,addr_family_19
64,30,707.3260810882592,purchase,dev_family_20,addr_family_20
64,52,782.0177197696867,purchase,dev_family_20,addr_family_20
64,69,1768.330295242175,purchase,dev_family_20,addr_family_20
64,81,2194.4847776729293,purchase,dev_family_20,addr_family_20
65,56,523.0101054764576,purchase,dev_family_20,addr_family_20
65,59,1421.7061316944923,purchase,dev_family_20,addr_family_20
65,82,1232.6493549046818,purchase,dev_family_20,addr_family_20
66,41,1343.4662949131005,purchase,dev_family_20,addr_family_20
66,45,3052.441370636351,purchase,dev_family_20,addr_family_20
66,58,1798.61722983847,purchase,dev_family_20,addr_family_20
67,17,2065.204060606598,purchase,dev_family_21,addr_family_21
68,10,309.4210009080787,purchase,dev_family_21,addr_family_21
68,30,565.8156374738833,purchase,dev_family_21,addr_family_21
68,49,1700.6480590937722,purchase,dev_family_21,addr_family_21
68,64,2657.843860466293,purchase,dev_family_21,addr_family_21
68,68,4111.158561464941,purchase,dev_family_21,addr_family_21
69,58,676.971499568084,purchase,dev_family_21,addr_family_21
69,80,2126.385520615,purchase,dev_family_21,addr_family_21
69,84,1162.8185546470445,purchase,dev_family_21,addr_family_21
69,97,1823.3068826053395,purchase,dev_family_21,addr_family_21
69,108,795.687231747929,purchase,dev_family_21,addr_family_21
70,35,1934.8625052370357,purchase,dev_family_22,addr_family_22
70,50,663.7233698212154,purchase,dev_family_22,addr_family_22
70,53,1151.349625075769,purchase,dev_family_22,addr_family_22
70,59,2806.3423379385117,purchase,dev_family_22,addr_family_22
70,68,2584.8013473083906,purchase,dev_family_22,addr_family_22
71,68,1088.725981259037,purchase,dev_family_22,addr_family_22
71,76,1587.8004749795737,purchase,dev_family_22,addr_family_22
71,81,1110.5151309062405,purchase,dev_family_22,addr_family_22
71,90,722.4104419639954,purchase,dev_family_22,addr_family_22
71,93,1042.7613608695276,purchase,dev_family_22,addr_family_22
71,112,803.9020389558002,purchase,dev_family_22,addr_family_22
72,23,1587.534845736767,purchase,dev_family_23,addr_family_23
72,32,1644.043818195218,purchase,dev_family_23,addr_family_23
73,50,2425.558767363839,purchase,dev_family_23,addr_family_23
73,62,1707.1499383323837,purchase,dev_family_23,addr_family_23
73,80,1338.49840894998,purchase,dev_family_23,addr_family_23
73,90,2003.8774740084725,purchase,dev_family_23,addr_family_23
73,102,830.9786407317705,purchase,dev_family_23,addr_family_23
74,55,1756.8842938673026,purchase,dev_family_23,addr_family_23
74,78,719.9071429448213,purchase,dev_family_23,addr_family_23
74,102,1414.9137827284346,purchase,dev_family_23,addr_family_23
74,118,2796.173860381512,purchase,dev_family_23,addr_family_23
75,37,2771.170548842229,purchase,dev_family_23,addr_family_23
75,49,2359.293021759972,purchase,dev_family_23,addr_family_23
75,60,783.6940672536372,purchase,dev_family_23,addr_family_23
76,5,604.0173182597457,purchase,dev_family_24,addr_family_24
76,16,1500.2589763000678,purchase,dev_family_24,addr_family_24
76,27,998.9527272556902,purchase,dev_family_24,addr_family_24
76,43,1513.0401349943809,purchase,dev_family_24,addr_family_24
77,55,619.0508381151893,purchase,dev_family_24,addr_family_24
77,61,994.2170571498991,purchase,dev_family_24,addr_family_24
77,73,1993.1391287022927,purchase,dev_family_24,addr_family_24
77,76,2472.899129136724,purchase,dev_family_24,addr_family_24
78,66,1736.8532651887726,purchase,dev_family_24,addr_family_24
78,70,1901.43012317736,purchase,dev_family_24,addr_family_24
78,92,2570.3119038833033,purchase,dev_family_24,addr_family_24
78,113,2817.7645726538067,purchase,dev_family_24,addr_family_24
78,119,1187.7088587127773,purchase,dev_family_24,addr_family_24
79,38,817.0386698704646,purchase,dev_family_24,addr_family_24
79,52,1341.514226987648,purchase,dev_family_24,addr_family_24
79,73,1221.5943474719381,purchase,dev_family_24,addr_family_24
80,50,856.5359791054422,purchase,dev_family_25,addr_family_25
80,71,950.5812712083209,purchase,dev_family_25,addr_family_25
80,83,2550.9525684666296,purchase,dev_family_25,addr_family_25
81,35,1020.874186152142,purchase,dev_family_25,addr_family_25
81,42,1891.3614873281472,purchase,dev_family_25,addr_family_25
81,52,2229.4759718121754,purchase,dev_family_25,addr_family_25
81,58,1468.5472350579078,purchase,dev_family_25,addr_family_25
81,79,1011.5696239418471,purchase,dev_family_25,addr_family_25
82,21,1179.3231074554203,purchase,dev_family_25,addr_family_25
82,38,818.4571011110746,purchase,dev_family_25,addr_family_25
82,49,3297.3387208519116,purchase,dev_family_25,addr_family_25
82,57,3297.3387208519116,return,dev_family_25,addr_family_25
82,63,754.0042475939783,purchase,dev_family_25,addr_family_25
82,67,1263.3976353357727,purchase,dev_family_25,addr_family_25
82,75,601.7830964470986,purchase,dev_family_25,addr_family_25
83,57,897.7522610696076,purchase,dev_family_26,addr_family_26
83,72,1332.3247952992963,purchase,dev_family_26,addr_family_26
83,88,1607.8961607920362,purchase,dev_family_26,addr_family_26
83,110,1248.2602380600063,purchase,dev_family_26,addr_family_26
84,62,3569.7195004758337,purchase,dev_family_26,addr_family_26
84,71,2814.2734094003777,purchase,dev_family_26,addr_family_26
84,88,691.4075403573094,purchase,dev_family_26,addr_family_26
85,37,938.076467739337,purchase,dev_family_26,addr_family_26
85,51,1554.2611011821919,purchase,dev_family_26,addr_family_26
85,61,1048.8622308115791,purchase,dev_family_26,addr_family_26
86,24,541.6882546336366,purchase,dev_family_27,addr_family_27
86,35,2597.9497095985344,purchase,dev_family_27,addr_family_27
87,14,1928.2287550886601,purchase,dev_family_27,addr_family_27
87,25,1771.8335357609333,purchase,dev_family_27,addr_family_27
87,48,764.0366688292062,purchase,dev_family_27,addr_family_27
87,54,1398.6360223732713,purchase,dev_family_27,addr_family_27
88,62,1824.562219167619,purchase,dev_family_27,addr_family_27
88,82,811.8814107501395,purchase,dev_family_27,addr_family_27
89,71,2172.534240568373,purchase,dev_family_27,addr_family_27
89,81,899.2350930548062,purchase,dev_family_27,addr_family_27
89,91,978.2425397384861,purchase,dev_family_27,addr_family_27
89,106,1313.8681730375404,purchase,dev_family_27,addr_family_27
89,115,2207.615309034764,purchase,dev_family_27,addr_family_27
89,121,1993.9821624543479,purchase,dev_family_27,addr_family_27
90,64,2764.65850670957,purchase,dev_family_28,addr_family_28
90,69,980.6343472479003,purchase,dev_family_28,addr_family_28
90,78,980.6343472479003,return,dev_family_28,addr_family_28
90,85,3011.0229622333823,purchase,dev_family_28,addr_family_28
90,88,1201.0908156886537,purchase,dev_family_28,addr_family_28
90,94,489.28674224004027,purchase,dev_family_28,addr_family_28
90,115,1380.545823266934,purchase,dev_family_28,addr_family_28
91,66,1099.61299490131,purchase,dev_family_28,addr_family_28
91,73,2044.158626517888,purchase,dev_family_28,addr_family_28
91,87,962.266610197573,purchase,dev_family_28,addr_family_28
91,110,1375.7314240212531,purchase,dev_family_28,addr_family_28
91,126,374.9962150009108,purchase,dev_family_28,addr_family_28
92,43,742.4827297173192,purchase,dev_family_28,addr_family_28
92,50,1639.2219874634188,purchase,dev_family_28,addr_family_28
92,71,3354.684210253517,purchase,dev_family_28,addr_family_28
92,80,3354.684210253517,return,dev_family_28,addr_family_28
92,85,637.4477165639436,purchase,dev_family_28,addr_family_28
92,100,1011.9383388046069,purchase,dev_family_28,addr_family_28
92,106,613.1182538291449,purchase,dev_family_28,addr_family_28
92,112,613.1182538291449,return,dev_family_28,addr_family_28
93,42,523.7453626231712,purchase,dev_family_29,addr_family_29
93,49,2076.1527115158306,purchase,dev_family_29,addr_family_29
93,56,3393.942160004198,purchase,dev_family_29,addr_family_29
94,55,799.3520725666995,purchase,dev_family_29,addr_family_29
94,69,1577.2241836935243,purchase,dev_family_29,addr_family_29
94,83,1268.2933086519588,purchase,dev_family_29,addr_family_29
94,87,1268.2933086519588,return,dev_family_29,addr_family_29
94,92,702.0880797497664,purchase,dev_family_29,addr_family_29
94,115,1921.6367462682047,purchase,dev_family_29,addr_family_29
94,138,1109.754332909837,purchase,dev_family_29,addr_family_29
95,15,2061.1101516779318,purchase,dev_family_29,addr_family_29
95,39,1617.2361530412086,purchase,dev_family_29,addr_family_29
95,46,2496.93055891158,purchase,dev_family_29,addr_family_29
95,51,628.0517779932054,purchase,dev_family_29,addr_family_29
96,58,1549.3886432896118,purchase,dev_family_30,addr_family_30
96,70,319.4090351002615,purchase,dev_family_30,addr_family_30
96,88,1233.57839173488,purchase,dev_family_30,addr_family_30
96,95,2500.832326895271,purchase,dev_family_30,addr_family_30
96,106,1584.779356467203,purchase,dev_family_30,addr_family_30
97,34,1687.67352063838,purchase,dev_family_30,addr_family_30
97,43,1810.441872925166,purchase,dev_family_30,addr_family_30
98,68,1047.5110414634034,purchase,dev_family_30,addr_family_30
98,74,1895.6845754469773,purchase,dev_family_30,addr_family_30
98,82,1333.5537566489688,purchase,dev_family_30,addr_family_30
98,96,1086.3466278186506,purchase,dev_family_30,addr_family_30
99,61,4083.2021704972813,purchase,dev_family_31,addr_family_31
99,77,1358.329742592179,purchase,dev_family_31,addr_family_31
99,100,1206.278870524309,purchase,dev_family_31,addr_family_31
100,46,1858.1372087975221,purchase,dev_family_31,addr_family_31
100,64,841.7688203881471,purchase,dev_family_31,addr_family_31
100,87,591.2674042704183,purchase,dev_family_31,addr_family_31
100,90,1074.9249753295082,purchase,dev_family_31,addr_family_31
101,49,2749.990513943607,purchase,dev_family_32,addr_family_32
101,65,1548.4662412539396,purchase,dev_family_32,addr_family_32
101,68,1149.0803311303675,purchase,dev_family_32,addr_family_32
101,81,1138.2274856665135,purchase,dev_family_32,addr_family_32
102,60,1601.4419343558893,purchase,dev_family_32,addr_family_32
102,83,874.0349721060289,purchase,dev_family_32,addr_family_32
102,107,2195.7448804730657,purchase,dev_family_32,addr_family_32
102,111,678.4907301116345,purchase,dev_family_32,addr_family_32
102,130,553.4597018967679,purchase,dev_family_32,addr_family_32
102,141,1330.4760726626173,purchase,dev_family_32,addr_family_32
103,16,1101.756715162813,purchase,dev_family_33,addr_family_33
103,40,1677.3814080076934,purchase,dev_family_33,addr_family_33
103,47,1579.6708307195418,purchase,dev_family_33,addr_family_33
104,72,1464.6483838838947,purchase,dev_family_33,addr_family_33
104,78,1324.3239242309594,purchase,dev_family_33,addr_family_33
104,99,1122.3641964655524,purchase,dev_family_33,addr_family_33
105,52,1579.9444589001378,purchase,dev_family_33,addr_family_33
105,62,1718.7623047815111,purchase,dev_family_33,addr_family_33
105,85,3636.4277409456836,purchase,dev_family_33,addr_family_33
105,104,1385.6942888215033,purchase,dev_family_33,addr_family_33
105,122,493.3735788709113,purchase,dev_family_33,addr_family_33
105,131,1487.936657411506,purchase,dev_family_33,addr_family_33
106,34,1230.044698957416,purchase,dev_family_34,addr_family_34
106,47,1768.134145117046,purchase,dev_family_34,addr_family_34
106,60,2187.9928039252977,purchase,dev_family_34,addr_family_34
106,84,829.0546895194034,purchase,dev_family_34,addr_family_34
106,89,576.125865197896,purchase,dev_family_34,addr_family_34
106,106,1175.6189907426656,purchase,dev_family_34,addr_family_34
106,128,1507.9067267386174,purchase,dev_family_34,addr_family_34
106,149,1189.954782725583,purchase,dev_family_34,addr_family_34
106,165,896.3939153447384,purchase,dev_family_34,addr_family_34
107,18,1001.3850046510114,purchase,dev_family_34,addr_family_34
107,22,978.2981162625427,purchase,dev_family_34,addr_family_34
108,73,1436.4960892780286,purchase,dev_family_34,addr_family_34
108,96,754.8989950556709,purchase,dev_family_34,addr_family_34
108,120,748.6436481210965,purchase,dev_family_34,addr_family_34
109,36,1588.8318549291785,purchase,dev_family_34,addr_family_34
109,56,647.5528164371643,purchase,dev_family_34,addr_family_34
109,73,2240.356894081559,purchase,dev_family_34,addr_family_34
110,7,1240.7695387768003,purchase,dev_family_35,addr_family_35
111,22,414.8132196523677,purchase,dev_family_35,addr_family_35
111,41,818.5238508863114,purchase,dev_family_35,addr_family_35
112,39,785.4078330953084,purchase,dev_family_36,addr_family_36
112,63,2520.6445072966762,purchase,dev_family_36,addr_family_36
112,68,1145.7586570708852,purchase,dev_family_36,addr_family_36
112,76,1476.7980092620915,purchase,dev_family_36,addr_family_36
112,85,1105.5514476832536,purchase,dev_family_36,addr_family_36
112,101,1311.2166025826555,purchase,dev_family_36,addr_family_36
112,110,954.2867814429095,purchase,dev_family_36,addr_family_36
112,133,550.8743153590997,purchase,dev_family_36,addr_family_36
113,17,1370.9767714830953,purchase,dev_family_36,addr_family_36
114,23,2295.995225319441,purchase,dev_family_36,addr_family_36
114,27,884.1396799929532,purchase,dev_family_36,addr_family_36
114,43,1543.077833416356,purchase,dev_family_36,addr_family_36
114,48,554.1247502466969,purchase,dev_family_36,addr_family_36
114,52,1209.6774943117412,purchase,dev_family_36,addr_family_36
115,76,1375.7151119298483,purchase,dev_family_36,addr_family_36
115,84,2403.7110036646,purchase,dev_family_36,addr_family_36
115,105,1039.7116062675643,purchase,dev_family_36,addr_family_36
115,125,1751.3610098955787,purchase,dev_family_36,addr_family_36
116,29,1272.4111903042203,purchase,dev_family_37,addr_family_37
116,33,945.6702867511382,purchase,dev_family_37,addr_family_37
116,57,1340.7704336476083,purchase,dev_family_37,addr_family_37
116,71,1280.927621385296,purchase,dev_family_37,addr_family_37
116,91,1433.052016129749,purchase,dev_family_37,addr_family_37
116,99,597.3328852384299,purchase,dev_family_37,addr_family_37
116,118,1607.222027623601,purchase,dev_family_37,addr_family_37
117,59,972.8678973347571,purchase,dev_family_37,addr_family_37
117,80,1516.2171283105693,purchase,dev_family_37,addr_family_37
117,102,2072.536088833228,purchase,dev_family_37,addr_family_37
117,112,1239.3905168534409,purchase,dev_family_37,addr_family_37
118,64,1482.9914686473037,purchase,dev_family_37,addr_family_37
118,72,1046.5971070661192,purchase,dev_family_37,addr_family_37
118,83,1507.809264881091,purchase,dev_family_37,addr_family_37
118,102,1067.7200405235724,purchase,dev_family_37,addr_family_37
118,111,1234.0086942037497,purchase,dev_family_37,addr_family_37
118,118,429.2896209001344,purchase,dev_family_37,addr_family_37
119,13,685.9527819210733,purchase,dev_family_37,addr_family_37
119,20,961.6487851685092,purchase,dev_family_37,addr_family_37
119,25,2353.5435871765794,purchase,dev_family_37,addr_family_37
119,39,1027.9932158751074,purchase,dev_family_37,addr_family_37
119,60,1364.7978701389807,purchase,dev_family_37,addr_family_37
120,35,1218.312817643346,purchase,dev_family_38,addr_family_38
120,55,1102.8835185559349,purchase,dev_family_38,addr_family_38
120,63,1725.5335346540876,purchase,dev_family_38,addr_family_38
120,86,909.299089915822,purchase,dev_family_38,addr_family_38
120,104,1566.9863165417896,purchase,dev_family_38,addr_family_38
121,52,1834.2631868577669,purchase,dev_family_38,addr_family_38
121,64,800.0238054469022,purchase,dev_family_38,addr_family_38
121,80,743.8949597084822,purchase,dev_family_38,addr_family_38
121,95,789.5179449350999,purchase,dev_family_38,addr_family_38
121,113,1246.2044995749195,purchase,dev_family_38,addr_family_38
122,66,1388.5409810876656,purchase,dev_family_39,addr_family_39
122,80,2344.3192504062936,purchase,dev_family_39,addr_family_39
122,93,683.0709441892109,purchase,dev_family_39,addr_family_39
122,110,2782.7018737660137,purchase,dev_family_39,addr_family_39
122,126,1404.897350903758,purchase,dev_family_39,addr_family_39
123,53,2225.5461123604728,purchase,dev_family_39,addr_family_39
123,68,1535.975862635649,purchase,dev_family_39,addr_family_39
123,71,530.5525827129693,purchase,dev_family_39,addr_family_39
123,74,530.5525827129693,return,dev_family_39,addr_family_39
123,86,1243.8464058699426,purchase,dev_family_39,addr_family_39
123,110,1313.1010845705614,purchase,dev_family_39,addr_family_39
124,18,1339.0537026725854,purchase,dev_family_39,addr_family_39
124,40,2165.414666131575,purchase,dev_family_39,addr_family_39
124,60,1535.94625469387,purchase,dev_family_39,addr_family_39
124,67,1458.3901532540795,purchase,dev_family_39,addr_family_39
125,69,862.7964381974664,purchase,dev_family_40,addr_family_40
125,92,2920.202154618034,purchase,dev_family_40,addr_family_40
125,104,1196.0415894910516,purchase,dev_family_40,addr_family_40
125,128,766.1179954802126,purchase,dev_family_40,addr_family_40
125,136,1788.8546199579187,purchase,dev_family_40,addr_family_40
125,151,1176.9093061069973,purchase,dev_family_40,addr_family_40
125,168,853.7632308871038,purchase,dev_family_40,addr_family_40
126,36,1361.5072166673322,purchase,dev_family_40,addr_family_40
126,42,1864.3898025937751,purchase,dev_family_40,addr_family_40
126,45,1503.635334536517,purchase,dev_family_40,addr_family_40
126,63,1698.6074268527402,purchase,dev_family_40,addr_family_40
127,6,1630.5757220114058,purchase,dev_family_41,addr_family_41
128,62,1548.3463012666996,purchase,dev_family_41,addr_family_41
128,70,1548.3463012666996,return,dev_family_41,addr_family_41
128,77,1880.4417012470853,purchase,dev_family_41,addr_family_41
128,83,1506.8624724727358,purchase,dev_family_41,addr_family_41
129,65,2731.659207110718,purchase,dev_family_41,addr_family_41
129,84,2727.261237612902,purchase,dev_family_41,addr_family_41
129,88,1409.124284108781,purchase,dev_family_41,addr_family_41
129,102,786.993614988844,purchase,dev_family_41,addr_family_41
129,119,613.6339261777636,purchase,dev_family_41,addr_family_41
129,123,905.4300906908778,purchase,dev_family_41,addr_family_41
130,28,616.7663677855672,purchase,dev_family_41,addr_family_41
130,35,1069.5730285362938,purchase,dev_family_41,addr_family_41
131,57,1825.3965119371023,purchase,dev_family_42,addr_family_42
131,71,1441.8195412410853,purchase,dev_family_42,addr_family_42
131,74,1665.2477130894658,purchase,dev_family_42,addr_family_42
132,26,291.83358263668333,purchase,dev_family_42,addr_family_42
132,43,1142.937106531179,purchase,dev_family_42,addr_family_42
132,58,775.2080687616643,purchase,dev_family_42,addr_family_42
133,32,1931.8123927999072,purchase,dev_family_42,addr_family_42
133,51,869.9251459663044,purchase,dev_family_42,addr_family_42
133,64,681.9459762094765,purchase,dev_family_42,addr_family_42
133,81,749.2200984886075,purchase,dev_family_42,addr_family_42
133,92,897.1208497887217,purchase,dev_family_42,addr_family_42
133,97,724.9061691769698,purchase,dev_family_42,addr_family_42
134,32,850.1803944215981,purchase,dev_family_42,addr_family_42
134,49,3642.7040320675674,purchase,dev_family_42,addr_family_42
135,17,999.2192060084732,purchase,dev_family_43,addr_family_43
135,35,1169.759190432225,purchase,dev_family_43,addr_family_43
135,48,927.7906561609169,purchase,dev_family_43,addr_family_43
135,54,927.7906561609169,return,dev_family_43,addr_family_43
135,57,1281.380161734677,purchase,dev_family_43,addr_family_43
135,75,1190.445490831551,purchase,dev_family_43,addr_family_43
135,87,1411.410749795905,purchase,dev_family_43,addr_family_43
135,96,1968.3057897801605,purchase,dev_family_43,addr_family_43
136,34,1710.1464040471178,purchase,dev_family_43,addr_family_43
137,30,912.6856033770994,purchase,dev_family_43,addr_family_43
137,44,678.4957946218517,purchase,dev_family_43,addr_family_43
137,65,1503.9198654180448,purchase,dev_family_43,addr_family_43
137,88,1399.5888844864837,purchase,dev_family_43,addr_family_43
137,107,1279.5068257554087,purchase,dev_family_43,addr_family_43
138,58,1664.0420836644028,purchase,dev_family_44,addr_family_44
138,70,663.5500114870975,purchase,dev_family_44,addr_family_44
139,14,1332.6196454126837,purchase,dev_family_44,addr_family_44
139,38,1320.7545254302536,purchase,dev_family_44,addr_family_44
139,46,1791.7090496266555,purchase,dev_family_44,addr_family_44
139,65,902.3539267279449,purchase,dev_family_44,addr_family_44
139,79,1293.4917287314431,purchase,dev_family_44,addr_family_44
139,85,1776.8131782629393,purchase,dev_family_44,addr_family_44
140,44,1098.3266567089725,purchase,dev_family_45,addr_family_45
140,53,1936.0755008712704,purchase,dev_family_45,addr_family_45
140,66,814.9698033472289,purchase,dev_family_45,addr_family_45
140,72,2124.5597031959646,purchase,dev_family_45,addr_family_45
141,36,1409.6945515860432,purchase,dev_family_45,addr_family_45
141,55,726.0708584077568,purchase,dev_family_45,addr_family_45
141,58,5589.914168561162,purchase,dev_family_45,addr_family_45
141,68,1792.8361169332081,purchase,dev_family_45,addr_family_45
141,73,541.7980548361643,purchase,dev_family_45,addr_family_45
142,42,1147.6696996454818,purchase,dev_142,addr_142
142,54,1317.9482373440214,purchase,dev_142,addr_142
142,70,1214.3908245578948,purchase,dev_142,addr_142
142,75,498.2617138574442,purchase,dev_142,addr_142
142,79,1214.3908245578948,return,dev_142,addr_142
143,52,1375.917804345785,purchase,dev_143,addr_143
143,62,1641.9370417635184,purchase,dev_143,addr_143
143,66,1641.9370417635184,return,dev_143,addr_143
143,69,1449.8625317779038,purchase,dev_143,addr_143
144,31,1430.7254560825272,purchase,dev_144,addr_144
144,52,1404.3028500363641,purchase,dev_144,addr_144
144,71,895.8174782267831,purchase,dev_144,addr_144
144,80,2897.913945534725,purchase,dev_144,addr_144
144,83,937.3814077009524,purchase,dev_144,addr_144
144,85,937.3814077009524,return,dev_144,addr_144
144,100,1036.87772635828,purchase,dev_144,addr_144
145,70,1716.7212784455123,purchase,dev_145,addr_145
145,82,1479.24826747968,purchase,dev_145,addr_145
145,103,1382.0858902247007,purchase,dev_145,addr_145
146,38,1320.7976423030589,purchase,dev_146,addr_146
146,46,4037.0223356413667,purchase,dev_146,addr_146
146,61,2285.250747478479,purchase,dev_146,addr_146
146,73,4310.988726055443,purchase,dev_146,addr_146
146,86,898.3835811077763,purchase,dev_146,addr_146
147,67,1134.464185376673,purchase,dev_147,addr_147
147,75,1631.2776558760158,purchase,dev_147,addr_147
147,83,836.0262756000031,purchase,dev_147,addr_147
147,87,1116.340667028081,purchase,dev_147,addr_147
148,25,1581.7168603465632,purchase,dev_148,addr_148
148,35,923.406488181435,purchase,dev_148,addr_148
148,53,835.4940592848874,purchase,dev_148,addr_148
148,72,2567.2207546902578,purchase,dev_148,addr_148
148,85,1812.5621718292505,purchase,dev_148,addr_148
149,58,1153.0587441982857,purchase,dev_149,addr_149
149,73,1374.505296108534,purchase,dev_149,addr_149
149,95,1726.5219422090768,purchase,dev_149,addr_149
149,97,1726.5219422090768,return,dev_149,addr_149
149,112,3868.304983491451,purchase,dev_149,addr_149
149,124,811.4413632602284,purchase,dev_149,addr_149
150,28,1762.5051154028797,purchase,dev_150,addr_150
150,39,840.8920192158245,purchase,dev_150,addr_150
150,53,1460.4553794831693,purchase,dev_150,addr_150
151,33,1226.0714615981992,purchase,dev_151,addr_151
151,47,1812.379299759537,purchase,dev_151,addr_151
151,56,1066.2700490327124,purchase,dev_151,addr_151
151,70,1817.8730779755097,purchase,dev_151,addr_151
152,77,868.5211438804245,purchase,dev_152,addr_152
152,95,1275.333785313661,purchase,dev_152,addr_152
152,114,637.2862956890735,purchase,dev_152,addr_152
153,71,1444.416573140601,purchase,dev_153,addr_153
153,77,1538.625501861036,purchase,dev_153,addr_153
153,98,781.503271135152,purchase,dev_153,addr_153
153,116,844.0908323165501,purchase,dev_153,addr_153
154,49,895.1606466075541,purchase,dev_154,addr_154
154,73,2145.862418468768,purchase,dev_154,addr_154
154,91,607.235380057944,purchase,dev_154,addr_154
154,93,607.235380057944,return,dev_154,addr_154
154,113,2399.0690492569,purchase,dev_154,addr_154
155,20,1515.258870260033,purchase,dev_155,addr_155
155,34,1764.2169039786997,purchase,dev_155,addr_155
155,55,1435.2618202350432,purchase,dev_155,addr_155
155,59,1700.717270492136,purchase,dev_155,addr_155
155,68,1203.347491913582,purchase,dev_155,addr_155
156,33,1836.5376482705485,purchase,dev_156,addr_156
156,37,1427.148231145939,purchase,dev_156,addr_156
157,26,1348.4051406660471,purchase,dev_157,addr_157
157,35,1684.5935012044686,purchase,dev_157,addr_157
157,41,1898.3571931552876,purchase,dev_157,addr_157
157,56,607.7905552227446,purchase,dev_157,addr_157
158,37,2129.9870945227376,purchase,dev_158,addr_158
158,55,920.5756048767212,purchase,dev_158,addr_158
158,64,1048.2620957528864,purchase,dev_158,addr_158
159,23,1348.418773901232,purchase,dev_159,addr_159
159,36,1526.4654926211495,purchase,dev_159,addr_159
159,59,2655.510824077269,purchase,dev_159,addr_159
159,63,1716.5304529483524,purchase,dev_159,addr_159
160,53,2512.1380327830066,purchase,dev_160,addr_160
160,72,406.7934848844968,purchase,dev_160,addr_160
160,80,441.5374631488922,purchase,dev_160,addr_160
160,95,2207.9880824382935,purchase,dev_160,addr_160
161,23,1047.5711644608236,purchase,dev_161,addr_161
161,26,5343.937105763426,purchase,dev_161,addr_161
161,30,5343.937105763426,return,dev_161,addr_161
162,54,479.44028287563964,purchase,dev_162,addr_162
162,62,479.44028287563964,return,dev_162,addr_162
162,63,824.7660764589621,purchase,dev_162,addr_162
163,46,1855.2417877016148,purchase,dev_163,addr_163
163,61,1314.715240118837,purchase,dev_163,addr_163
164,43,2451.933765402547,purchase,dev_164,addr_164
164,57,813.2090441344933,purchase,dev_164,addr_164
164,75,1703.0348561311403,purchase,dev_164,addr_164
165,25,1987.1444584417281,purchase,dev_165,addr_165
165,30,1264.7263143973537,purchase,dev_165,addr_165
165,37,1121.7568468060647,purchase,dev_165,addr_165
166,10,1885.6331961609794,purchase,dev_166,addr_166
166,14,1871.0923274358017,purchase,dev_166,addr_166
166,29,1309.6332251326712,purchase,dev_166,addr_166
166,42,584.0905716763525,purchase,dev_166,addr_166
166,48,859.4288903235193,purchase,dev_166,addr_166
166,52,1222.1308612773244,purchase,dev_166,addr_166
166,56,1797.858726039105,purchase,dev_166,addr_166
167,55,1549.0027084544931,purchase,dev_167,addr_167
167,79,1024.6870866168942,purchase,dev_167,addr_167
167,101,2944.925492441473,purchase,dev_167,addr_167
167,104,2333.173930539943,purchase,dev_167,addr_167
167,123,922.8885970555024,purchase,dev_167,addr_167
167,141,418.40509981522297,purchase,dev_167,addr_167
168,46,2361.12773165798,purchase,dev_168,addr_168
168,52,1003.827791797313,purchase,dev_168,addr_168
168,76,625.7183579318644,purchase,dev_168,addr_168
169,37,819.2989504962928,purchase,dev_169,addr_169
169,53,2203.4281225600907,purchase,dev_169,addr_169
169,76,1782.1700556681799,purchase,dev_169,addr_169
169,98,1938.842169814684,purchase,dev_169,addr_169
169,115,1109.8142131091797,purchase,dev_169,addr_169
170,45,885.549077903857,purchase,dev_170,addr_170
170,68,1400.7966418838012,purchase,dev_170,addr_170
170,86,533.1526436417457,purchase,dev_170,addr_170
170,98,713.57922411042,purchase,dev_170,addr_170
171,27,1074.6454471718685,purchase,dev_171,addr_171
171,47,1350.2765572009578,purchase,dev_171,addr_171
171,58,1078.5616982839667,purchase,dev_171,addr_171
172,24,3321.804698374367,purchase,dev_172,addr_172
172,30,1315.6519834774376,purchase,dev_172,addr_172
172,38,1315.6519834774376,return,dev_172,addr_172
172,50,1413.1160577344347,purchase,dev_172,addr_172
172,64,2667.423003620962,purchase,dev_172,addr_172
172,70,1337.924588511169,purchase,dev_172,addr_172
172,84,943.0473815021751,purchase,dev_172,addr_172
173,65,2479.8108526177657,purchase,dev_173,addr_173
173,68,2479.8108526177657,return,dev_173,addr_173
173,73,2217.9401371366953,purchase,dev_173,addr_173
173,81,2217.9401371366953,return,dev_173,addr_173
173,89,2121.1461074845956,purchase,dev_173,addr_173
173,97,2106.176928391339,purchase,dev_173,addr_173
173,111,991.5502170390729,purchase,dev_173,addr_173
174,44,998.9874085749254,purchase,dev_174,addr_174
174,57,1768.0279239101887,purchase,dev_174,addr_174
175,58,3451.362786853061,purchase,dev_175,addr_175
175,79,1293.3532852806404,purchase,dev_175,addr_175
175,101,1021.4804748568619,purchase,dev_175,addr_175
175,111,1756.5336744587353,purchase,dev_175,addr_175
175,128,1227.2313566245123,purchase,dev_175,addr_175
176,64,1836.5042217030323,purchase,dev_176,addr_176
176,75,1642.31840612374,purchase,dev_176,addr_176
176,89,1309.2646682162738,purchase,dev_176,addr_176
176,94,1309.2646682162738,return,dev_176,addr_176
177,12,1268.8716637943864,purchase,dev_177,addr_177
177,26,1627.041794909303,purchase,dev_177,addr_177
177,39,468.9034242128203,purchase,dev_177,addr_177
177,50,2821.6078785571326,purchase,dev_177,addr_177
178,69,541.9596301466538,purchase,dev_178,addr_178
178,84,4173.439992591773,purchase,dev_178,addr_178
178,99,1467.7081258660487,purchase,dev_178,addr_178
178,112,1620.7360794143415,purchase,dev_178,addr_178
178,120,2522.8696398156535,purchase,dev_178,addr_178
178,133,816.0265100202663,purchase,dev_178,addr_178
179,68,883.0384145385887,purchase,dev_179,addr_179
179,74,1913.1353365904015,purchase,dev_179,addr_179
179,86,887.7134402225533,purchase,dev_179,addr_179
179,93,514.4560519038411,purchase,dev_179,addr_179
179,104,1020.5618600678235,purchase,dev_179,addr_179
179,122,1483.787683405449,purchase,dev_179,addr_179
179,133,855.1300089020947,purchase,dev_179,addr_179
180,45,581.7162000695806,purchase,dev_180,addr_180
180,60,1100.9040595360534,purchase,dev_180,addr_180
181,43,2889.037775316387,purchase,dev_181,addr_181
181,63,1016.3648169555446,purchase,dev_181,addr_181
181,83,2788.0603272082813,purchase,dev_181,addr_181
181,102,1311.311545290793,purchase,dev_181,addr_181
181,108,1302.652010681498,purchase,dev_181,addr_181
181,131,2368.7193737708794,purchase,dev_181,addr_181
182,16,1203.5411253163636,purchase,dev_182,addr_182
182,37,1797.8019806902114,purchase,dev_182,addr_182
183,56,4430.812972809186,purchase,dev_183,addr_183
183,73,518.579192601392,purchase,dev_183,addr_183
183,97,1325.6349324521182,purchase,dev_183,addr_183
183,104,1531.6201726442587,purchase,dev_183,addr_183
183,118,1677.244694590347,purchase,dev_183,addr_183
183,132,943.8412505154828,purchase,dev_183,addr_183
184,34,1169.4768061328302,purchase,dev_184,addr_184
184,41,1169.4768061328302,return,dev_184,addr_184
184,43,1892.2677999953605,purchase,dev_184,addr_184
184,58,1707.1816224176134,purchase,dev_184,addr_184
185,25,2481.0369373104277,purchase,dev_185,addr_185
185,46,2203.5333144766805,purchase,dev_185,addr_185
185,52,1437.3903757508754,purchase,dev_185,addr_185
185,59,1188.1045410325748,purchase,dev_185,addr_185
186,20,2696.1178685040372,purchase,dev_186,addr_186
186,34,1440.6002661028738,purchase,dev_186,addr_186
186,51,870.4486969709125,purchase,dev_186,addr_186
186,66,2033.8554291149558,purchase,dev_186,addr_186
187,27,1305.9498944886668,purchase,dev_187,addr_187
187,34,757.4038295806564,purchase,dev_187,addr_187
187,35,1305.9498944886668,return,dev_187,addr_187
187,53,1385.446489888486,purchase,dev_187,addr_187
187,67,2252.248934523226,purchase,dev_187,addr_187
187,72,1462.4234386320559,purchase,dev_187,addr_187
188,25,746.3502535212092,purchase,dev_188,addr_188
188,45,1062.9784945554852,purchase,dev_188,addr_188
188,66,1095.1082868339279,purchase,dev_188,addr_188
188,85,4578.477521087563,purchase,dev_188,addr_188
188,104,874.3940140892876,purchase,dev_188,addr_188
188,120,551.0448374788303,purchase,dev_188,addr_188
188,125,2392.385880459012,purchase,dev_188,addr_188
189,60,1948.6318244790539,purchase,dev_189,addr_189
189,65,1948.6318244790539,return,dev_189,addr_189
190,6,1580.9336157687437,purchase,dev_190,addr_190
190,29,2071.4160818003943,purchase,dev_190,addr_190
190,53,1025.8124760641083,purchase,dev_190,addr_190
190,77,1021.470003050341,purchase,dev_190,addr_190
191,50,2172.9972036404765,purchase,dev_191,addr_191
191,60,1234.125557833618,purchase,dev_191,addr_191
191,77,5000.886007447963,purchase,dev_191,addr_191
191,80,5000.886007447963,return,dev_191,addr_191
192,66,1720.796796488934,purchase,dev_192,addr_192
192,73,1623.5725405090675,purchase,dev_192,addr_192
192,91,1302.159672471908,purchase,dev_192,addr_192
193,25,1772.5324914809971,purchase,dev_193,addr_193
193,38,1784.1211768678263,purchase,dev_193,addr_193
193,50,2175.257318096554,purchase,dev_193,addr_193
193,62,819.7874317051285,purchase,dev_193,addr_193
193,69,3175.0104013423197,purchase,dev_193,addr_193
193,72,1539.4284186408559,purchase,dev_193,addr_193
193,95,975.3871832904345,purchase,dev_193,addr_193
194,12,644.6911130370208,purchase,dev_194,addr_194
194,18,1951.660999446175,purchase,dev_194,addr_194
194,28,1555.3549718703634,purchase,dev_194,addr_194
195,20,3364.6368930381427,purchase,dev_195,addr_195
195,26,582.7870206138044,purchase,dev_195,addr_195
196,47,1767.2235926491041,purchase,dev_196,addr_196
196,59,1390.8909215696178,purchase,dev_196,addr_196
196,83,2317.008322901877,purchase,dev_196,addr_196
196,94,960.7427314020333,purchase,dev_196,addr_196
196,117,1008.4188905945263,purchase,dev_196,addr_196
197,26,2655.092297917603,purchase,dev_197,addr_197
197,30,2655.092297917603,return,dev_197,addr_197
197,44,2944.482398812552,purchase,dev_197,addr_197
197,50,1130.2537988015013,purchase,dev_197,addr_197
197,52,2944.482398812552,return,dev_197,addr_197
198,25,2877.4412963979084,purchase,dev_198,addr_198
198,48,532.8427173776381,purchase,dev_198,addr_198
198,65,783.0465424650594,purchase,dev_198,addr_198
198,82,436.4117546952399,purchase,dev_198,addr_198
198,85,1023.9296509478991,purchase,dev_198,addr_198
198,102,1560.544528317442,purchase,dev_198,addr_198
199,30,1134.3087718765407,purchase,dev_199,addr_199
199,53,1653.7627331397282,purchase,dev_199,addr_199
199,57,1653.7627331397282,return,dev_199,addr_199
199,61,973.4889131148946,purchase,dev_199,addr_199
199,78,731.2830807158471,purchase,dev_199,addr_199
199,102,1393.1307544898978,purchase,dev_199,addr_199
199,112,1012.0928504576971,purchase,dev_199,addr_199
200,27,1352.9174928717641,purchase,dev_200,addr_200
200,50,1758.0112930959547,purchase,dev_200,addr_200
200,57,1338.6810792279716,purchase,dev_200,addr_200
200,75,1601.4784071669098,purchase,dev_200,addr_200
201,59,2113.4483846942735,purchase,dev_201,addr_201
201,82,708.7648347096163,purchase,dev_201,addr_201
202,30,922.3656777414386,purchase,dev_202,addr_202
202,47,2414.125591016085,purchase,dev_202,addr_202
202,64,340.43814128659255,purchase,dev_202,addr_202
202,80,2726.607629825668,purchase,dev_202,addr_202
202,97,3045.225236548081,purchase,dev_202,addr_202
203,57,2403.388882036439,purchase,dev_203,addr_203
203,75,1953.6036002548215,purchase,dev_203,addr_203
203,86,380.6774399011474,purchase,dev_203,addr_203
203,97,805.0796319801923,purchase,dev_203,addr_203
203,109,1468.7740519994984,purchase,dev_203,addr_203
203,115,710.1350708460125,purchase,dev_203,addr_203
204,48,601.8602845801666,purchase,dev_204,addr_204
204,53,3698.564618394358,purchase,dev_204,addr_204
204,60,3698.564618394358,return,dev_204,addr_204
205,25,1258.2508133501608,purchase,dev_205,addr_205
205,45,1280.6648229995121,purchase,dev_205,addr_205
205,53,1214.622775339285,purchase,dev_205,addr_205
205,69,1071.1238507657374,purchase,dev_205,addr_205
205,85,2960.1698146299386,purchase,dev_205,addr_205
205,93,1845.2398630571033,purchase,dev_205,addr_205
205,109,1300.4672362123451,purchase,dev_205,addr_205
205,113,913.0303142088062,purchase,dev_205,addr_205
206,40,1889.081653898129,purchase,dev_206,addr_206
206,64,617.7498386198293,purchase,dev_206,addr_206
206,81,499.27580664972305,purchase,dev_206,addr_206
207,28,1085.095747550545,purchase,dev_207,addr_207
207,45,2194.3116483624917,purchase,dev_207,addr_207
207,58,2272.406395537256,purchase,dev_207,addr_207
208,35,1230.0316397166691,purchase,dev_208,addr_208
208,39,1020.0953843973772,purchase,dev_208,addr_208
208,46,879.6511695655746,purchase,dev_208,addr_208
208,53,1274.211340519516,purchase,dev_208,addr_208
208,68,1601.2892069656905,purchase,dev_208,addr_208
208,78,1708.5652693966697,purchase,dev_208,addr_208
209,48,1047.2012995986433,purchase,dev_209,addr_209
209,72,1707.2712958407062,purchase,dev_209,addr_209
209,81,2089.1061837395555,purchase,dev_209,addr_209
209,85,839.5621180854466,purchase,dev_209,addr_209
209,92,1289.634677833099,purchase,dev_209,addr_209
210,66,1143.7930519408415,purchase,dev_210,addr_210
210,80,4609.637677629845,purchase,dev_210,addr_210
210,99,1158.5993678319223,purchase,dev_210,addr_210
211,9,2058.068147054309,purchase,dev_211,addr_211
211,12,1969.1345117262144,purchase,dev_211,addr_211
211,31,872.5428792238987,purchase,dev_211,addr_211
211,34,872.5428792238987,return,dev_211,addr_211
212,46,769.3903996504133,purchase,dev_212,addr_212
212,53,1031.525222312401,purchase,dev_212,addr_212
213,36,2140.2726008109607,purchase,dev_213,addr_213
213,50,759.8450168520502,purchase,dev_213,addr_213
213,54,964.6419021268184,purchase,dev_213,addr_213
213,69,805.9258455995661,purchase,dev_213,addr_213
213,74,2267.2483822725917,purchase,dev_213,addr_213
213,77,1957.0167303196097,purchase,dev_213,addr_213
213,78,805.9258455995661,return,dev_213,addr_213
213,82,2267.2483822725917,return,dev_213,addr_213
214,54,3004.8748897651985,purchase,dev_214,addr_214
214,58,1546.3388451471124,purchase,dev_214,addr_214
214,67,1240.6423142775343,purchase,dev_214,addr_214
215,26,1769.2452688246167,purchase,dev_215,addr_215
215,32,1646.563549202466,purchase,dev_215,addr_215
215,51,1870.9635464813648,purchase,dev_215,addr_215
215,68,1374.5972381687143,purchase,dev_215,addr_215
215,75,763.2116024948824,purchase,dev_215,addr_215
216,27,901.2873630676106,purchase,dev_216,addr_216
216,34,901.2873630676106,return,dev_216,addr_216
216,47,1097.8522421573184,purchase,dev_216,addr_216
216,56,2034.097405170829,purchase,dev_216,addr_216
216,65,1509.5617295020181,purchase,dev_216,addr_216
217,47,5094.3211070428415,purchase,dev_217,addr_217
217,59,646.4573914926033,purchase,dev_217,addr_217
217,62,1760.465455302899,purchase,dev_217,addr_217
217,67,1878.6473006021677,purchase,dev_217,addr_217
218,61,2280.3968057811426,purchase,dev_218,addr_218
218,70,1366.0197974194712,purchase,dev_218,addr_218
218,90,555.2149286882051,purchase,dev_218,addr_218
218,102,1832.716919107699,purchase,dev_218,addr_218
218,106,1832.716919107699,return,dev_218,addr_218
219,36,1776.6034400354304,purchase,dev_219,addr_219
219,38,1776.6034400354304,return,dev_219,addr_219
219,40,820.1197090633402,purchase,dev_219,addr_219
220,13,1398.460011122212,purchase,dev_220,addr_220
220,23,2273.956188993249,purchase,dev_220,addr_220
220,29,1208.0673385751497,purchase,dev_220,addr_220
221,52,1128.4244802459561,purchase,dev_221,addr_221
221,54,1128.4244802459561,return,dev_221,addr_221
221,61,2231.5270602968844,purchase,dev_221,addr_221
221,82,1298.8599019970534,purchase,dev_221,addr_221
221,99,802.242076045763,purchase,dev_221,addr_221
221,112,693.3517617932547,purchase,dev_221,addr_221
222,26,996.2623197341437,purchase,dev_222,addr_222
222,29,1298.0606968747163,purchase,dev_222,addr_222
222,33,1822.186885037641,purchase,dev_222,addr_222
222,51,1070.1575823748208,purchase,dev_222,addr_222
222,61,2069.1239695804525,purchase,dev_222,addr_222
222,65,1759.6969398267502,purchase,dev_222,addr_222
223,35,2337.4826843498854,purchase,dev_223,addr_223
223,55,1524.044741108816,purchase,dev_223,addr_223
224,22,1113.0003827539788,purchase,dev_224,addr_224
224,26,3047.725504330776,purchase,dev_224,addr_224
224,31,1113.0003827539788,return,dev_224,addr_224
224,34,1131.4837720000346,purchase,dev_224,addr_224
224,54,1580.1258334815152,purchase,dev_224,addr_224
224,63,1048.1363062646694,purchase,dev_224,addr_224
224,70,1313.6113772169183,purchase,dev_224,addr_224
224,75,889.5815634965825,purchase,dev_224,addr_224
224,97,1225.6924841606735,purchase,dev_224,addr_224
224,105,1225.6924841606735,return,dev_224,addr_224
225,36,2165.803586277182,purchase,dev_225,addr_225
226,27,924.9522270529325,purchase,dev_226,addr_226
226,49,2290.7370849007402,purchase,dev_226,addr_226
226,65,800.9094380211722,purchase,dev_226,addr_226
226,76,1045.8924140906727,purchase,dev_226,addr_226
226,81,1000.7480588423872,purchase,dev_226,addr_226
227,6,1763.6254278264273,purchase,dev_227,addr_227
227,15,2181.9952181847625,purchase,dev_227,addr_227
227,38,1733.6412396477554,purchase,dev_227,addr_227
228,38,1435.2749501570813,purchase,dev_228,addr_228
228,46,1235.3869236290009,purchase,dev_228,addr_228
228,70,2362.882062398817,purchase,dev_228,addr_228
228,89,1145.3013058055938,purchase,dev_228,addr_228
228,94,1977.1562591407496,purchase,dev_228,addr_228
229,40,521.763044863155,purchase,dev_229,addr_229
229,64,1163.6477986747304,purchase,dev_229,addr_229
229,69,1709.5674861061057,purchase,dev_229,addr_229
229,81,1125.4239685545629,purchase,dev_229,addr_229
229,97,3114.352423066973,purchase,dev_229,addr_229
229,110,1192.5109204273258,purchase,dev_229,addr_229
230,42,1652.6930946062469,purchase,dev_230,addr_230
230,64,895.2839376146808,purchase,dev_230,addr_230
230,86,981.6835601110116,purchase,dev_230,addr_230
231,75,1491.822766727181,purchase,dev_231,addr_231
231,91,1707.6005544773634,purchase,dev_231,addr_231
231,96,1162.6048600147276,purchase,dev_231,addr_231
232,55,1830.9787982692242,purchase,dev_232,addr_232
232,58,826.7427955238331,purchase,dev_232,addr_232
232,61,1575.6802446973138,purchase,dev_232,addr_232
232,64,958.6684879677409,purchase,dev_232,addr_232
232,69,958.6684879677409,return,dev_232,addr_232
232,73,1323.8355481010924,purchase,dev_232,addr_232
232,77,1037.5139735265627,purchase,dev_232,addr_232
233,48,1176.0135902401298,purchase,dev_233,addr_233
233,63,1046.1060491523951,purchase,dev_233,addr_233
233,72,937.743501595389,purchase,dev_233,addr_233
233,87,627.7575589123055,purchase,dev_233,addr_233
233,102,3088.8700218251065,purchase,dev_233,addr_233
234,65,487.2495778421981,purchase,dev_234,addr_234
234,86,1119.8708724805906,purchase,dev_234,addr_234
234,105,1418.7985256610425,purchase,dev_234,addr_234
235,61,2280.513904186659,purchase,dev_235,addr_235
235,78,5471.03847532168,purchase,dev_235,addr_235
235,94,1741.5799317737003,purchase,dev_235,addr_235
236,44,1408.2242873105022,purchase,dev_236,addr_236
236,58,3506.9654587723153,purchase,dev_236,addr_236
236,74,1382.9702990381327,purchase,dev_236,addr_236
236,85,2328.5549144290153,purchase,dev_236,addr_236
236,96,2184.836839693731,purchase,dev_236,addr_236
236,104,2184.836839693731,return,dev_236,addr_236
236,120,607.4954036904913,purchase,dev_236,addr_236
236,123,3534.8758927836598,purchase,dev_236,addr_236
237,44,1195.2578644160217,purchase,dev_237,addr_237
237,58,660.9508557153216,purchase,dev_237,addr_237
237,80,671.4355513756162,purchase,dev_237,addr_237
238,82,618.5326795601155,purchase,dev_238,addr_238
238,91,1763.7839565716465,purchase,dev_238,addr_238
238,100,1817.7796774975686,purchase,dev_238,addr_238
238,112,2366.0528574129835,purchase,dev_238,addr_238
239,37,1400.7379724228333,purchase,dev_239,addr_239
239,46,730.5632803157926,purchase,dev_239,addr_239
239,55,1511.3008965414201,purchase,dev_239,addr_239
239,65,1311.7289905183702,purchase,dev_239,addr_239
239,71,1193.0598651177972,purchase,dev_239,addr_239
239,75,1185.8747645143362,purchase,dev_239,addr_239
239,86,738.6011967082835,purchase,dev_239,addr_239
240,62,667.1950446827356,purchase,dev_240,addr_240
240,70,667.1950446827356,return,dev_240,addr_240
240,75,1600.9910859089166,purchase,dev_240,addr_240
240,99,1674.4340567897502,purchase,dev_240,addr_240
240,102,1860.1441493597229,purchase,dev_240,addr_240
240,116,1366.7189272950272,purchase,dev_240,addr_240
241,22,1623.5358241399063,purchase,dev_241,addr_241
241,36,1266.3804233522942,purchase,dev_241,addr_241
242,57,686.8663592972382,purchase,dev_242,addr_242
242,67,1132.8977177568436,purchase,dev_242,addr_242
242,73,1463.4100964778056,purchase,dev_242,addr_242
243,69,915.5890489378415,purchase,dev_243,addr_243
243,93,923.9524161564221,purchase,dev_243,addr_243
243,108,571.3204080265316,purchase,dev_243,addr_243
243,129,1180.435649379302,purchase,dev_243,addr_243
243,147,1791.1253814386641,purchase,dev_243,addr_243
244,10,1230.3608240217422,purchase,dev_244,addr_244
244,20,3097.335172842186,purchase,dev_244,addr_244
245,63,1983.2201565995235,purchase,dev_245,addr_245
245,85,1309.6244292061467,purchase,dev_245,addr_245
245,97,518.5478146863447,purchase,dev_245,addr_245
246,50,1393.0140576824783,purchase,dev_246,addr_246
246,55,3700.297542737658,purchase,dev_246,addr_246
246,70,1482.6754432410744,purchase,dev_246,addr_246
246,93,1306.6277311184774,purchase,dev_246,addr_246
247,51,1081.628180423843,purchase,dev_247,addr_247
247,70,551.4374849613695,purchase,dev_247,addr_247
247,89,4486.834711307472,purchase,dev_247,addr_247
248,13,2790.6809449674324,purchase,dev_248,addr_248
248,29,1313.6239654171152,purchase,dev_248,addr_248
248,38,1002.5278679108318,purchase,dev_248,addr_248
248,42,1002.5278679108318,return,dev_248,addr_248
249,14,1594.1588478182168,purchase,dev_249,addr_249
249,22,978.6865125917418,purchase,dev_249,addr_249
249,39,2266.6028394011173,purchase,dev_249,addr_249
249,63,1370.8071177557613,purchase,dev_249,addr_249
249,87,2473.700380291483,purchase,dev_249,addr_249
250,44,1508.1953036661305,purchase,dev_250,addr_250
250,60,3079.085848180209,purchase,dev_250,addr_250
250,68,969.0293468598009,purchase,dev_250,addr_250
250,80,2728.609928375793,purchase,dev_250,addr_250
250,95,2653.675034881673,purchase,dev_250,addr_250
250,108,1522.8627787441203,purchase,dev_250,addr_250
250,126,1918.9751050444652,purchase,dev_250,addr_250
251,22,851.1015974899299,purchase,dev_251,addr_251
251,43,1637.9821659769123,purchase,dev_251,addr_251
252,71,1345.8433790283073,purchase,dev_252,addr_252
252,83,562.7340400672167,purchase,dev_252,addr_252
253,25,3593.064427714523,purchase,dev_253,addr_253
253,45,950.0657466188231,purchase,dev_253,addr_253
253,49,975.9124688765926,purchase,dev_253,addr_253
253,58,1070.4721728727725,purchase,dev_253,addr_253
254,57,508.0722625103847,purchase,dev_254,addr_254
254,76,2543.7545249802984,purchase,dev_254,addr_254
254,88,1232.962096921757,purchase,dev_254,addr_254
254,95,725.3219554206454,purchase,dev_254,addr_254
254,118,924.7197421183212,purchase,dev_254,addr_254
254,128,1739.1992878852097,purchase,dev_254,addr_254
254,136,1739.1992878852097,return,dev_254,addr_254
255,14,906.0594166040853,purchase,dev_255,addr_255
255,17,1967.607764287342,purchase,dev_255,addr_255
255,19,1967.607764287342,return,dev_255,addr_255
255,23,1541.3704069745631,purchase,dev_255,addr_255
255,39,2137.846687221824,purchase,dev_255,addr_255
255,62,1273.6104778699214,purchase,dev_255,addr_255
255,69,1837.5493654605839,purchase,dev_255,addr_255
256,8,1049.4169982836315,purchase,dev_256,addr_256
256,22,956.723562330319,purchase,dev_256,addr_256
256,27,917.0794756820505,purchase,dev_256,addr_256
256,37,1837.024366847576,purchase,dev_256,addr_256
256,57,582.0876475192135,purchase,dev_256,addr_256
256,69,931.2590805150944,purchase,dev_256,addr_256
257,62,1245.8720975940178,purchase,dev_257,addr_257
257,79,548.1980918336177,purchase,dev_257,addr_257
257,97,1958.0269840201227,purchase,dev_257,addr_257
257,120,1296.5694406646815,purchase,dev_257,addr_257
257,131,2126.7485676958254,purchase,dev_257,addr_257
257,137,1949.2730305483483,purchase,dev_257,addr_257
258,48,2310.538736455544,purchase,dev_258,addr_258
258,65,851.3169218595899,purchase,dev_258,addr_258
259,8,2632.8987023651757,purchase,dev_259,addr_259
259,23,1136.0404786874278,purchase,dev_259,addr_259
259,29,1046.8757444062437,purchase,dev_259,addr_259
259,32,1136.0404786874278,return,dev_259,addr_259
259,52,2905.5058334254795,purchase,dev_259,addr_259
260,46,584.1755756245249,purchase,dev_260,addr_260
260,67,1306.4218991059724,purchase,dev_260,addr_260
260,90,921.1521173265263,purchase,dev_260,addr_260
261,56,1638.748502487096,purchase,dev_261,addr_261
261,75,1029.2373828684065,purchase,dev_261,addr_261
261,95,2378.846951026701,purchase,dev_261,addr_261
261,108,1468.0218701696408,purchase,dev_261,addr_261
261,130,1152.6810673748323,purchase,dev_261,addr_261
262,70,1178.6069071759518,purchase,dev_262,addr_262
262,81,1506.6514048536278,purchase,dev_262,addr_262
262,98,825.719362800374,purchase,dev_262,addr_262
263,39,1142.1451168734302,purchase,dev_263,addr_263
263,59,1281.8200939361977,purchase,dev_263,addr_263
263,65,1281.8200939361977,return,dev_263,addr_263
263,75,1398.2818787867702,purchase,dev_263,addr_263
263,88,1277.9433202574485,purchase,dev_263,addr_263
263,108,892.972270297296,purchase,dev_263,addr_263
264,12,525.2751648356226,purchase,dev_264,addr_264
264,34,1346.3705662870432,purchase,dev_264,addr_264
264,39,729.7236029471768,purchase,dev_264,addr_264
265,29,775.6666590450525,purchase,dev_265,addr_265
265,45,3078.2502865107153,purchase,dev_265,addr_265
266,29,730.7308078471905,purchase,dev_266,addr_266
266,41,1094.5517301879743,purchase,dev_266,addr_266
266,54,1571.4860877670399,purchase,dev_266,addr_266
267,40,2484.6608404431745,purchase,dev_267,addr_267
267,57,820.1247156437009,purchase,dev_267,addr_267
267,63,1174.9112462602561,purchase,dev_267,addr_267
268,18,1833.0691063122288,purchase,dev_268,addr_268
268,22,3279.509952912809,purchase,dev_268,addr_268
268,46,1572.6588556956492,purchase,dev_268,addr_268
269,60,596.3849603833042,purchase,dev_269,addr_269
269,78,793.2035645849163,purchase,dev_269,addr_269
270,35,437.7015347715399,purchase,dev_270,addr_270
270,42,1143.4637229881403,purchase,dev_270,addr_270
270,51,1632.0408590736524,purchase,dev_270,addr_270
270,59,1143.6012620406036,purchase,dev_270,addr_270
271,30,657.9434369027225,purchase,dev_271,addr_271
271,54,789.8691476490624,purchase,dev_271,addr_271
271,61,1596.637026832297,purchase,dev_271,addr_271
272,43,1150.3594037609384,purchase,dev_272,addr_272
272,47,1903.620216864273,purchase,dev_272,addr_272
272,58,1305.9764784294814,purchase,dev_272,addr_272
272,80,1302.8029172251631,purchase,dev_272,addr_272
272,92,931.2267601104938,purchase,dev_272,addr_272
272,106,1092.4024301538138,purchase,dev_272,addr_272
273,32,2617.8985649530046,purchase,dev_273,addr_273
273,53,1066.8240466607642,purchase,dev_273,addr_273
273,65,814.5317762551248,purchase,dev_273,addr_273
273,85,983.3575589743563,purchase,dev_273,addr_273
273,92,1494.7306985911694,purchase,dev_273,addr_273
273,97,3135.0373886942252,purchase,dev_273,addr_273
274,58,1577.6718830102473,purchase,dev_274,addr_274
274,70,675.952664458916,purchase,dev_274,addr_274
274,87,981.4158147930592,purchase,dev_274,addr_274
274,97,2436.4904299583236,purchase,dev_274,addr_274
275,33,2221.260722853619,purchase,dev_275,addr_275
275,39,967.9671446299687,purchase,dev_275,addr_275
275,45,2095.6293670619734,purchase,dev_275,addr_275
275,52,4102.76261042656,purchase,dev_275,addr_275
275,66,1142.513893259334,purchase,dev_275,addr_275
276,78,3169.772005357234,purchase,dev_276,addr_276
276,96,1265.8255722323106,purchase,dev_276,addr_276
276,112,1140.828554750324,purchase,dev_276,addr_276
276,133,1476.8850575946842,purchase,dev_276,addr_276
277,67,726.2165836915595,purchase,dev_277,addr_277
277,70,1803.4850828529525,purchase,dev_277,addr_277
277,84,1452.194577849123,purchase,dev_277,addr_277
277,104,947.1017452196733,purchase,dev_277,addr_277
277,120,1402.6078793528986,purchase,dev_277,addr_277
277,122,1402.6078793528986,return,dev_277,addr_277
277,134,650.8483081951471,purchase,dev_277,addr_277
277,140,1233.197926963915,purchase,dev_277,addr_277
278,51,2089.555678340895,purchase,dev_278,addr_278
279,27,1782.991519958233,purchase,dev_279,addr_279
280,59,1275.1145486955338,purchase,dev_280,addr_280
280,74,2279.598167806245,purchase,dev_280,addr_280
280,82,1466.6199800905833,purchase,dev_280,addr_280
280,89,887.090272861186,purchase,dev_280,addr_280
281,26,1238.1097292126535,purchase,dev_281,addr_281
281,43,729.3114360645577,purchase,dev_281,addr_281
282,34,1326.2637667505362,purchase,dev_282,addr_282
282,52,567.8604269120398,purchase,dev_282,addr_282
282,76,4180.847870455786,purchase,dev_282,addr_282
282,96,913.5355053489837,purchase,dev_282,addr_282
282,104,554.2921940598662,purchase,dev_282,addr_282
282,108,2015.9701108850074,purchase,dev_282,addr_282
282,132,1776.6242017878512,purchase,dev_282,addr_282
282,146,907.7219226149773,purchase,dev_282,addr_282
283,47,1359.5606751466744,purchase,dev_283,addr_283
283,64,971.2736147717976,purchase,dev_283,addr_283
283,68,893.9812171591615,purchase,dev_283,addr_283
283,72,2180.5422106742626,purchase,dev_283,addr_283
284,33,1600.9561436412323,purchase,dev_284,addr_284
284,57,1281.6162745513695,purchase,dev_284,addr_284
284,70,1203.5998251736855,purchase,dev_284,addr_284
285,28,987.7685686861124,purchase,dev_285,addr_285
285,52,1481.527266226721,purchase,dev_285,addr_285
285,67,1245.064959948018,purchase,dev_285,addr_285
285,73,1205.252969967133,purchase,dev_285,addr_285
286,58,563.039326662379,purchase,dev_286,addr_286
286,65,1616.5261891203972,purchase,dev_286,addr_286
286,67,563.039326662379,return,dev_286,addr_286
286,74,1012.4717166574975,purchase,dev_286,addr_286
286,80,2615.2057823687423,purchase,dev_286,addr_286
286,101,688.2675340449314,purchase,dev_286,addr_286
287,19,1723.005009171632,purchase,dev_287,addr_287
287,33,1814.4301262788904,purchase,dev_287,addr_287
287,47,861.4733471397996,purchase,dev_287,addr_287
287,71,784.107793083849,purchase,dev_287,addr_287
287,93,1584.9558853125554,purchase,dev_287,addr_287
287,96,904.3002912929946,purchase,dev_287,addr_287
288,61,1623.219788787348,purchase,dev_288,addr_288
288,83,930.9570649572428,purchase,dev_288,addr_288
288,106,2211.890668334665,purchase,dev_288,addr_288
289,19,878.6913259490219,purchase,dev_289,addr_289
289,26,482.78459190251544,purchase,dev_289,addr_289
290,33,2087.772794927646,purchase,dev_290,addr_290
290,38,1128.0346397527426,purchase,dev_290,addr_290
290,41,1766.8227572673957,purchase,dev_290,addr_290
290,55,1261.3746249692208,purchase,dev_290,addr_290
290,67,1700.5470743530454,purchase,dev_290,addr_290
290,90,1104.090412524908,purchase,dev_290,addr_290
291,69,948.9227310878924,purchase,dev_291,addr_291
291,79,3551.3017027378614,purchase,dev_291,addr_291
292,25,2476.650857197829,purchase,dev_292,addr_292
292,38,1483.5213683003801,purchase,dev_292,addr_292
292,46,1483.5213683003801,return,dev_292,addr_292
292,52,1845.291552685983,purchase,dev_292,addr_292
292,55,764.644230851766,purchase,dev_292,addr_292
293,31,1171.6222272468185,purchase,dev_293,addr_293
293,35,1704.78301666552,purchase,dev_293,addr_293
293,56,2187.547646706095,purchase,dev_293,addr_293
293,79,2342.0621910171953,purchase,dev_293,addr_293
293,98,1549.8390777439047,purchase,dev_293,addr_293
293,112,1060.6162710812982,purchase,dev_293,addr_293
293,132,1054.897466814335,purchase,dev_293,addr_293
294,46,709.3687003339261,purchase,dev_294,addr_294
294,60,1631.5727577968585,purchase,dev_294,addr_294
295,50,1188.266358408738,purchase,dev_295,addr_295
295,59,2708.700888837393,purchase,dev_295,addr_295
296,34,937.2353774057037,purchase,dev_296,addr_296
296,52,1254.8896012188284,purchase,dev_296,addr_296
296,60,609.7631083244662,purchase,dev_296,addr_296
297,60,963.190442559422,purchase,dev_297,addr_297
297,80,1219.1437797683661,purchase,dev_297,addr_297
297,100,933.3869204046647,purchase,dev_297,addr_297
298,45,407.8800020918434,purchase,dev_298,addr_298
298,49,1365.041345965308,purchase,dev_298,addr_298
298,73,1514.701478598007,purchase,dev_298,addr_298
298,79,1514.701478598007,return,dev_298,addr_298
298,90,1819.873195580097,purchase,dev_298,addr_298
299,44,1419.747343321094,purchase,dev_299,addr_299
299,51,1073.5900825129017,purchase,dev_299,addr_299
299,71,1779.7083157236852,purchase,dev_299,addr_299
299,93,3355.807093695223,purchase,dev_299,addr_299
300,69,1444.8993186000525,purchase,dev_300,addr_300
300,75,1182.1190008745275,purchase,dev_300,addr_300
300,97,2346.9973705195357,purchase,dev_300,addr_300
301,42,856.7291556100732,purchase,dev_301,addr_301
301,58,1736.3691193607797,purchase,dev_301,addr_301
302,48,920.2552081592955,purchase,dev_302,addr_302
302,51,1117.3270224822943,purchase,dev_302,addr_302
302,58,1597.5576106311921,purchase,dev_302,addr_302
303,63,1224.6581262217744,purchase,dev_303,addr_303
303,85,1935.405474642148,purchase,dev_303,addr_303
303,90,758.8837233965314,purchase,dev_303,addr_303
303,107,2075.2310293787314,purchase,dev_303,addr_303
304,39,1698.3426817378026,purchase,dev_304,addr_304
304,58,1107.414856003676,purchase,dev_304,addr_304
304,67,1818.015826077408,purchase,dev_304,addr_304
304,86,1467.3225249131106,purchase,dev_304,addr_304
304,91,782.340542183052,purchase,dev_304,addr_304
305,34,1061.8777587104612,purchase,dev_305,addr_305
305,54,1307.3507623945777,purchase,dev_305,addr_305
306,46,1513.8148610842732,purchase,dev_306,addr_306
306,61,573.1737189737704,purchase,dev_306,addr_306
306,69,1945.3731913687914,purchase,dev_306,addr_306
306,78,1233.459138819215,purchase,dev_306,addr_306
307,48,1927.0909149185675,purchase,dev_307,addr_307
307,65,1218.8071255922252,purchase,dev_307,addr_307
307,74,1304.29997207348,purchase,dev_307,addr_307
307,77,1618.0569795182064,purchase,dev_307,addr_307
307,94,2046.603041446366,purchase,dev_307,addr_307
307,99,2046.603041446366,return,dev_307,addr_307
307,118,665.9190119899736,purchase,dev_307,addr_307
307,132,455.26295205508205,purchase,dev_307,addr_307
307,141,804.2163732585741,purchase,dev_307,addr_307
308,17,2697.7758639842095,purchase,dev_308,addr_308
308,23,1183.8854614051238,purchase,dev_308,addr_308
309,55,4603.619027878572,purchase,dev_309,addr_309
310,57,1304.157578750433,purchase,dev_310,addr_310
310,64,1304.157578750433,return,dev_310,addr_310
310,73,2193.1343813488393,purchase,dev_310,addr_310
310,88,1331.3983236139115,purchase,dev_310,addr_310
311,53,2086.8544521073604,purchase,dev_311,addr_311
311,70,1523.6253316357231,purchase,dev_311,addr_311
311,87,1956.8319815766793,purchase,dev_311,addr_311
311,101,1311.648660486614,purchase,dev_311,addr_311
312,49,1141.2502247579175,purchase,dev_312,addr_312
312,56,852.5729108191263,purchase,dev_312,addr_312
312,79,1574.5621702563244,purchase,dev_312,addr_312
312,89,1054.4090561464498,purchase,dev_312,addr_312
312,100,1043.0376692730242,purchase,dev_312,addr_312
313,44,2983.301013110058,purchase,dev_313,addr_313
313,68,809.1433250255964,purchase,dev_313,addr_313
313,88,1174.7503485037269,purchase,dev_313,addr_313
314,36,1236.6899153606444,purchase,dev_314,addr_314
314,59,561.4890478028364,purchase,dev_314,addr_314
314,68,789.87721052656,purchase,dev_314,addr_314
314,89,1250.2001100565742,purchase,dev_314,addr_314
315,21,2740.06948065449,purchase,dev_315,addr_315
315,27,3284.980154539183,purchase,dev_315,addr_315
315,33,1334.2663369680365,purchase,dev_315,addr_315
315,45,1556.7526109152636,purchase,dev_315,addr_315
316,9,1776.419324119394,purchase,dev_316,addr_316
316,30,348.2771918970174,purchase,dev_316,addr_316
316,41,889.3249288462812,purchase,dev_316,addr_316
316,63,954.5404242944104,purchase,dev_316,addr_316
317,72,1603.3584658129466,purchase,dev_317,addr_317
317,89,714.4465323541426,purchase,dev_317,addr_317
318,60,1570.6409028163782,purchase,dev_318,addr_318
318,69,1720.902537961516,purchase,dev_318,addr_318
319,7,1673.9881533444745,purchase,dev_319,addr_319
319,17,1565.0711490002539,purchase,dev_319,addr_319
320,56,1999.3735513275412,purchase,dev_320,addr_320
320,67,2550.47025565101,purchase,dev_320,addr_320
320,89,1724.931351199853,purchase,dev_320,addr_320
320,109,570.5959533496546,purchase,dev_320,addr_320
320,117,2047.2609416468492,purchase,dev_320,addr_320
320,122,1510.2579700666622,purchase,dev_320,addr_320
321,14,3446.8963506832524,purchase,dev_321,addr_321
321,18,1303.700987308436,purchase,dev_321,addr_321
321,32,1264.1605433181996,purchase,dev_321,addr_321
321,56,2561.961866934952,purchase,dev_321,addr_321
321,72,1079.166345543201,purchase,dev_321,addr_321
321,76,1084.2659655452226,purchase,dev_321,addr_321
322,43,1311.649794451677,purchase,dev_322,addr_322
322,47,2044.815047267417,purchase,dev_322,addr_322
322,60,1022.6022147981759,purchase,dev_322,addr_322
322,80,944.7058900277631,purchase,dev_322,addr_322
322,95,612.4307058727186,purchase,dev_322,addr_322
322,111,743.3040022489099,purchase,dev_322,addr_322
323,12,2080.70432174128,purchase,dev_323,addr_323
323,33,882.1039053399076,purchase,dev_323,addr_323
323,47,913.6539932080453,purchase,dev_323,addr_323
323,61,835.2123746452422,purchase,dev_323,addr_323
323,78,1658.087717675355,purchase,dev_323,addr_323
323,86,1284.453659542893,purchase,dev_323,addr_323
324,43,835.084637667396,purchase,dev_324,addr_324
325,15,3382.7101525408953,purchase,dev_325,addr_325
325,39,372.2744336563963,purchase,dev_325,addr_325
325,51,1444.8466724334717,purchase,dev_325,addr_325
325,64,2592.6997889399186,purchase,dev_325,addr_325
325,72,837.3303106941044,purchase,dev_325,addr_325
325,78,3002.068894645689,purchase,dev_325,addr_325
326,46,939.6622380573037,purchase,dev_326,addr_326
326,70,1214.9981233101919,purchase,dev_326,addr_326
327,54,1916.1971882459977,purchase,dev_327,addr_327
327,61,1344.7920285327702,purchase,dev_327,addr_327
327,63,1916.1971882459977,return,dev_327,addr_327
327,69,1048.4560114863452,purchase,dev_327,addr_327
327,81,1924.963011194374,purchase,dev_327,addr_327
327,90,1654.2339833421106,purchase,dev_327,addr_327
328,56,3035.74640639331,purchase,dev_328,addr_328
328,73,1546.4083922236962,purchase,dev_328,addr_328
328,81,1546.4083922236962,return,dev_328,addr_328
328,94,851.2986654804346,purchase,dev_328,addr_328
328,99,1120.6837417446443,purchase,dev_328,addr_328
328,117,1140.5114802721514,purchase,dev_328,addr_328
328,129,1575.6541986711231,purchase,dev_328,addr_328
329,31,906.3529084362114,purchase,dev_329,addr_329
329,45,1307.8275629974767,purchase,dev_329,addr_329
329,50,1307.8275629974767,return,dev_329,addr_329
329,60,1271.0602493529789,purchase,dev_329,addr_329
329,69,1219.2612837859797,purchase,dev_329,addr_329
329,90,724.056860714772,purchase,dev_329,addr_329
330,53,3269.7671762733894,purchase,dev_330,addr_330
330,61,1456.9535185955808,purchase,dev_330,addr_330
330,81,1019.265777138014,purchase,dev_330,addr_330
330,88,5590.011021160997,purchase,dev_330,addr_330
331,71,2982.2626259084395,purchase,dev_331,addr_331
331,88,3358.6907439238144,purchase,dev_331,addr_331
331,112,1857.476101316443,purchase,dev_331,addr_331
331,129,875.6687815149244,purchase,dev_331,addr_331
331,147,1292.4272240799446,purchase,dev_331,addr_331
332,62,1385.7336444799114,purchase,dev_332,addr_332
332,86,1347.4315559355298,purchase,dev_332,addr_332
332,101,1789.3986737614694,purchase,dev_332,addr_332
333,52,2044.8643454102323,purchase,dev_333,addr_333
333,57,1356.4569771824792,purchase,dev_333,addr_333
333,68,1329.8653795960536,purchase,dev_333,addr_333
333,75,689.3867244800305,purchase,dev_333,addr_333
333,85,989.9784069496282,purchase,dev_333,addr_333
334,50,412.09597469344243,purchase,dev_334,addr_334
334,74,1790.609439214747,purchase,dev_334,addr_334
334,90,1058.3854540585435,purchase,dev_334,addr_334
334,106,999.338136728111,purchase,dev_334,addr_334
334,130,967.5719350988925,purchase,dev_334,addr_334
335,65,777.6285283135455,purchase,dev_335,addr_335
335,88,927.9020027198458,purchase,dev_335,addr_335
335,96,805.1315161035536,purchase,dev_335,addr_335
335,103,1471.0531268375244,purchase,dev_335,addr_335
336,12,2103.1336138594024,purchase,dev_336,addr_336
336,16,2103.1336138594024,return,dev_336,addr_336
336,28,1355.9734873426344,purchase,dev_336,addr_336
336,44,1211.2463118070805,purchase,dev_336,addr_336
337,70,970.8056437762126,purchase,dev_337,addr_337
337,75,603.0628500274,purchase,dev_337,addr_337
337,98,1868.971654589033,purchase,dev_337,addr_337
338,21,1405.0774275109266,purchase,dev_338,addr_338
338,29,681.3676558963094,purchase,dev_338,addr_338
338,47,795.8720502447339,purchase,dev_338,addr_338
338,71,1788.6190113027476,purchase,dev_338,addr_338
339,51,1670.1677446505373,purchase,dev_339,addr_339
339,54,1499.7141384334732,purchase,dev_339,addr_339
339,74,2415.517683614479,purchase,dev_339,addr_339
339,85,643.1506590566544,purchase,dev_339,addr_339
340,52,1562.570568393496,purchase,dev_340,addr_340
340,63,1387.5498705434313,purchase,dev_340,addr_340
340,84,1467.7184170387186,purchase,dev_340,addr_340
340,104,1983.325894366582,purchase,dev_340,addr_340
341,31,908.955772605943,purchase,dev_341,addr_341
341,33,908.955772605943,return,dev_341,addr_341
342,60,1305.4832671068525,purchase,dev_342,addr_342
342,65,1131.4573810030092,purchase,dev_342,addr_342
342,73,1470.8135960762543,purchase,dev_342,addr_342
342,79,2347.907852497679,purchase,dev_342,addr_342
343,81,849.2420583542888,purchase,dev_343,addr_343
343,93,1751.364918086008,purchase,dev_343,addr_343
343,97,1522.9307627373196,purchase,dev_343,addr_343
344,50,1031.933835729428,purchase,dev_344,addr_344
344,56,917.4013590872701,purchase,dev_344,addr_344
345,74,2042.848824673897,purchase,dev_345,addr_345
345,82,1288.5599631490861,purchase,dev_345,addr_345
345,94,2348.5445037061536,purchase,dev_345,addr_345
346,34,961.337245421,purchase,dev_346,addr_346
346,44,1049.370366493757,purchase,dev_346,addr_346
346,48,1426.4127821153736,purchase,dev_346,addr_346
347,67,2196.3063810669496,purchase,dev_347,addr_347
347,70,982.3039410369765,purchase,dev_347,addr_347
347,85,1773.7139496552015,purchase,dev_347,addr_347
347,93,1795.9531605798481,purchase,dev_347,addr_347
347,99,1795.9531605798481,return,dev_347,addr_347
348,68,1537.3545462871318,purchase,dev_348,addr_348
348,78,613.8903094163566,purchase,dev_348,addr_348
348,84,1010.3606867954692,purchase,dev_348,addr_348
348,87,2295.5764590311114,purchase,dev_348,addr_348
349,73,1177.3529717982556,purchase,dev_349,addr_349
349,89,945.4585460746742,purchase,dev_349,addr_349
350,37,1979.2352051675844,purchase,dev_350,addr_350
350,47,3093.987036367145,purchase,dev_350,addr_350
350,60,1086.1337721283253,purchase,dev_350,addr_350
350,70,738.5684842594784,purchase,dev_350,addr_350
350,91,908.3451460740517,purchase,dev_350,addr_350
351,25,2394.508286538631,purchase,dev_351,addr_351
351,30,1304.5837612699063,purchase,dev_351,addr_351
351,34,641.8649880243629,purchase,dev_351,addr_351
351,38,586.5741474917234,purchase,dev_351,addr_351
351,47,1343.1401799742082,purchase,dev_351,addr_351
351,63,542.3335524073348,purchase,dev_351,addr_351
351,80,2660.298775465689,purchase,dev_351,addr_351
352,62,1442.4690582877874,purchase,dev_352,addr_352
352,65,1442.4690582877874,return,dev_352,addr_352
352,69,1360.4750569699645,purchase,dev_352,addr_352
352,93,1102.2372360757538,purchase,dev_352,addr_352
352,107,1362.6733502596373,purchase,dev_352,addr_352
353,24,1155.5824292909278,purchase,dev_353,addr_353
353,33,2091.119625425211,purchase,dev_353,addr_353
354,42,1365.8367763745994,purchase,dev_354,addr_354
354,52,1387.112177316192,purchase,dev_354,addr_354
354,73,818.9112699548114,purchase,dev_354,addr_354
354,79,1407.9009527171918,purchase,dev_354,addr_354
354,89,2571.811645328163,purchase,dev_354,addr_354
355,70,1338.6474339038668,purchase,dev_355,addr_355
355,75,1338.6474339038668,return,dev_355,addr_355
355,80,2293.5424264176972,purchase,dev_355,addr_355
355,89,834.1961666013557,purchase,dev_355,addr_355
355,101,2990.21203925245,purchase,dev_355,addr_355
355,106,1251.6726941734485,purchase,dev_355,addr_355
355,110,1251.6726941734485,return,dev_355,addr_355
356,30,1346.531899653457,purchase,dev_356,addr_356
356,48,3051.066674308545,purchase,dev_356,addr_356
356,65,1212.055513683374,purchase,dev_356,addr_356
356,80,1857.5117757062083,purchase,dev_356,addr_356
356,104,1136.7916007891286,purchase,dev_356,addr_356
357,45,2661.3464527307137,purchase,dev_357,addr_357
357,66,1395.0616937842785,purchase,dev_357,addr_357
358,45,1686.9459720700631,purchase,dev_358,addr_358
358,56,1222.8757490700468,purchase,dev_358,addr_358
358,62,1051.1593574978297,purchase,dev_358,addr_358
358,84,1417.06852850974,purchase,dev_358,addr_358
358,106,915.7043252102634,purchase,dev_358,addr_358
359,56,969.0934413625622,purchase,dev_359,addr_359
359,66,464.69363730089884,purchase,dev_359,addr_359
359,75,638.9931084605411,purchase,dev_359,addr_359
359,81,851.8517178736722,purchase,dev_359,addr_359
359,101,520.7662090761197,purchase,dev_359,addr_359
359,117,4088.3349879709494,purchase,dev_359,addr_359
360,47,2688.5566165220466,purchase,dev_360,addr_360
360,52,960.0869008851068,purchase,dev_360,addr_360
360,58,1299.6403787420454,purchase,dev_360,addr_360
360,61,1624.0069386842888,purchase,dev_360,addr_360
360,85,1823.0275212279375,purchase,dev_360,addr_360
361,30,1577.8213658832467,purchase,dev_361,addr_361
361,33,2714.339569573159,purchase,dev_361,addr_361
361,53,745.5489733943447,purchase,dev_361,addr_361
361,60,745.5489733943447,return,dev_361,addr_361
361,63,1519.5551638867446,purchase,dev_361,addr_361
362,20,686.7987749428579,purchase,dev_362,addr_362
362,26,1939.3565694315887,purchase,dev_362,addr_362
362,34,1752.35326259032,purchase,dev_362,addr_362
362,55,905.6320015284158,purchase,dev_362,addr_362
362,73,1809.4441925658973,purchase,dev_362,addr_362
362,88,498.37890309630956,purchase,dev_362,addr_362
363,24,1021.6886423406808,purchase,dev_363,addr_363
363,33,1188.7506236287097,purchase,dev_363,addr_363
363,54,1584.3394306471664,purchase,dev_363,addr_363
363,67,2047.6196845622953,purchase,dev_363,addr_363
363,89,1986.849623730067,purchase,dev_363,addr_363
363,92,1436.939088844033,purchase,dev_363,addr_363
363,101,1193.6028031282563,purchase,dev_363,addr_363
363,105,864.4018743033736,purchase,dev_363,addr_363
364,59,1708.858544741995,purchase,dev_364,addr_364
364,77,636.6782356017009,purchase,dev_364,addr_364
364,94,2104.195629299629,purchase,dev_364,addr_364
364,98,1747.240548301388,purchase,dev_364,addr_364
365,37,2331.282417533919,purchase,dev_365,addr_365
365,42,962.3917917568839,purchase,dev_365,addr_365
365,45,1424.6118964240918,purchase,dev_365,addr_365
365,50,3596.338627282066,purchase,dev_365,addr_365
365,65,1622.0329804781265,purchase,dev_365,addr_365
366,50,2129.4632969137565,purchase,dev_366,addr_366
366,60,855.1609010672396,purchase,dev_366,addr_366
366,63,4508.573215157721,purchase,dev_366,addr_366
366,87,925.0384619002119,purchase,dev_366,addr_366
366,92,925.0384619002119,return,dev_366,addr_366
367,78,1432.6909213841916,purchase,dev_367,addr_367
367,89,1913.204073436054,purchase,dev_367,addr_367
367,108,798.8571687259043,purchase,dev_367,addr_367
367,127,1321.8466598259542,purchase,dev_367,addr_367
367,133,1957.6862544688631,purchase,dev_367,addr_367
367,142,1520.3547254358757,purchase,dev_367,addr_367
367,166,624.3474795634534,purchase,dev_367,addr_367
368,51,3022.7641836609628,purchase,dev_368,addr_368
369,59,3114.37902180538,purchase,dev_369,addr_369
369,75,1993.9254056927691,purchase,dev_369,addr_369
369,80,1567.88623422689,purchase,dev_369,addr_369
369,86,1480.6461518047108,purchase,dev_369,addr_369
369,106,488.27460224021956,purchase,dev_369,addr_369
370,42,1009.8916475720365,purchase,dev_370,addr_370
370,56,885.8229307688176,purchase,dev_370,addr_370
370,62,885.8229307688176,return,dev_370,addr_370
370,67,508.7717234279781,purchase,dev_370,addr_370
370,77,1080.6892540233987,purchase,dev_370,addr_370
371,55,1017.38634498129,purchase,dev_371,addr_371
371,65,3264.7814848521625,purchase,dev_371,addr_371
371,73,1561.7373731735001,purchase,dev_371,addr_371
371,94,1391.1635676509018,purchase,dev_371,addr_371
371,100,1330.67855720905,purchase,dev_371,addr_371
372,41,959.5119244215997,purchase,dev_372,addr_372
372,45,2874.8794800742994,purchase,dev_372,addr_372
372,58,716.2819640005397,purchase,dev_372,addr_372
372,71,1171.738402356595,purchase,dev_372,addr_372
373,23,1546.3541860949472,purchase,dev_373,addr_373
373,40,1666.905541587798,purchase,dev_373,addr_373
373,45,2411.110482831519,purchase,dev_373,addr_373
374,64,606.2986513589556,purchase,dev_374,addr_374
374,69,1724.5958671492187,purchase,dev_374,addr_374
374,70,606.2986513589556,return,dev_374,addr_374
374,93,2549.3281204387067,purchase,dev_374,addr_374
374,108,2645.0646695755713,purchase,dev_374,addr_374
374,117,1819.2369975429433,purchase,dev_374,addr_374
374,139,731.1460329221461,purchase,dev_374,addr_374
375,32,951.1846003959354,purchase,dev_375,addr_375
375,42,2215.415476233746,purchase,dev_375,addr_375
375,58,1568.180029251444,purchase,dev_375,addr_375
375,63,2229.2168659858953,purchase,dev_375,addr_375
376,58,1705.9044133699344,purchase,dev_376,addr_376
376,68,1927.3341837634048,purchase,dev_376,addr_376
376,89,2394.350767975983,purchase,dev_376,addr_376
377,34,3225.62894957837,purchase,dev_377,addr_377
377,41,1781.1546237856514,purchase,dev_377,addr_377
377,56,2533.3437075682796,purchase,dev_377,addr_377
377,72,1770.5730070508812,purchase,dev_377,addr_377
377,80,1770.5730070508812,return,dev_377,addr_377
377,95,1248.8298593976192,purchase,dev_377,addr_377
378,43,1054.541580890558,purchase,dev_378,addr_378
378,65,1104.075446410028,purchase,dev_378,addr_378
378,78,861.9404275992156,purchase,dev_378,addr_378
378,94,2086.712286450042,purchase,dev_378,addr_378
378,114,1026.2145977726566,purchase,dev_378,addr_378
379,33,933.4980414293711,purchase,dev_379,addr_379
379,45,412.7015501435312,purchase,dev_379,addr_379
379,54,412.7015501435312,return,dev_379,addr_379
379,61,1982.0360109065075,purchase,dev_379,addr_379
379,65,1798.9895455573007,purchase,dev_379,addr_379
379,69,912.0794523680242,purchase,dev_379,addr_379
380,13,834.8972474395406,purchase,dev_380,addr_380
380,16,834.8972474395406,return,dev_380,addr_380
380,28,1459.0735365369505,purchase,dev_380,addr_380
380,44,1347.7348400822648,purchase,dev_380,addr_380
381,71,1094.827771457569,purchase,dev_381,addr_381
381,83,2731.949364201128,purchase,dev_381,addr_381
381,90,1880.3278664158665,purchase,dev_381,addr_381
382,35,1195.310406952427,purchase,dev_382,addr_382
382,38,934.9165374600752,purchase,dev_382,addr_382
382,61,1455.6741737870732,purchase,dev_382,addr_382
382,69,751.9780936845019,purchase,dev_382,addr_382
382,84,1776.4479737993213,purchase,dev_382,addr_382
383,61,3087.5717217834963,purchase,dev_383,addr_383
383,80,2194.394749663078,purchase,dev_383,addr_383
383,99,1918.522836057754,purchase,dev_383,addr_383
383,105,1918.522836057754,return,dev_383,addr_383
383,118,976.1129162242855,purchase,dev_383,addr_383
384,18,3018.1294164922206,purchase,dev_384,addr_384
384,39,1675.2377183649546,purchase,dev_384,addr_384
384,55,1727.7215295994658,purchase,dev_384,addr_384
384,59,730.3725034762263,purchase,dev_384,addr_384
385,53,2350.534393053051,purchase,dev_385,addr_385
385,75,1056.5396704501409,purchase,dev_385,addr_385
385,90,2237.720158734335,purchase,dev_385,addr_385
385,104,2838.5753671112006,purchase,dev_385,addr_385
386,58,1219.6270442394389,purchase,dev_386,addr_386
386,62,1384.2113548967286,purchase,dev_386,addr_386
386,86,1630.3833522421971,purchase,dev_386,addr_386
387,32,2620.423296845459,purchase,dev_387,addr_387
387,55,1618.4650347571853,purchase,dev_387,addr_387
387,63,1202.206489173275,purchase,dev_387,addr_387
387,81,1502.2634812644499,purchase,dev_387,addr_387
387,95,947.5909901378375,purchase,dev_387,addr_387
388,23,1272.3781998872475,purchase,dev_388,addr_388
388,34,1696.5321691598979,purchase,dev_388,addr_388
388,41,1865.5273905007411,purchase,dev_388,addr_388
389,16,200.0,purchase,dev_389,addr_389
389,39,3494.977431622294,purchase,dev_389,addr_389
390,48,1606.7093781127367,purchase,dev_390,addr_390
390,65,528.1102783395348,purchase,dev_390,addr_390
390,80,3212.7320489248573,purchase,dev_390,addr_390
390,87,628.0079316438262,purchase,dev_390,addr_390
390,100,603.9625993187726,purchase,dev_390,addr_390
390,124,655.1559889685584,purchase,dev_390,addr_390
391,70,1344.38573762404,purchase,dev_391,addr_391
391,89,1618.7968320250593,purchase,dev_391,addr_391
391,104,1545.4918238706857,purchase,dev_391,addr_391
391,115,1276.9771512426535,purchase,dev_391,addr_391
392,50,1358.4881225351141,purchase,dev_392,addr_392
392,70,1038.9226105702542,purchase,dev_392,addr_392
392,74,1622.0524123794946,purchase,dev_392,addr_392
392,82,1026.8709541770204,purchase,dev_392,addr_392
393,30,1808.7161830157606,purchase,dev_393,addr_393
393,41,3313.0809656724646,purchase,dev_393,addr_393
393,55,2748.002437135775,purchase,dev_393,addr_393
393,75,4026.0924508143385,purchase,dev_393,addr_393
393,91,986.4351227979513,purchase,dev_393,addr_393
394,40,814.4660768219644,purchase,dev_394,addr_394
394,51,2222.541972774728,purchase,dev_394,addr_394
394,56,899.2141123533385,purchase,dev_394,addr_394
395,77,1062.8492928357273,purchase,dev_395,addr_395
395,85,1696.3353167839941,purchase,dev_395,addr_395
395,97,1350.6960815833181,purchase,dev_395,addr_395
395,112,1444.7238381700158,purchase,dev_395,addr_395
395,130,1020.7315308682762,purchase,dev_395,addr_395
396,60,1132.2223918362313,purchase,dev_396,addr_396
396,77,1679.2911710197204,purchase,dev_396,addr_396
396,82,2362.005261576515,purchase,dev_396,addr_396
396,95,2359.389011983463,purchase,dev_396,addr_396
397,21,1255.2498484272012,purchase,dev_397,addr_397
397,40,2341.5137612804365,purchase,dev_397,addr_397
397,61,865.9329198918559,purchase,dev_397,addr_397
397,75,1219.1101432615524,purchase,dev_397,addr_397
397,96,243.62836300722407,purchase,dev_397,addr_397
398,40,1431.1873492776883,purchase,dev_398,addr_398
398,61,1270.9343871544422,purchase,dev_398,addr_398
398,74,2445.2217094577286,purchase,dev_398,addr_398
399,51,1458.7184303786632,purchase,dev_399,addr_399
399,68,1165.4251326291742,purchase,dev_399,addr_399
399,88,741.0484951343153,purchase,dev_399,addr_399
399,106,3243.932680074337,purchase,dev_399,addr_399
400,5,815.1208925337612,purchase,dev_400,addr_400
400,29,4172.745516750316,purchase,dev_400,addr_400
400,32,1644.4879716885869,purchase,dev_400,addr_400
400,40,667.1014131913556,purchase,dev_400,addr_400
400,56,1146.5889278984412,purchase,dev_400,addr_400
400,72,828.1690535001209,purchase,dev_400,addr_400
401,14,1969.4667668762208,purchase,dev_401,addr_401
401,20,1969.4667668762208,return,dev_401,addr_401
401,26,1170.8494123758794,purchase,dev_401,addr_401
401,30,1106.1821593583659,purchase,dev_401,addr_401
401,34,1441.0373691928728,purchase,dev_401,addr_401
401,58,1726.464378553588,purchase,dev_401,addr_401
402,45,1482.01672360946,purchase,dev_402,addr_402
402,53,1482.01672360946,return,dev_402,addr_402
402,64,498.0334117070483,purchase,dev_402,addr_402
402,78,911.1070241015994,purchase,dev_402,addr_402
402,88,1001.0684917180546,purchase,dev_402,addr_402
403,35,1315.0716136658446,purchase,dev_403,addr_403
403,38,2290.4524260166254,purchase,dev_403,addr_403
403,51,879.4264410587227,purchase,dev_403,addr_403
403,69,1977.9386793610383,purchase,dev_403,addr_403
403,88,2585.3555328527455,purchase,dev_403,addr_403
403,103,2447.3725077480362,purchase,dev_403,addr_403
404,9,587.2595198585265,purchase,dev_404,addr_404
404,33,1686.4331325409073,purchase,dev_404,addr_404
404,54,1463.542393089833,purchase,dev_404,addr_404
405,58,1042.041903014061,purchase,dev_405,addr_405
405,72,2390.1498325355024,purchase,dev_405,addr_405
405,91,1117.5615831935488,purchase,dev_405,addr_405
406,60,2097.7008886106337,purchase,dev_406,addr_406
406,72,3143.1166154994335,purchase,dev_406,addr_406
406,83,1181.3282412145422,purchase,dev_406,addr_406
406,94,1201.893336700852,purchase,dev_406,addr_406
407,72,1136.8930985255838,purchase,dev_407,addr_407
407,75,1015.6693532857562,purchase,dev_407,addr_407
407,96,3162.2845306691565,purchase,dev_407,addr_407
408,31,1785.0061536658009,purchase,dev_408,addr_408
408,34,1744.12685511319,purchase,dev_408,addr_408
408,39,1434.93789159495,purchase,dev_408,addr_408
408,61,1156.234383504572,purchase,dev_408,addr_408
408,82,5194.072675997833,purchase,dev_408,addr_408
409,29,1800.1521552823183,purchase,dev_409,addr_409
409,32,947.6231685357906,purchase,dev_409,addr_409
409,38,1800.1521552823183,return,dev_409,addr_409
409,39,1326.040516636897,purchase,dev_409,addr_409
410,57,1818.0696767297593,purchase,dev_410,addr_410
410,80,1866.1032649105566,purchase,dev_410,addr_410
410,85,2470.8430293027095,purchase,dev_410,addr_410
411,21,6661.37005910384,purchase,dev_411,addr_411
411,27,542.3538472910085,purchase,dev_411,addr_411
412,77,649.2520973873026,purchase,dev_412,addr_412
412,84,1091.572773500313,purchase,dev_412,addr_412
412,92,1295.0811983485323,purchase,dev_412,addr_412
413,71,2873.113603579006,purchase,dev_413,addr_413
413,79,1462.8565006776919,purchase,dev_413,addr_413
413,96,2571.63212095461,purchase,dev_413,addr_413
413,99,2571.63212095461,return,dev_413,addr_413
414,17,2833.336121376819,purchase,dev_414,addr_414
414,41,1904.940082438664,purchase,dev_414,addr_414
414,44,1779.6209203016194,purchase,dev_414,addr_414
414,53,1466.2743087832534,purchase,dev_414,addr_414
415,65,826.2581987524297,purchase,dev_415,addr_415
415,72,1498.0901665198917,purchase,dev_415,addr_415
415,85,670.8993977901955,purchase,dev_415,addr_415
416,61,1644.9833712981003,purchase,dev_416,addr_416
416,70,1905.0970069138127,purchase,dev_416,addr_416
416,73,867.9969361616842,purchase,dev_416,addr_416
416,74,1905.0970069138127,return,dev_416,addr_416
416,76,629.161925471379,purchase,dev_416,addr_416
416,91,1233.2403564184972,purchase,dev_416,addr_416
416,108,1244.689879296792,purchase,dev_416,addr_416
416,124,686.6295759666057,purchase,dev_416,addr_416
417,44,2751.692812753908,purchase,dev_417,addr_417
417,47,974.6697753949591,purchase,dev_417,addr_417
417,50,1757.949978076587,purchase,dev_417,addr_417
417,54,3891.617885447056,purchase,dev_417,addr_417
417,73,683.893769873291,purchase,dev_417,addr_417
418,23,1025.753635364996,purchase,dev_418,addr_418
418,25,1025.753635364996,return,dev_418,addr_418
418,35,928.6649083925137,purchase,dev_418,addr_418
419,71,1024.095879524743,purchase,dev_419,addr_419
419,82,2322.957103690343,purchase,dev_419,addr_419
419,87,2322.957103690343,return,dev_419,addr_419
419,88,1447.7010901540866,purchase,dev_419,addr_419
419,109,1401.1186227510152,purchase,dev_419,addr_419
419,131,1598.5867540462125,purchase,dev_419,addr_419
420,37,1993.6650100474915,purchase,dev_420,addr_420
420,44,1393.742747413976,purchase,dev_420,addr_420
420,65,856.5082910963542,purchase,dev_420,addr_420
420,78,648.9653073149856,purchase,dev_420,addr_420
421,70,1975.6989853786804,purchase,dev_421,addr_421
421,74,950.6506923661744,purchase,dev_421,addr_421
421,95,702.9827833811394,purchase,dev_421,addr_421
421,98,702.9827833811394,return,dev_421,addr_421
421,115,1689.5626353075106,purchase,dev_421,addr_421
422,38,1012.3524933823466,purchase,dev_422,addr_422
422,47,1461.6276518142029,purchase,dev_422,addr_422
422,70,4550.485937618875,purchase,dev_422,addr_422
422,88,1168.1685653775942,purchase,dev_422,addr_422
422,96,1440.774347187152,purchase,dev_422,addr_422
423,55,1076.6420030971262,purchase,dev_423,addr_423
423,59,2147.718029993306,purchase,dev_423,addr_423
423,62,2147.718029993306,return,dev_423,addr_423
423,63,648.166296038337,purchase,dev_423,addr_423
423,66,1712.1878949531758,purchase,dev_423,addr_423
424,29,642.1951239839042,purchase,dev_424,addr_424
424,49,788.9329734920252,purchase,dev_424,addr_424
424,63,1251.0808592390674,purchase,dev_424,addr_424
424,85,1599.8867193818262,purchase,dev_424,addr_424
425,67,2549.228720808523,purchase,dev_425,addr_425
425,91,1153.46113589148,purchase,dev_425,addr_425
425,101,742.4935317519037,purchase,dev_425,addr_425
425,119,3234.876905237651,purchase,dev_425,addr_425
425,122,1121.8966864294216,purchase,dev_425,addr_425
426,52,1760.7229267092525,purchase,dev_426,addr_426
426,70,353.02584197559685,purchase,dev_426,addr_426
426,89,2599.474361763722,purchase,dev_426,addr_426
426,111,1145.1456162406362,purchase,dev_426,addr_426
426,130,1513.4379669566933,purchase,dev_426,addr_426
427,42,507.42196710834423,purchase,dev_427,addr_427
427,54,2219.0686709617594,purchase,dev_427,addr_427
427,78,1384.351740368961,purchase,dev_427,addr_427
427,100,1193.841936196316,purchase,dev_427,addr_427
427,124,690.0925133863972,purchase,dev_427,addr_427
427,148,1747.8987588231107,purchase,dev_427,addr_427
428,60,818.1875524537803,purchase,dev_428,addr_428
428,65,2822.0555223732226,purchase,dev_428,addr_428
428,79,1440.2664212278703,purchase,dev_428,addr_428
428,91,592.6898175497768,purchase,dev_428,addr_428
429,12,1260.085641167301,purchase,dev_429,addr_429
429,30,2456.668948216955,purchase,dev_429,addr_429
429,51,1959.7560396341323,purchase,dev_429,addr_429
430,29,1957.3836936251282,purchase,dev_430,addr_430
430,48,1154.0650825760267,purchase,dev_430,addr_430
430,71,961.5762729576495,purchase,dev_430,addr_430
430,95,1346.337691116353,purchase,dev_430,addr_430
430,102,3308.167028786345,purchase,dev_430,addr_430
430,107,1189.3451979030303,purchase,dev_430,addr_430
431,16,1317.428448390837,purchase,dev_431,addr_431
431,22,2909.069549060638,purchase,dev_431,addr_431
431,29,874.327484223476,purchase,dev_431,addr_431
432,14,1171.6712970735489,purchase,dev_432,addr_432
433,52,749.8374329885236,purchase,dev_433,addr_433
433,68,819.1029283000523,purchase,dev_433,addr_433
433,86,1700.2996325249048,purchase,dev_433,addr_433
434,19,754.8496843618339,purchase,dev_434,addr_434
435,20,485.7845877615339,purchase,dev_435,addr_435
435,34,1259.7415872688555,purchase,dev_435,addr_435
435,50,1942.640676685803,purchase,dev_435,addr_435
436,29,706.0290432037431,purchase,dev_436,addr_436
436,32,1390.0872825378308,purchase,dev_436,addr_436
436,50,1019.2027379908191,purchase,dev_436,addr_436
436,62,1012.7237509279582,purchase,dev_436,addr_436
436,71,525.3944200445928,purchase,dev_436,addr_436
436,91,2186.6301301582353,purchase,dev_436,addr_436
437,51,3822.864566223804,purchase,dev_437,addr_437
437,70,1126.5543051542634,purchase,dev_437,addr_437
437,89,1778.1734299758086,purchase,dev_437,addr_437
437,113,1392.859917768183,purchase,dev_437,addr_437
437,126,3548.262326184915,purchase,dev_437,addr_437
437,134,1026.398216168599,purchase,dev_437,addr_437
438,66,4828.333514931968,purchase,dev_438,addr_438
438,83,2225.3420479277725,purchase,dev_438,addr_438
438,100,2750.857294699219,purchase,dev_438,addr_438
438,107,2750.857294699219,return,dev_438,addr_438
438,112,549.0214742492861,purchase,dev_438,addr_438
438,120,1619.171023135383,purchase,dev_438,addr_438
439,57,895.8303828761583,purchase,dev_439,addr_439
439,80,2426.4267000785376,purchase,dev_439,addr_439
439,83,1845.889386017474,purchase,dev_439,addr_439
439,89,1622.1481611393413,purchase,dev_439,addr_439
440,57,2005.29920458687,purchase,dev_440,addr_440
440,67,879.7943143137826,purchase,dev_440,addr_440
440,70,3371.860423446972,purchase,dev_440,addr_440
440,72,3371.860423446972,return,dev_440,addr_440
441,42,810.6875679631836,purchase,dev_441,addr_441
441,66,2997.249962892323,purchase,dev_441,addr_441
442,32,1886.4976209800016,purchase,dev_442,addr_442
442,49,1101.929306749595,purchase,dev_442,addr_442
442,53,1101.929306749595,return,dev_442,addr_442
442,53,745.7981648894448,purchase,dev_442,addr_442
442,68,3779.0415467631324,purchase,dev_442,addr_442
442,72,1024.162997141702,purchase,dev_442,addr_442
443,65,3488.2752812866534,purchase,dev_443,addr_443
443,87,2401.8671491101504,purchase,dev_443,addr_443
443,101,1921.4415294521918,purchase,dev_443,addr_443
444,64,968.5700350968615,purchase,dev_444,addr_444
444,80,2103.5085101836485,purchase,dev_444,addr_444
444,92,1144.3751254375015,purchase,dev_444,addr_444
444,116,806.674429618152,purchase,dev_444,addr_444
444,124,3447.363751918287,purchase,dev_444,addr_444
444,130,1315.5507153757158,purchase,dev_444,addr_444
444,151,1483.9602858710164,purchase,dev_444,addr_444
445,73,852.159219614735,purchase,dev_445,addr_445
445,81,1210.2900518874865,purchase,dev_445,addr_445
445,105,1484.4943087929844,purchase,dev_445,addr_445
445,113,2313.3126157069355,purchase,dev_445,addr_445
445,118,1815.9085617910107,purchase,dev_445,addr_445
445,121,1815.9085617910107,return,dev_445,addr_445
445,131,1279.9188160725948,purchase,dev_445,addr_445
446,51,2783.8405611271132,purchase,dev_446,addr_446
446,63,1568.3676233518866,purchase,dev_446,addr_446
446,73,1324.9708922371956,purchase,dev_446,addr_446
447,23,1110.2077806239658,purchase,dev_447,addr_447
448,70,722.0735552036089,purchase,dev_448,addr_448
448,92,1440.9614169907127,purchase,dev_448,addr_448
448,115,1911.3691151510136,purchase,dev_448,addr_448
448,133,1453.691013394993,purchase,dev_448,addr_448
449,42,1020.2868618675571,purchase,dev_449,addr_449
449,51,1020.2868618675571,return,dev_449,addr_449
449,65,962.1190550974895,purchase,dev_449,addr_449
449,80,1865.1050186213768,purchase,dev_449,addr_449
450,71,1310.8483840160732,purchase,dev_450,addr_450
450,81,499.5201251677468,purchase,dev_450,addr_450
450,99,1678.4309753573607,purchase,dev_450,addr_450
450,117,2503.774672514878,purchase,dev_450,addr_450
450,120,1956.8241978491674,purchase,dev_450,addr_450
450,131,2179.5422283027046,purchase,dev_450,addr_450
451,8,950.0700797855294,purchase,dev_451,addr_451
451,14,510.93349355854696,purchase,dev_451,addr_451
451,36,754.7350452918903,purchase,dev_451,addr_451
452,24,1487.481431840758,purchase,dev_452,addr_452
452,35,1616.5470191913146,purchase,dev_452,addr_452
452,48,414.51363900407733,purchase,dev_452,addr_452
452,63,2383.5385274339696,purchase,dev_452,addr_452
452,78,648.6610497676312,purchase,dev_452,addr_452
453,33,614.4892040275847,purchase,dev_453,addr_453
453,39,2268.832811042101,purchase,dev_453,addr_453
453,45,1313.1822153035698,purchase,dev_453,addr_453
454,43,964.0632896349554,purchase,dev_454,addr_454
454,53,1190.1882626312893,purchase,dev_454,addr_454
454,58,1190.1882626312893,return,dev_454,addr_454
454,61,1334.4597758838647,purchase,dev_454,addr_454
454,70,1687.1178856639574,purchase,dev_454,addr_454
454,89,1799.972629294668,purchase,dev_454,addr_454
454,110,807.9483257065745,purchase,dev_454,addr_454
454,119,807.9483257065745,return,dev_454,addr_454
455,54,1795.0763249912657,purchase,dev_455,addr_455
455,57,600.942922555561,purchase,dev_455,addr_455
455,76,1071.2712399042102,purchase,dev_455,addr_455
455,81,1071.2712399042102,return,dev_455,addr_455
455,88,1247.8045826180498,purchase,dev_455,addr_455
455,96,2043.2264485369658,purchase,dev_455,addr_455
456,41,2458.4305265373846,purchase,dev_456,addr_456
456,65,1190.715902067069,purchase,dev_456,addr_456
456,82,809.1525950579812,purchase,dev_456,addr_456
456,95,1149.5904981175306,purchase,dev_456,addr_456
457,53,383.7666317236743,purchase,dev_457,addr_457
457,68,1299.1636719359933,purchase,dev_457,addr_457
457,83,1792.5119163201878,purchase,dev_457,addr_457
457,99,1317.912549050089,purchase,dev_457,addr_457
457,116,1248.6997714986617,purchase,dev_457,addr_457
457,134,2722.9006985586984,purchase,dev_457,addr_457
458,54,1586.8099349547722,purchase,dev_458,addr_458
458,63,686.7491741815023,purchase,dev_458,addr_458
458,80,1223.3989402859731,purchase,dev_458,addr_458
458,99,1946.914579187615,purchase,dev_458,addr_458
458,113,1765.8090514829198,purchase,dev_458,addr_458
459,46,1352.6555962859256,purchase,dev_459,addr_459
459,65,826.5592983637594,purchase,dev_459,addr_459
460,57,1094.949004022249,purchase,dev_460,addr_460
460,63,1094.949004022249,return,dev_460,addr_460
460,74,541.7351060910577,purchase,dev_460,addr_460
460,95,4546.214334181209,purchase,dev_460,addr_460
460,100,934.9812579039025,purchase,dev_460,addr_460
460,108,1086.5985125266961,purchase,dev_460,addr_460
461,30,4525.046361974961,purchase,dev_461,addr_461
461,45,3249.950230601733,purchase,dev_461,addr_461
461,52,626.9190504953579,purchase,dev_461,addr_461
461,65,1171.3162555987226,purchase,dev_461,addr_461
461,76,2017.6131041055125,purchase,dev_461,addr_461
461,92,3328.6307046466677,purchase,dev_461,addr_461
461,99,1668.1763791251485,purchase,dev_461,addr_461
461,103,1044.0929408499298,purchase,dev_461,addr_461
462,32,2153.4789968317523,purchase,dev_462,addr_462
462,49,3189.1557318467594,purchase,dev_462,addr_462
463,17,1127.9258163306972,purchase,dev_463,addr_463
463,41,2429.06661253572,purchase,dev_463,addr_463
463,46,1468.6921813118531,purchase,dev_463,addr_463
464,66,2858.3864385407755,purchase,dev_464,addr_464
464,90,666.1824256086832,purchase,dev_464,addr_464
464,94,420.43331208934717,purchase,dev_464,addr_464
464,109,3346.432594632543,purchase,dev_464,addr_464
464,112,2119.791709501226,purchase,dev_464,addr_464
465,61,675.7034411330964,purchase,dev_465,addr_465
465,76,2807.6831893798967,purchase,dev_465,addr_465
465,93,1257.8930175239582,purchase,dev_465,addr_465
465,97,1148.9064359955914,purchase,dev_465,addr_465
465,114,1329.1097265944863,purchase,dev_465,addr_465
465,129,1246.3990904685386,purchase,dev_465,addr_465
465,141,1807.885822580366,purchase,dev_465,addr_465
466,53,1103.3371703028893,purchase,dev_466,addr_466
466,57,1122.2433827332688,purchase,dev_466,addr_466
466,75,3415.6303504213247,purchase,dev_466,addr_466
466,83,665.6766516798422,purchase,dev_466,addr_466
466,101,3772.6814954411243,purchase,dev_466,addr_466
467,66,1318.444122626784,purchase,dev_467,addr_467
467,69,1115.4733650825701,purchase,dev_467,addr_467
467,82,554.9849486136958,purchase,dev_467,addr_467
467,91,981.0167969957333,purchase,dev_467,addr_467
467,101,1110.2049512325104,purchase,dev_467,addr_467
467,124,1383.7943487348043,purchase,dev_467,addr_467
467,139,1125.2460040344972,purchase,dev_467,addr_467
468,63,1818.5407677415558,purchase,dev_468,addr_468
468,82,2312.196500810973,purchase,dev_468,addr_468
468,102,1976.271188458376,purchase,dev_468,addr_468
468,113,1063.1627795333422,purchase,dev_468,addr_468
469,49,1022.4154785788876,purchase,dev_469,addr_469
469,52,1432.250465188098,purchase,dev_469,addr_469
470,29,1189.9864955642365,purchase,dev_470,addr_470
470,48,758.1399565619242,purchase,dev_470,addr_470
470,60,1349.1025149019413,purchase,dev_470,addr_470
470,74,2674.6333109927114,purchase,dev_470,addr_470
470,76,2674.6333109927114,return,dev_470,addr_470
470,85,902.1724365731984,purchase,dev_470,addr_470
470,103,1300.060082539525,purchase,dev_470,addr_470
470,106,1153.3352721131453,purchase,dev_470,addr_470
470,109,1300.060082539525,return,dev_470,addr_470
470,120,2530.598411762691,purchase,dev_470,addr_470
470,144,3441.5267449969265,purchase,dev_470,addr_470
471,55,809.5519025456736,purchase,dev_471,addr_471
471,68,1701.2870815286221,purchase,dev_471,addr_471
472,10,1441.4972171616416,purchase,dev_472,addr_472
472,17,2306.6316855998084,purchase,dev_472,addr_472
472,27,1211.2787649541947,purchase,dev_472,addr_472
472,37,730.5818605178576,purchase,dev_472,addr_472
472,51,1050.255569859046,purchase,dev_472,addr_472
473,45,1108.5753292155648,purchase,dev_473,addr_473
473,60,1452.7346510017824,purchase,dev_473,addr_473
473,66,1315.3090528356984,purchase,dev_473,addr_473
474,19,1108.8816424460265,purchase,dev_474,addr_474
474,28,798.9131442355099,purchase,dev_474,addr_474
474,40,2640.355356983442,purchase,dev_474,addr_474
474,64,1691.0629273851587,purchase,dev_474,addr_474
474,75,801.8800230925941,purchase,dev_474,addr_474
474,95,1375.2979189166108,purchase,dev_474,addr_474
475,20,592.9926206116709,purchase,dev_475,addr_475
475,33,1087.3033145579034,purchase,dev_475,addr_475
475,52,697.7660447970652,purchase,dev_475,addr_475
476,12,2259.537207558407,purchase,dev_476,addr_476
477,64,917.346457430513,purchase,dev_477,addr_477
477,88,2011.262409726765,purchase,dev_477,addr_477
478,56,1011.8498806450267,purchase,dev_478,addr_478
478,64,1433.8653995583747,purchase,dev_478,addr_478
478,79,1957.9766267862362,purchase,dev_478,addr_478
478,101,1965.2743760464073,purchase,dev_478,addr_478
478,122,2155.0788374872723,purchase,dev_478,addr_478
478,143,1208.8006081145372,purchase,dev_478,addr_478
478,167,1827.3567548769115,purchase,dev_478,addr_478
478,179,1217.3685659815687,purchase,dev_478,addr_478
479,34,1556.4248677511655,purchase,dev_479,addr_479
479,54,4441.2373311908495,purchase,dev_479,addr_479
479,75,1487.1268461874665,purchase,dev_479,addr_479
480,34,1071.1576623712965,purchase,dev_480,addr_480
480,44,1638.868221475251,purchase,dev_480,addr_480
480,56,1939.415982575946,purchase,dev_480,addr_480
480,66,1028.7455504897232,purchase,dev_480,addr_480
480,84,1165.9871765471614,purchase,dev_480,addr_480
480,92,2301.256888252615,purchase,dev_480,addr_480
480,106,794.6398492606368,purchase,dev_480,addr_480
480,110,794.6398492606368,return,dev_480,addr_480
480,111,645.2496828050515,purchase,dev_480,addr_480
480,126,1207.2362143535277,purchase,dev_480,addr_480
481,22,1226.8112445199938,purchase,dev_481,addr_481
481,33,988.9320056733486,purchase,dev_481,addr_481
481,43,1445.1100280755495,purchase,dev_481,addr_481
482,42,2458.632886492021,purchase,dev_482,addr_482
482,64,1965.8290601010196,purchase,dev_482,addr_482
482,70,1965.8290601010196,return,dev_482,addr_482
482,88,2554.075828688981,purchase,dev_482,addr_482
482,104,1725.5531674456329,purchase,dev_482,addr_482
483,55,701.7186028335254,purchase,dev_483,addr_483
483,73,2380.609626011146,purchase,dev_483,addr_483
483,85,1082.8561377710948,purchase,dev_483,addr_483
483,92,1782.4152628014779,purchase,dev_483,addr_483
483,111,2205.4620046529985,purchase,dev_483,addr_483
483,114,3230.656253430157,purchase,dev_483,addr_483
483,119,2101.779025585289,purchase,dev_483,addr_483
484,36,1180.1593223696448,purchase,dev_484,addr_484
484,51,1667.9224411206355,purchase,dev_484,addr_484
484,69,1283.3301525853003,purchase,dev_484,addr_484
484,93,1497.88209577598,purchase,dev_484,addr_484
484,109,1372.506010374067,purchase,dev_484,addr_484
484,123,428.65632827205616,purchase,dev_484,addr_484
485,40,1251.932309803999,purchase,dev_485,addr_485
485,63,1282.1765785232917,purchase,dev_485,addr_485
485,78,974.9468770522197,purchase,dev_485,addr_485
485,88,793.8614026346313,purchase,dev_485,addr_485
486,59,696.1309307759656,purchase,dev_486,addr_486
486,67,1229.856686934333,purchase,dev_486,addr_486
486,81,689.0226144915105,purchase,dev_486,addr_486
487,55,1651.145691612783,purchase,dev_487,addr_487
487,60,1792.1589756377164,purchase,dev_487,addr_487
488,34,634.5539725930349,purchase,dev_488,addr_488
488,48,755.7418738017775,purchase,dev_488,addr_488
488,65,662.032935507092,purchase,dev_488,addr_488
489,40,911.0316937959498,purchase,dev_489,addr_489
489,59,1442.278210073504,purchase,dev_489,addr_489
489,64,1083.9209180411362,purchase,dev_489,addr_489
489,82,911.0861181589254,purchase,dev_489,addr_489
489,98,6952.98994656067,purchase,dev_489,addr_489
489,101,2041.3029868509077,purchase,dev_489,addr_489
489,106,2041.3029868509077,return,dev_489,addr_489
490,46,1072.5322691160645,purchase,dev_490,addr_490
490,61,1432.7758876292808,purchase,dev_490,addr_490
490,68,2049.2796120154153,purchase,dev_490,addr_490
490,91,1434.5673213196537,purchase,dev_490,addr_490
490,113,1280.446215591634,purchase,dev_490,addr_490
490,118,1585.7908317460815,purchase,dev_490,addr_490
491,50,676.1355369205332,purchase,dev_491,addr_491
491,64,1247.696712685962,purchase,dev_491,addr_491
492,7,1269.3369071990303,purchase,dev_492,addr_492
492,15,1217.9063303505568,purchase,dev_492,addr_492
492,21,1074.2963053326446,purchase,dev_492,addr_492
492,39,1810.6985891073932,purchase,dev_492,addr_492
493,74,1028.1717154354901,purchase,dev_493,addr_493
493,94,2225.709770464388,purchase,dev_493,addr_493
494,66,2031.3900752253348,purchase,dev_494,addr_494
494,77,1752.4409333127883,purchase,dev_494,addr_494
494,87,1030.5126403971342,purchase,dev_494,addr_494
494,101,1963.339513692127,purchase,dev_494,addr_494
495,20,1463.8506705240698,purchase,dev_495,addr_495
495,23,1463.8506705240698,return,dev_495,addr_495
495,25,639.3382921202558,purchase,dev_495,addr_495
496,22,1787.2665333049092,purchase,dev_496,addr_496
496,30,903.649155191384,purchase,dev_496,addr_496
496,32,903.649155191384,return,dev_496,addr_496
496,54,1754.114166990762,purchase,dev_496,addr_496
496,68,1130.9034741321286,purchase,dev_496,addr_496
496,75,764.0921565937349,purchase,dev_496,addr_496
496,91,2404.863794694393,purchase,dev_496,addr_496
497,45,836.2348557147832,purchase,dev_497,addr_497
497,50,415.36326702531113,purchase,dev_497,addr_497
497,63,694.9087721807325,purchase,dev_497,addr_497
498,33,1149.399531479317,purchase,dev_498,addr_498
498,36,934.7677382640633,purchase,dev_498,addr_498
498,48,1389.068676936378,purchase,dev_498,addr_498
498,71,2358.258203414927,purchase,dev_498,addr_498
498,89,1653.4008085351816,purchase,dev_498,addr_498
498,93,1822.5191449003107,purchase,dev_498,addr_498
499,47,1180.117389537568,purchase,dev_499,addr_499
499,53,833.9400344034362,purchase,dev_499,addr_499
499,68,2501.2004709758553,purchase,dev_499,addr_499
499,75,2501.2004709758553,return,dev_499,addr_499
499,75,1758.110280893522,purchase,dev_499,addr_499
499,84,989.2098826872534,purchase,dev_499,addr_499
499,100,3254.679273115539,purchase,dev_499,addr_499
499,111,1626.7064015648095,purchase,dev_499,addr_499
500,26,1453.8062331626688,purchase,dev_500,addr_500
500,41,1014.7668268316935,purchase,dev_500,addr_500
500,62,1075.536977744153,purchase,dev_500,addr_500
500,64,1075.536977744153,return,dev_500,addr_500
500,69,929.6116056151919,purchase,dev_500,addr_500
500,92,873.0059806336538,purchase,dev_500,addr_500
501,57,1328.9049547810698,purchase,dev_501,addr_501
501,72,838.4003958383666,purchase,dev_501,addr_501
502,28,2376.4719733183842,purchase,dev_502,addr_502
502,46,4661.121708773698,purchase,dev_502,addr_502
502,69,1238.435420996301,purchase,dev_502,addr_502
502,79,3128.615547580532,purchase,dev_502,addr_502
502,102,799.1194125885526,purchase,dev_502,addr_502
502,108,1869.7002918438268,purchase,dev_502,addr_502
502,126,1768.9113281376378,purchase,dev_502,addr_502
502,137,2548.8129041552747,purchase,dev_502,addr_502
503,45,1480.823201091851,purchase,dev_503,addr_503
503,62,1118.217057202442,purchase,dev_503,addr_503
503,73,1873.835066597996,purchase,dev_503,addr_503
503,86,1062.8514008768927,purchase,dev_503,addr_503
503,100,1312.3069777946293,purchase,dev_503,addr_503
504,51,1888.3023571283982,purchase,dev_504,addr_504
504,66,864.3178509109065,purchase,dev_504,addr_504
504,76,931.7532055926416,purchase,dev_504,addr_504
505,12,1393.3449948728166,purchase,dev_505,addr_505
505,23,1235.445753547462,purchase,dev_505,addr_505
505,47,1482.6805057714694,purchase,dev_505,addr_505
505,50,722.1175594314755,purchase,dev_505,addr_505
506,18,684.5918568483705,purchase,dev_506,addr_506
507,4,2903.1834049861404,purchase,dev_507,addr_507
507,10,849.3307848619813,purchase,dev_507,addr_507
507,26,520.3507456436088,purchase,dev_507,addr_507
507,48,335.48035129860546,purchase,dev_507,addr_507
507,65,849.0930772397618,purchase,dev_507,addr_507
508,28,1480.5956473846365,purchase,dev_508,addr_508
508,38,649.9180790621914,purchase,dev_508,addr_508
508,49,1232.3779149153695,purchase,dev_508,addr_508
508,61,934.7529050993912,purchase,dev_508,addr_508
508,68,1951.5753919243132,purchase,dev_508,addr_508
508,86,448.92389621086187,purchase,dev_508,addr_508
508,103,922.789607752225,purchase,dev_508,addr_508
508,109,870.6330228698689,purchase,dev_508,addr_508
508,133,767.5461317675582,purchase,dev_508,addr_508
509,20,416.392910883863,purchase,dev_509,addr_509
509,23,1961.8968330358157,purchase,dev_509,addr_509
509,27,1586.428126548535,purchase,dev_509,addr_509
509,30,1004.7461000136585,purchase,dev_509,addr_509
510,13,2263.4244174896094,purchase,dev_510,addr_510
510,31,603.697159481025,purchase,dev_510,addr_510
511,62,1442.9995841957193,purchase,dev_511,addr_511
512,18,1840.431294388744,purchase,dev_512,addr_512
512,42,1466.2035387335825,purchase,dev_512,addr_512
512,62,2165.7323222237605,purchase,dev_512,addr_512
512,81,1420.7729519125962,purchase,dev_512,addr_512
513,21,688.1048917799014,purchase,dev_513,addr_513
513,35,531.692300820151,purchase,dev_513,addr_513
513,59,2847.915077808238,purchase,dev_513,addr_513
513,79,1036.1341205193487,purchase,dev_513,addr_513
513,82,2138.9205448608113,purchase,dev_513,addr_513
514,35,987.3802611598466,purchase,dev_514,addr_514
515,64,910.0078741835906,purchase,dev_515,addr_515
515,72,1556.9586861526977,purchase,dev_515,addr_515
515,87,2165.112362733557,purchase,dev_515,addr_515
516,13,358.11743446919996,purchase,dev_516,addr_516
516,16,1698.9253219331642,purchase,dev_516,addr_516
516,28,2821.0406652991956,purchase,dev_516,addr_516
517,48,2910.8007767712593,purchase,dev_517,addr_517
517,63,6363.616460941894,purchase,dev_517,addr_517
517,74,698.4330301595749,purchase,dev_517,addr_517
517,97,1098.9009277530197,purchase,dev_517,addr_517
517,113,998.7333283909048,purchase,dev_517,addr_517
518,45,1886.5386679472622,purchase,dev_518,addr_518
518,65,1951.8953433310287,purchase,dev_518,addr_518
518,78,1199.6711460396411,purchase,dev_518,addr_518
518,81,1628.8944305562713,purchase,dev_518,addr_518
518,95,987.5440208603975,purchase,dev_518,addr_518
519,55,1767.277785869742,purchase,dev_519,addr_519
519,67,1013.255918961466,purchase,dev_519,addr_519
519,82,1329.9975384101976,purchase,dev_519,addr_519
519,95,1324.4967379631464,purchase,dev_519,addr_519
519,111,1326.3285382472943,purchase,dev_519,addr_519
520,74,2340.9598769847817,purchase,dev_520,addr_520
520,83,823.6400347080651,purchase,dev_520,addr_520
521,53,698.8616183404525,purchase,dev_521,addr_521
521,67,779.4821921784052,purchase,dev_521,addr_521
521,90,1520.9574825899824,purchase,dev_521,addr_521
521,111,2050.3054549696913,purchase,dev_521,addr_521
521,132,1945.6242426823349,purchase,dev_521,addr_521
522,34,1030.2540959834248,purchase,dev_522,addr_522
522,41,953.9976127169401,purchase,dev_522,addr_522
522,60,1179.0828549346559,purchase,dev_522,addr_522
522,78,1946.8561396134867,purchase,dev_522,addr_522
522,83,1579.1766237389113,purchase,dev_522,addr_522
522,86,1946.8561396134867,return,dev_522,addr_522
523,44,1106.8207441005068,purchase,dev_523,addr_523
523,67,1310.5821611675588,purchase,dev_523,addr_523
523,76,1865.1685269162297,purchase,dev_523,addr_523
523,88,1122.1094106931998,purchase,dev_523,addr_523
523,94,688.0772704686163,purchase,dev_523,addr_523
523,104,2472.23585434937,purchase,dev_523,addr_523
524,14,1326.2989158523071,purchase,dev_524,addr_524
524,24,1838.3068143440844,purchase,dev_524,addr_524
524,41,1089.4810992835728,purchase,dev_524,addr_524
524,46,1503.2525368236445,purchase,dev_524,addr_524
525,20,946.4737613162936,purchase,dev_525,addr_525
525,29,1487.4839049424265,purchase,dev_525,addr_525
525,37,2248.5458003352624,purchase,dev_525,addr_525
525,42,705.3736660374689,purchase,dev_525,addr_525
525,44,2248.5458003352624,return,dev_525,addr_525
525,49,1095.0518814109714,purchase,dev_525,addr_525
525,51,705.3736660374689,return,dev_525,addr_525
526,54,1261.748889104853,purchase,dev_526,addr_526
527,41,1058.8544255850318,purchase,dev_527,addr_527
527,60,2016.288807989026,purchase,dev_527,addr_527
527,78,988.1412963116765,purchase,dev_527,addr_527
527,86,1857.0614666337847,purchase,dev_527,addr_527
527,104,1197.5210628235834,purchase,dev_527,addr_527
527,122,1401.8456704435446,purchase,dev_527,addr_527
528,27,851.9805475095185,purchase,dev_528,addr_528
528,51,2243.307305208632,purchase,dev_528,addr_528
529,40,666.4401924583647,purchase,dev_529,addr_529
529,46,1762.818026935224,purchase,dev_529,addr_529
529,52,1140.6402935571334,purchase,dev_529,addr_529
529,70,2820.921956403111,purchase,dev_529,addr_529
529,92,778.8824996037878,purchase,dev_529,addr_529
530,51,1076.8094779567361,purchase,dev_530,addr_530
530,54,1076.8094779567361,return,dev_530,addr_530
530,69,992.9900695556257,purchase,dev_530,addr_530
530,89,1668.789336336672,purchase,dev_530,addr_530
530,93,1195.8071033170015,purchase,dev_530,addr_530
530,113,699.8001263737038,purchase,dev_530,addr_530
531,20,484.9439925438222,purchase,dev_531,addr_531
531,34,1565.1151630808681,purchase,dev_531,addr_531
531,56,1497.9639212332133,purchase,dev_531,addr_531
532,33,1702.0047653483482,purchase,dev_532,addr_532
532,54,1314.182316000953,purchase,dev_532,addr_532
532,64,1514.380601572522,purchase,dev_532,addr_532
533,71,4797.338848748136,purchase,dev_533,addr_533
533,79,4797.338848748136,return,dev_533,addr_533
533,82,1592.951841315661,purchase,dev_533,addr_533
533,99,1218.1981843892718,purchase,dev_533,addr_533
533,117,766.6520675213096,purchase,dev_533,addr_533
533,139,1199.913249576497,purchase,dev_533,addr_533
534,52,854.7249887599482,purchase,dev_534,addr_534
534,62,1774.2798874184155,purchase,dev_534,addr_534
534,84,1245.0594319833854,purchase,dev_534,addr_534
534,91,2058.807132970861,purchase,dev_534,addr_534
534,99,1629.475243605747,purchase,dev_534,addr_534
534,110,1695.6007875122127,purchase,dev_534,addr_534
534,113,822.407414620542,purchase,dev_534,addr_534
534,124,338.6359897759753,purchase,dev_534,addr_534
534,145,797.8091081311517,purchase,dev_534,addr_534
534,150,1350.7040157238594,purchase,dev_534,addr_534
535,36,2382.9857526279443,purchase,dev_535,addr_535
535,44,3769.454503022821,purchase,dev_535,addr_535
535,62,1765.696643175401,purchase,dev_535,addr_535
535,73,739.8158475128042,purchase,dev_535,addr_535
535,91,1536.0880502351786,purchase,dev_535,addr_535
536,39,1217.6996715358662,purchase,dev_536,addr_536
537,54,633.5422089002258,purchase,dev_537,addr_537
537,66,1834.8150638407978,purchase,dev_537,addr_537
537,83,574.6261544732392,purchase,dev_537,addr_537
538,53,724.6616759270071,purchase,dev_538,addr_538
538,62,1233.0609111129122,purchase,dev_538,addr_538
538,69,1300.1692611471237,purchase,dev_538,addr_538
538,83,1214.9704984852794,purchase,dev_538,addr_538
538,95,1334.7198915188717,purchase,dev_538,addr_538
538,107,1090.435987591204,purchase,dev_538,addr_538
538,131,1957.6993911135148,purchase,dev_538,addr_538
538,138,2050.5020336508433,purchase,dev_538,addr_538
538,146,2050.5020336508433,return,dev_538,addr_538
539,31,1336.6350838268852,purchase,dev_539,addr_539
539,46,1103.805133059306,purchase,dev_539,addr_539
539,61,927.2721891806829,purchase,dev_539,addr_539
539,74,1994.2539684655756,purchase,dev_539,addr_539
539,96,1029.570681858347,purchase,dev_539,addr_539
540,69,1940.4656818943856,purchase,dev_540,addr_540
540,81,661.6223663846889,purchase,dev_540,addr_540
541,20,1235.1217034523559,purchase,dev_541,addr_541
541,27,1054.7093852197263,purchase,dev_541,addr_541
542,55,884.4921261366834,purchase,dev_542,addr_542
542,78,1123.1013237717368,purchase,dev_542,addr_542
542,89,906.6649141938793,purchase,dev_542,addr_542
542,100,3190.7541322386264,purchase,dev_542,addr_542
543,12,1801.9229700815988,purchase,dev_543,addr_543
543,32,1744.648463529527,purchase,dev_543,addr_543
543,40,1480.7212354169833,purchase,dev_543,addr_543
543,49,1807.2959887895784,purchase,dev_543,addr_543
543,59,1089.1927165712277,purchase,dev_543,addr_543
543,78,3047.3211058075103,purchase,dev_543,addr_543
544,52,1583.4676770850035,purchase,dev_544,addr_544
544,66,1213.159510084581,purchase,dev_544,addr_544
544,75,3736.8930575446893,purchase,dev_544,addr_544
545,73,888.8271429302746,purchase,dev_545,addr_545
545,88,1391.1196132135942,purchase,dev_545,addr_545
545,108,1861.9137647173757,purchase,dev_545,addr_545
546,65,1344.3729416333051,purchase,dev_546,addr_546
546,87,1601.988929367204,purchase,dev_546,addr_546
546,108,1294.2818514814574,purchase,dev_546,addr_546
546,116,1114.4877813029723,purchase,dev_546,addr_546
546,121,5056.373196669031,purchase,dev_546,addr_546
546,144,999.8766900039366,purchase,dev_546,addr_546
547,79,2485.3569779332674,purchase,dev_547,addr_547
547,102,1475.878559105961,purchase,dev_547,addr_547
547,109,1407.4664234283196,purchase,dev_547,addr_547
547,131,576.6953097008371,purchase,dev_547,addr_547
548,26,910.1238111183613,purchase,dev_548,addr_548
548,34,643.7092647454919,purchase,dev_548,addr_548
548,54,841.2172320338292,purchase,dev_548,addr_548
548,74,2148.39377943132,purchase,dev_548,addr_548
548,81,1430.785181681411,purchase,dev_548,addr_548
548,89,1559.1281062676683,purchase,dev_548,addr_548
548,101,2041.4016051203484,purchase,dev_548,addr_548
549,54,476.3431672674318,purchase,dev_549,addr_549
549,71,1607.2144907986237,purchase,dev_549,addr_549
549,80,2322.5685519278427,purchase,dev_549,addr_549
549,91,1615.1112418467094,purchase,dev_549,addr_549
549,104,1768.1648038862786,purchase,dev_549,addr_549
549,115,1419.281932647173,purchase,dev_549,addr_549
550,57,1475.5028759220925,purchase,dev_550,addr_550
550,71,1758.0378379301196,purchase,dev_550,addr_550
550,82,975.7280960894914,purchase,dev_550,addr_550
550,97,1839.099223044011,purchase,dev_550,addr_550
551,67,867.5682688270319,purchase,dev_551,addr_551
551,91,2715.5836344125833,purchase,dev_551,addr_551
551,112,928.4952902819952,purchase,dev_551,addr_551
551,131,2470.2205519362496,purchase,dev_551,addr_551
552,37,1683.335392871272,purchase,dev_552,addr_552
552,41,10025.749589141078,purchase,dev_552,addr_552
552,51,1407.8740840446478,purchase,dev_552,addr_552
553,59,3258.4537056176573,purchase,dev_553,addr_553
553,65,732.0582063466853,purchase,dev_553,addr_553
553,76,1306.9779767716911,purchase,dev_553,addr_553
554,45,883.5333591630452,purchase,dev_554,addr_554
554,59,1756.4101635904385,purchase,dev_554,addr_554
554,74,681.1847015051244,purchase,dev_554,addr_554
554,98,2124.3642637921866,purchase,dev_554,addr_554
554,101,900.0473281366094,purchase,dev_554,addr_554
554,120,2504.2144075942024,purchase,dev_554,addr_554
555,36,828.1158007819789,purchase,dev_555,addr_555
555,40,1853.2100139222105,purchase,dev_555,addr_555
555,51,1681.0126402619485,purchase,dev_555,addr_555
555,56,1780.3552836649421,purchase,dev_555,addr_555
556,37,1672.2801194332942,purchase,dev_556,addr_556
556,55,1226.019546142843,purchase,dev_556,addr_556
556,77,2318.3083450541008,purchase,dev_556,addr_556
556,94,1215.798363364778,purchase,dev_556,addr_556
556,114,1363.3297161489263,purchase,dev_556,addr_556
557,64,1318.4744255115595,purchase,dev_557,addr_557
557,73,1090.3174294667588,purchase,dev_557,addr_557
557,78,934.7008630391889,purchase,dev_557,addr_557
557,86,1707.1933304523807,purchase,dev_557,addr_557
557,102,952.29808657741,purchase,dev_557,addr_557
558,35,1650.9244468065315,purchase,dev_558,addr_558
558,45,730.1877280507588,purchase,dev_558,addr_558
558,56,784.5089990795791,purchase,dev_558,addr_558
559,21,2328.5385955369597,purchase,dev_559,addr_559
559,39,701.6664832115434,purchase,dev_559,addr_559
559,58,1374.2911298254348,purchase,dev_559,addr_559
559,75,1717.5320486838366,purchase,dev_559,addr_559
560,41,1241.6068772717445,purchase,dev_560,addr_560
560,55,810.3986445790773,purchase,dev_560,addr_560
560,72,772.9115718548194,purchase,dev_560,addr_560
560,95,2035.2582939788758,purchase,dev_560,addr_560
560,98,982.8258852116113,purchase,dev_560,addr_560
560,119,3255.6904404158345,purchase,dev_560,addr_560
561,51,1679.2715456310514,purchase,dev_561,addr_561
561,63,1392.9348874039006,purchase,dev_561,addr_561
561,80,1155.0826789547857,purchase,dev_561,addr_561
561,91,1644.8554625036682,purchase,dev_561,addr_561
562,79,1445.4959082621544,purchase,dev_562,addr_562
562,101,1498.4255877831922,purchase,dev_562,addr_562
562,111,758.6869856747378,purchase,dev_562,addr_562
563,61,2580.749109803262,purchase,dev_563,addr_563
563,65,1447.6297938952177,purchase,dev_563,addr_563
563,68,1475.6513035862076,purchase,dev_563,addr_563
564,74,742.6659103192621,purchase,dev_564,addr_564
564,84,1869.2813188010216,purchase,dev_564,addr_564
564,87,1869.2813188010216,return,dev_564,addr_564
564,93,5307.035159038026,purchase,dev_564,addr_564
564,106,1148.789399243929,purchase,dev_564,addr_564
564,118,1144.6352260742497,purchase,dev_564,addr_564
564,133,1638.6461888387753,purchase,dev_564,addr_564
565,54,1960.9244118083398,purchase,dev_565,addr_565
565,72,1693.344465370536,purchase,dev_565,addr_565
565,94,1086.7671877832593,purchase,dev_565,addr_565
565,110,1814.0126039055885,purchase,dev_565,addr_565
566,24,1035.9697859953687,purchase,dev_566,addr_566
567,68,1736.426802908767,purchase,dev_567,addr_567
567,78,1039.4054837435933,purchase,dev_567,addr_567
567,87,701.2468923122711,purchase,dev_567,addr_567
567,90,894.7257851201742,purchase,dev_567,addr_567
568,41,1744.5933003564119,purchase,dev_568,addr_568
568,52,1246.6681314117532,purchase,dev_568,addr_568
568,55,1009.697425141345,purchase,dev_568,addr_568
569,72,2063.573507609225,purchase,dev_569,addr_569
569,79,4116.607631132483,purchase,dev_569,addr_569
569,87,2534.4691679312978,purchase,dev_569,addr_569
570,65,2840.1175098736817,purchase,dev_570,addr_570
570,74,1318.606064905527,purchase,dev_570,addr_570
571,69,2036.7171546606376,purchase,dev_571,addr_571
571,82,405.9292550423689,purchase,dev_571,addr_571
571,91,3291.491896604658,purchase,dev_571,addr_571
571,106,887.2134686948266,purchase,dev_571,addr_571
571,118,2073.07253306666,purchase,dev_571,addr_571
571,125,1330.9150268333624,purchase,dev_571,addr_571
571,145,1029.5773189053484,purchase,dev_571,addr_571
571,157,1678.8506020648822,purchase,dev_571,addr_571
571,166,1678.8506020648822,return,dev_571,addr_571
572,46,1058.7227345883095,purchase,dev_572,addr_572
572,52,1058.7227345883095,return,dev_572,addr_572
572,67,502.7152761145773,purchase,dev_572,addr_572
572,75,904.5972322202585,purchase,dev_572,addr_572
572,87,1581.0895745956432,purchase,dev_572,addr_572
572,92,1581.0895745956432,return,dev_572,addr_572
573,62,924.9477915711626,purchase,dev_573,addr_573
573,82,750.2814878997942,purchase,dev_573,addr_573
574,65,756.0761593698786,purchase,dev_574,addr_574
574,82,2391.1942876150156,purchase,dev_574,addr_574
575,33,1942.9271145403252,purchase,dev_575,addr_575
575,39,583.0665284552324,purchase,dev_575,addr_575
576,73,1150.9874272040315,purchase,dev_576,addr_576
576,90,2234.3483280712776,purchase,dev_576,addr_576
576,97,2234.3483280712776,return,dev_576,addr_576
576,111,1110.976237064282,purchase,dev_576,addr_576
576,120,2431.8957044336075,purchase,dev_576,addr_576
576,130,1370.8414647560385,purchase,dev_576,addr_576
577,50,942.9985530534778,purchase,dev_577,addr_577
577,55,942.9985530534778,return,dev_577,addr_577
577,55,2049.409116610067,purchase,dev_577,addr_577
577,64,769.2149674954567,purchase,dev_577,addr_577
578,69,1965.9376859931635,purchase,dev_578,addr_578
578,81,689.6304409476343,purchase,dev_578,addr_578
578,86,2282.0477269727635,purchase,dev_578,addr_578
578,89,1724.0073511144408,purchase,dev_578,addr_578
578,104,1579.7117568416184,purchase,dev_578,addr_578
579,43,1440.9355842246866,purchase,dev_579,addr_579
579,51,1915.0058290874294,purchase,dev_579,addr_579
579,73,903.0889147924356,purchase,dev_579,addr_579
580,27,591.9522850693614,purchase,dev_580,addr_580
580,36,703.6665500423646,purchase,dev_580,addr_580
580,58,1196.1128466955345,purchase,dev_580,addr_580
580,64,2368.4381134848736,purchase,dev_580,addr_580
580,67,2536.7265743554112,purchase,dev_580,addr_580
580,70,958.5373304631368,purchase,dev_580,addr_580
580,74,2536.7265743554112,return,dev_580,addr_580
581,19,1089.5110945527615,purchase,dev_581,addr_581
581,32,3656.8113109656774,purchase,dev_581,addr_581
581,39,2003.4426702426374,purchase,dev_581,addr_581
582,36,649.3138820747635,purchase,dev_582,addr_582
583,33,1142.2837623518956,purchase,dev_583,addr_583
583,48,1140.8438645825247,purchase,dev_583,addr_583
583,50,1140.8438645825247,return,dev_583,addr_583
583,61,517.2618463646527,purchase,dev_583,addr_583
584,71,2908.915767728694,purchase,dev_584,addr_584
584,81,1304.281279210234,purchase,dev_584,addr_584
584,105,1768.8385656664225,purchase,dev_584,addr_584
584,124,1930.8214668942387,purchase,dev_584,addr_584
584,144,1408.3402254453772,purchase,dev_584,addr_584
584,161,1576.1798807236403,purchase,dev_584,addr_584
585,66,1051.7448704361213,purchase,dev_585,addr_585
585,76,3333.1763471705335,purchase,dev_585,addr_585
585,82,1514.8779310951866,purchase,dev_585,addr_585
585,89,2640.936254569026,purchase,dev_585,addr_585
585,96,1123.0177088965795,purchase,dev_585,addr_585
585,117,1046.6054128149449,purchase,dev_585,addr_585
585,128,2325.5843094892425,purchase,dev_585,addr_585
586,41,936.3721912248897,purchase,dev_586,addr_586
586,47,500.78676997433223,purchase,dev_586,addr_586
586,67,527.7006784496652,purchase,dev_586,addr_586
586,82,1360.8497492890363,purchase,dev_586,addr_586
586,106,3092.4439841028666,purchase,dev_586,addr_586
587,21,436.21962084448217,purchase,dev_587,addr_587
587,36,1392.9239053993597,purchase,dev_587,addr_587
587,52,1247.958697200812,purchase,dev_587,addr_587
587,71,1754.7215870874259,purchase,dev_587,addr_587
587,76,1161.9141944483993,purchase,dev_587,addr_587
587,78,1161.9141944483993,return,dev_587,addr_587
587,96,1014.3335295153836,purchase,dev_587,addr_587
587,120,771.7183573429038,purchase,dev_587,addr_587
588,68,229.38344222866942,purchase,dev_588,addr_588
588,85,1351.4093782421019,purchase,dev_588,addr_588
588,99,1219.4387236744205,purchase,dev_588,addr_588
588,123,772.1783987387684,purchase,dev_588,addr_588
588,138,740.741169928401,purchase,dev_588,addr_588
588,142,2697.9195652695607,purchase,dev_588,addr_588
588,151,921.1599057766515,purchase,dev_588,addr_588
588,170,966.7307143942579,purchase,dev_588,addr_588
588,180,1864.4956507664897,purchase,dev_588,addr_588
589,16,1768.857041752176,purchase,dev_589,addr_589
589,21,1170.953922911909,purchase,dev_589,addr_589
589,24,1359.7209883486228,purchase,dev_589,addr_589
589,48,736.6116055326755,purchase,dev_589,addr_589
589,72,613.2963471384168,purchase,dev_589,addr_589
589,93,1886.0674035268091,purchase,dev_589,addr_589
589,114,1471.5342192831179,purchase,dev_589,addr_589
590,27,1735.3286430853636,purchase,dev_590,addr_590
590,47,1363.8969962823605,purchase,dev_590,addr_590
590,63,700.0134338818706,purchase,dev_590,addr_590
591,16,1851.400158920899,purchase,dev_591,addr_591
591,21,1851.400158920899,return,dev_591,addr_591
591,24,1496.096663371766,purchase,dev_591,addr_591
591,30,1496.096663371766,return,dev_591,addr_591
591,33,2692.795725284519,purchase,dev_591,addr_591
592,62,1111.6788730165217,purchase,dev_592,addr_592
592,70,834.1181424042793,purchase,dev_592,addr_592
592,82,1070.562613387589,purchase,dev_592,addr_592
593,72,730.0398757417807,purchase,dev_593,addr_593
593,80,2443.5057216541745,purchase,dev_593,addr_593
593,100,1202.29922375265,purchase,dev_593,addr_593
593,112,1054.8853302775108,purchase,dev_593,addr_593
593,134,1006.4045876498976,purchase,dev_593,addr_593
594,48,2485.1094612775873,purchase,dev_594,addr_594
595,23,2160.4330298925497,purchase,dev_595,addr_595
595,29,2579.8052096848137,purchase,dev_595,addr_595
595,50,740.3069406622387,purchase,dev_595,addr_595
595,53,1324.1517108760863,purchase,dev_595,addr_595
595,61,1181.4592307760838,purchase,dev_595,addr_595
595,80,1988.657580341221,purchase,dev_595,addr_595
596,35,1344.864987120609,purchase,dev_596,addr_596
596,41,906.4256648168674,purchase,dev_596,addr_596
597,75,538.1108460499067,purchase,dev_597,addr_597
597,91,3587.6224171819645,purchase,dev_597,addr_597
597,108,1053.6849717710204,purchase,dev_597,addr_597
598,43,2706.2984767588923,purchase,dev_598,addr_598
598,47,1664.6893577856467,purchase,dev_598,addr_598
598,65,1338.3042343212321,purchase,dev_598,addr_598
598,83,2164.1285267110784,purchase,dev_598,addr_598
598,106,578.4129919705188,purchase,dev_598,addr_598
598,127,1824.3615674838998,purchase,dev_598,addr_598
599,7,345.5492322136748,purchase,dev_599,addr_599
599,28,3041.6074021785735,purchase,dev_599,addr_599
599,51,677.5102916104238,purchase,dev_599,addr_599
599,69,2863.908380600469,purchase,dev_599,addr_599
600,69,2671.286712687191,purchase,dev_600,addr_600
601,18,2014.2877795673746,purchase,dev_601,addr_601
601,30,1123.6926394171885,purchase,dev_601,addr_601
601,36,920.8545609822683,purchase,dev_601,addr_601
602,57,715.7556841590409,purchase,dev_602,addr_602
602,65,715.7556841590409,return,dev_602,addr_602
602,73,1946.7657349420176,purchase,dev_602,addr_602
602,77,1166.1527321811407,purchase,dev_602,addr_602
602,86,759.0760397907379,purchase,dev_602,addr_602
602,99,1900.2769225207842,purchase,dev_602,addr_602
602,108,579.9655866216478,purchase,dev_602,addr_602
602,111,748.6746035652227,purchase,dev_602,addr_602
602,114,586.9297016788195,purchase,dev_602,addr_602
603,29,1004.6463467567029,purchase,dev_603,addr_603
603,44,2559.927414873441,purchase,dev_603,addr_603
603,58,397.9577634238323,purchase,dev_603,addr_603
603,65,397.9577634238323,return,dev_603,addr_603
603,70,2482.1867480942215,purchase,dev_603,addr_603
604,58,2145.8172810123815,purchase,dev_604,addr_604
604,68,741.8317303147518,purchase,dev_604,addr_604
604,72,1106.6574200283085,purchase,dev_604,addr_604
604,82,3728.2837344289173,purchase,dev_604,addr_604
605,42,1036.4217582204926,purchase,dev_605,addr_605
605,57,524.0263723357643,purchase,dev_605,addr_605
606,24,1526.7140840185723,purchase,dev_606,addr_606
607,28,2941.2487481897865,purchase,dev_607,addr_607
607,35,3285.5242728810404,purchase,dev_607,addr_607
607,42,3226.6760744916896,purchase,dev_607,addr_607
607,57,1225.1934011479318,purchase,dev_607,addr_607
607,65,1911.5072431848967,purchase,dev_607,addr_607
608,59,3846.783821175489,purchase,dev_608,addr_608
608,83,656.3823439617387,purchase,dev_608,addr_608
608,94,1472.5861547129698,purchase,dev_608,addr_608
608,115,493.78422796036836,purchase,dev_608,addr_608
609,52,1752.6673095709089,purchase,dev_609,addr_609
609,55,1776.5804559205017,purchase,dev_609,addr_609
609,60,2094.3786506109695,purchase,dev_609,addr_609
609,65,2094.3786506109695,return,dev_609,addr_609
609,78,1891.5844320350302,purchase,dev_609,addr_609
609,97,1155.9549540671458,purchase,dev_609,addr_609
609,106,2088.96057649379,purchase,dev_609,addr_609
609,110,1136.3919403208147,purchase,dev_609,addr_609
610,47,744.7107120444597,purchase,dev_610,addr_610
610,52,1291.925717928574,purchase,dev_610,addr_610
610,71,866.6076768218592,purchase,dev_610,addr_610
611,35,2383.1263866224563,purchase,dev_611,addr_611
611,46,2158.376996463488,purchase,dev_611,addr_611
612,36,989.5667809968928,purchase,dev_612,addr_612
612,45,704.4440807240292,purchase,dev_612,addr_612
612,48,704.4440807240292,return,dev_612,addr_612
612,53,1285.0776668949688,purchase,dev_612,addr_612
613,21,761.4231912125258,purchase,dev_613,addr_613
613,33,688.5815668827748,purchase,dev_613,addr_613
613,38,765.828311991164,purchase,dev_613,addr_613
613,62,1379.6883883947228,purchase,dev_613,addr_613
614,49,456.2245348552487,purchase,dev_614,addr_614
614,60,2544.9874534729056,purchase,dev_614,addr_614
614,75,436.57738287924144,purchase,dev_614,addr_614
615,56,2732.296482065838,purchase,dev_615,addr_615
615,79,589.3975026708465,purchase,dev_615,addr_615
615,91,2747.9795977706153,purchase,dev_615,addr_615
616,47,755.2367043661159,purchase,dev_616,addr_616
616,71,1706.1088441924817,purchase,dev_616,addr_616
617,83,2810.576495090542,purchase,dev_617,addr_617
617,104,1094.0772196355852,purchase,dev_617,addr_617
617,127,1005.3493764638931,purchase,dev_617,addr_617
617,131,1469.45337799872,purchase,dev_617,addr_617
617,139,2381.707089492466,purchase,dev_617,addr_617
618,37,4463.385602487607,purchase,dev_618,addr_618
618,45,2412.991797719045,purchase,dev_618,addr_618
618,56,652.9596602048604,purchase,dev_618,addr_618
618,72,815.9702075973614,purchase,dev_618,addr_618
618,94,2481.4791250345047,purchase,dev_618,addr_618
619,65,700.4660047917796,purchase,dev_619,addr_619
619,83,837.0426767852215,purchase,dev_619,addr_619
619,102,1062.5382474360256,purchase,dev_619,addr_619
619,123,927.2992605470472,purchase,dev_619,addr_619
619,146,2092.317216644466,purchase,dev_619,addr_619
619,169,1659.4611819885822,purchase,dev_619,addr_619
620,14,355.7818492646339,purchase,dev_620,addr_620
620,30,1004.0653384029555,purchase,dev_620,addr_620
620,52,782.8423434689292,purchase,dev_620,addr_620
620,57,952.0136403307508,purchase,dev_620,addr_620
620,79,1169.694178299614,purchase,dev_620,addr_620
620,98,1099.8261803552875,purchase,dev_620,addr_620
621,11,732.5274833898438,purchase,dev_621,addr_621
621,14,732.5274833898438,return,dev_621,addr_621
621,31,548.2151045892105,purchase,dev_621,addr_621
621,44,676.2444650273974,purchase,dev_621,addr_621
622,52,915.9429417715724,purchase,dev_622,addr_622
622,72,1652.824640130408,purchase,dev_622,addr_622
622,82,676.1535192559129,purchase,dev_622,addr_622
622,94,1758.7149839130118,purchase,dev_622,addr_622
623,22,692.1059171117041,purchase,dev_623,addr_623
623,26,1647.202010466821,purchase,dev_623,addr_623
623,29,1634.148639677591,purchase,dev_623,addr_623
624,42,1317.6377711878577,purchase,dev_624,addr_624
624,46,2156.8379402566966,purchase,dev_624,addr_624
624,49,1065.2668059747898,purchase,dev_624,addr_624
624,64,803.8182675621786,purchase,dev_624,addr_624
624,66,803.8182675621786,return,dev_624,addr_624
625,66,1610.7627128049148,purchase,dev_625,addr_625
625,90,1804.3496901443607,purchase,dev_625,addr_625
625,96,1394.7759048616801,purchase,dev_625,addr_625
625,108,1405.1562078861473,purchase,dev_625,addr_625
625,119,1654.6489419690204,purchase,dev_625,addr_625
626,48,927.9591991524333,purchase,dev_626,addr_626
626,72,2481.6619976392517,purchase,dev_626,addr_626
626,78,1693.4411876548722,purchase,dev_626,addr_626
626,88,1110.895474444482,purchase,dev_626,addr_626
627,51,1505.4270208209975,purchase,dev_627,addr_627
627,63,1115.8739991510226,purchase,dev_627,addr_627
627,84,581.804105281045,purchase,dev_627,addr_627
627,94,2936.8676297386323,purchase,dev_627,addr_627
627,109,858.4163016636707,purchase,dev_627,addr_627
628,55,527.5736232553613,purchase,dev_628,addr_628
628,72,3041.084588888723,purchase,dev_628,addr_628
628,82,789.1066231823847,purchase,dev_628,addr_628
628,94,1147.5014424520627,purchase,dev_628,addr_628
628,113,1060.6696428030095,purchase,dev_628,addr_628
628,117,1060.6696428030095,return,dev_628,addr_628
628,128,2375.8123232518983,purchase,dev_628,addr_628
629,77,2443.077128504771,purchase,dev_629,addr_629
629,95,657.4512309384195,purchase,dev_629,addr_629
629,102,1443.6268172833493,purchase,dev_629,addr_629
630,63,911.109956387914,purchase,dev_630,addr_630
630,74,753.713772337342,purchase,dev_630,addr_630
630,83,1662.7654895356281,purchase,dev_630,addr_630
630,91,443.5335704021249,purchase,dev_630,addr_630
631,30,1820.45179755155,purchase,dev_631,addr_631
631,37,1975.1768533469196,purchase,dev_631,addr_631
631,47,1192.4119699349521,purchase,dev_631,addr_631
631,50,2562.277730173905,purchase,dev_631,addr_631
631,74,1009.6278807597132,purchase,dev_631,addr_631
632,18,2005.9114026112084,purchase,dev_632,addr_632
632,21,934.0697051005953,purchase,dev_632,addr_632
632,43,2719.319135976083,purchase,dev_632,addr_632
633,69,1214.5305395986434,purchase,dev_633,addr_633
633,86,1662.9161820845254,purchase,dev_633,addr_633
633,98,1223.9197212849595,purchase,dev_633,addr_633
633,121,576.0213489039004,purchase,dev_633,addr_633
633,141,681.9927811733347,purchase,dev_633,addr_633
633,145,550.6861077488624,purchase,dev_633,addr_633
634,60,950.465323256975,purchase,dev_634,addr_634
634,73,591.3076463854591,purchase,dev_634,addr_634
634,91,1595.214731097604,purchase,dev_634,addr_634
634,94,845.5650261658238,purchase,dev_634,addr_634
635,69,1367.8556089136111,purchase,dev_635,addr_635
635,78,1367.8556089136111,return,dev_635,addr_635
635,89,1089.7498190209808,purchase,dev_635,addr_635
635,103,1390.449990556504,purchase,dev_635,addr_635
635,117,1187.552894850395,purchase,dev_635,addr_635
636,56,1035.7355031342688,purchase,dev_636,addr_636
636,74,3098.6124081979433,purchase,dev_636,addr_636
636,87,527.876057197254,purchase,dev_636,addr_636
636,101,1017.790357983816,purchase,dev_636,addr_636
636,113,1058.3273777041072,purchase,dev_636,addr_636
636,127,508.7835172675406,purchase,dev_636,addr_636
636,130,1091.3623809525832,purchase,dev_636,addr_636
636,132,1091.3623809525832,return,dev_636,addr_636
637,52,912.4029683231946,purchase,dev_637,addr_637
637,73,986.6927868580391,purchase,dev_637,addr_637
637,90,1648.4981846217374,purchase,dev_637,addr_637
637,93,801.5841295052768,purchase,dev_637,addr_637
637,109,1141.3434069996217,purchase,dev_637,addr_637
638,48,961.6902611005183,purchase,dev_638,addr_638
638,55,1957.9461327487131,purchase,dev_638,addr_638
638,59,952.5107607511471,purchase,dev_638,addr_638
638,62,1218.3587370557743,purchase,dev_638,addr_638
639,24,1227.6984006763137,purchase,dev_639,addr_639
639,47,1518.6953131651915,purchase,dev_639,addr_639
639,65,1535.6036990686198,purchase,dev_639,addr_639
640,58,1295.2979589064007,purchase,dev_640,addr_640
640,81,5112.214664674995,purchase,dev_640,addr_640
640,98,870.1490578829287,purchase,dev_640,addr_640
640,121,4838.179340122734,purchase,dev_640,addr_640
641,21,3015.304484798996,purchase,dev_641,addr_641
642,73,2861.5950449662337,purchase,dev_642,addr_642
642,81,1647.1634111918552,purchase,dev_642,addr_642
642,104,626.9118966601959,purchase,dev_642,addr_642
642,122,1214.2369044157824,purchase,dev_642,addr_642
642,126,1214.2369044157824,return,dev_642,addr_642
642,146,2276.6441135029236,purchase,dev_642,addr_642
642,161,1687.7916380040806,purchase,dev_642,addr_642
643,16,916.3590888684066,purchase,dev_643,addr_643
643,24,699.88812033711,purchase,dev_643,addr_643
643,31,824.4680505582345,purchase,dev_643,addr_643
643,45,742.346340850672,purchase,dev_643,addr_643
644,58,1100.4952315161531,purchase,dev_644,addr_644
644,81,1491.3515775567782,purchase,dev_644,addr_644
645,45,1010.1096598870694,purchase,dev_645,addr_645
645,59,1686.0613328155914,purchase,dev_645,addr_645
645,82,3791.753561278591,purchase,dev_645,addr_645
645,90,1873.7152198825781,purchase,dev_645,addr_645
645,108,1806.0464297646897,purchase,dev_645,addr_645
645,117,1806.0464297646897,return,dev_645,addr_645
645,132,1639.4886796854848,purchase,dev_645,addr_645
646,57,663.0998035350059,purchase,dev_646,addr_646
646,69,1857.2057882459271,purchase,dev_646,addr_646
646,88,1457.2900110627556,purchase,dev_646,addr_646
646,96,1171.3921045939564,purchase,dev_646,addr_646
647,32,1173.369485028479,purchase,dev_647,addr_647
647,56,1311.1806923840795,purchase,dev_647,addr_647
648,58,537.0253986237916,purchase,dev_648,addr_648
648,75,1894.4446328514769,purchase,dev_648,addr_648
648,77,1894.4446328514769,return,dev_648,addr_648
648,79,2288.510440372745,purchase,dev_648,addr_648
648,98,487.6656697440211,purchase,dev_648,addr_648
648,120,3337.138704243675,purchase,dev_648,addr_648
648,140,2136.0410158903514,purchase,dev_648,addr_648
648,158,1317.7572120789662,purchase,dev_648,addr_648
649,34,1157.0075474979517,purchase,dev_649,addr_649
649,49,325.46253294885213,purchase,dev_649,addr_649
650,31,1287.5711710445055,purchase,dev_650,addr_650
650,54,678.7865988506547,purchase,dev_650,addr_650
650,63,678.7865988506547,return,dev_650,addr_650
650,76,801.2207643416888,purchase,dev_650,addr_650
650,92,1199.8605389300592,purchase,dev_650,addr_650
650,111,1263.2735286132495,purchase,dev_650,addr_650
650,114,1263.2735286132495,return,dev_650,addr_650
650,114,1639.305448431841,purchase,dev_650,addr_650
650,133,978.6907397804508,purchase,dev_650,addr_650
650,157,1013.2887419337521,purchase,dev_650,addr_650
651,51,1061.2082026780058,purchase,dev_651,addr_651
651,56,1797.738936386169,purchase,dev_651,addr_651
651,75,1088.4184362362817,purchase,dev_651,addr_651
651,89,1424.5576380568527,purchase,dev_651,addr_651
651,101,1343.1128264690085,purchase,dev_651,addr_651
651,108,1177.266569188195,purchase,dev_651,addr_651
652,55,1183.6164042144605,purchase,dev_652,addr_652
653,28,1056.000302586179,purchase,dev_653,addr_653
654,21,2894.89760286715,purchase,dev_654,addr_654
655,22,1783.588837296134,purchase,dev_655,addr_655
655,42,1300.2060326197886,purchase,dev_655,addr_655
655,51,1727.848887993814,purchase,dev_655,addr_655
655,61,1698.0141835388463,purchase,dev_655,addr_655
655,64,1698.0141835388463,return,dev_655,addr_655
656,46,2034.690622045723,purchase,dev_656,addr_656
656,67,1413.9023728336736,purchase,dev_656,addr_656
656,80,1930.6561552630117,purchase,dev_656,addr_656
656,103,2936.5452902561315,purchase,dev_656,addr_656
656,110,2936.5452902561315,return,dev_656,addr_656
656,118,1866.5729320903322,purchase,dev_656,addr_656
656,124,2936.570540651511,purchase,dev_656,addr_656
656,144,1826.0802161311476,purchase,dev_656,addr_656
657,23,1695.7269287979957,purchase,dev_657,addr_657
657,34,2137.752014467394,purchase,dev_657,addr_657
657,53,2443.64214953283,purchase,dev_657,addr_657
657,59,1931.3618777458075,purchase,dev_657,addr_657
658,34,905.8024772479145,purchase,dev_658,addr_658
658,52,1744.439443883762,purchase,dev_658,addr_658
658,54,1744.439443883762,return,dev_658,addr_658
658,61,1008.9425907720682,purchase,dev_658,addr_658
659,57,2158.6859904487396,purchase,dev_659,addr_659
659,67,1761.1872190701836,purchase,dev_659,addr_659
659,90,1937.078705606799,purchase,dev_659,addr_659
660,17,2489.629428041214,purchase,dev_660,addr_660
660,40,1430.632495724914,purchase,dev_660,addr_660
660,50,1018.8654858014429,purchase,dev_660,addr_660
660,64,909.3385954726211,purchase,dev_660,addr_660
661,42,572.6425651976261,purchase,dev_661,addr_661
661,58,2522.748823648628,purchase,dev_661,addr_661
662,50,1280.0566038530055,purchase,dev_662,addr_662
662,66,2373.8539903960527,purchase,dev_662,addr_662
662,77,1574.1608985251687,purchase,dev_662,addr_662
662,92,1152.222773612395,purchase,dev_662,addr_662
663,52,4470.10530006514,purchase,dev_663,addr_663
663,71,1075.9290118128085,purchase,dev_663,addr_663
664,59,2706.910598048362,purchase,dev_664,addr_664
664,76,1317.8665597748663,purchase,dev_664,addr_664
665,16,2040.548995891662,purchase,dev_665,addr_665
665,27,1852.0020474508262,purchase,dev_665,addr_665
665,36,551.51775466342,purchase,dev_665,addr_665
665,43,1374.7237139909487,purchase,dev_665,addr_665
665,58,888.1108355772567,purchase,dev_665,addr_665
666,35,2478.1782384847124,purchase,dev_666,addr_666
666,43,881.001389157922,purchase,dev_666,addr_666
666,56,728.0966432304915,purchase,dev_666,addr_666
666,62,728.0966432304915,return,dev_666,addr_666
667,7,2174.421518577596,purchase,dev_667,addr_667
667,21,2352.4636836618233,purchase,dev_667,addr_667
667,38,522.8600088893835,purchase,dev_667,addr_667
668,50,1175.5985349183225,purchase,dev_668,addr_668
668,59,1922.9577819740932,purchase,dev_668,addr_668
668,78,3132.804688039806,purchase,dev_668,addr_668
669,70,286.72974540137886,purchase,dev_669,addr_669
669,80,2324.087621071771,purchase,dev_669,addr_669
669,83,1156.4832290149232,purchase,dev_669,addr_669
670,36,1201.6496955506075,purchase,dev_670,addr_670
670,45,754.7377126126379,purchase,dev_670,addr_670
670,60,536.4830236727789,purchase,dev_670,addr_670
670,70,1205.1729471047659,purchase,dev_670,addr_670
670,80,3438.68989342429,purchase,dev_670,addr_670
671,79,1935.2504960974773,purchase,dev_671,addr_671
671,88,548.1649113006364,purchase,dev_671,addr_671
671,94,1789.8819054046487,purchase,dev_671,addr_671
671,117,1791.7220352168588,purchase,dev_671,addr_671
672,37,1105.7024390008037,purchase,dev_672,addr_672
672,61,588.2605065508209,purchase,dev_672,addr_672
672,64,632.2663449558829,purchase,dev_672,addr_672
672,82,1772.5051639625276,purchase,dev_672,addr_672
672,98,1810.4186709697174,purchase,dev_672,addr_672
672,101,783.2605008184612,purchase,dev_672,addr_672
672,105,1810.4186709697174,return,dev_672,addr_672
673,69,1262.8128800519985,purchase,dev_673,addr_673
673,82,1258.216649176455,purchase,dev_673,addr_673
674,75,1217.2386856031985,purchase,dev_674,addr_674
674,98,664.7919456179602,purchase,dev_674,addr_674
674,115,1389.7969574850872,purchase,dev_674,addr_674
675,34,2586.9115047477885,purchase,dev_675,addr_675
675,52,802.9916855162904,purchase,dev_675,addr_675
675,56,1143.9471798072407,purchase,dev_675,addr_675
675,80,1775.3735053965959,purchase,dev_675,addr_675
675,98,585.7932533662047,purchase,dev_675,addr_675
676,23,520.8834365432124,purchase,dev_676,addr_676
676,39,1732.405636107089,purchase,dev_676,addr_676
677,63,1049.4469308192495,purchase,dev_677,addr_677
677,76,795.3406348953703,purchase,dev_677,addr_677
677,97,855.1675618994236,purchase,dev_677,addr_677
677,109,1506.1247407534079,purchase,dev_677,addr_677
677,130,1198.9243389492074,purchase,dev_677,addr_677
677,139,1006.013139803623,purchase,dev_677,addr_677
677,151,794.0488357481979,purchase,dev_677,addr_677
678,7,1391.9796083677663,purchase,dev_678,addr_678
678,24,1257.49611220422,purchase,dev_678,addr_678
679,17,2294.0807842989434,purchase,dev_679,addr_679
679,32,1276.0085585711179,purchase,dev_679,addr_679
679,35,2481.3981815051807,purchase,dev_679,addr_679
679,41,1276.0085585711179,return,dev_679,addr_679
680,59,1671.7940673991031,purchase,dev_680,addr_680
680,77,588.1653717520912,purchase,dev_680,addr_680
680,94,1040.0670687706986,purchase,dev_680,addr_680
681,36,1957.0179054109883,purchase,dev_681,addr_681
681,39,1339.748907847368,purchase,dev_681,addr_681
681,54,620.8461304083386,purchase,dev_681,addr_681
681,75,1689.8405106211849,purchase,dev_681,addr_681
682,75,647.0355832433326,purchase,dev_682,addr_682
682,97,893.8135867971354,purchase,dev_682,addr_682
682,111,1543.2813721290472,purchase,dev_682,addr_682
683,54,2256.3318956502644,purchase,dev_683,addr_683
683,57,2232.4960508788813,purchase,dev_683,addr_683
683,71,1841.2504601967878,purchase,dev_683,addr_683
683,78,905.8167153261442,purchase,dev_683,addr_683
684,50,1187.5480248780837,purchase,dev_684,addr_684
684,72,1130.0407234988884,purchase,dev_684,addr_684
684,91,2514.6500518325583,purchase,dev_684,addr_684
684,94,459.48463656540764,purchase,dev_684,addr_684
685,43,1325.6127339800266,purchase,dev_685,addr_685
685,55,706.0183874076249,purchase,dev_685,addr_685
686,20,2158.6912695021624,purchase,dev_686,addr_686
687,45,978.9220655140767,purchase,dev_687,addr_687
687,58,1397.7574161638345,purchase,dev_687,addr_687
687,72,1222.4044409054854,purchase,dev_687,addr_687
687,90,806.1829831829891,purchase,dev_687,addr_687
687,98,641.5356093879137,purchase,dev_687,addr_687
687,122,1384.0926452839658,purchase,dev_687,addr_687
687,131,609.1340271427661,purchase,dev_687,addr_687
688,53,1216.0643695181477,purchase,dev_688,addr_688
688,60,1216.0643695181477,return,dev_688,addr_688
689,60,1650.7409926192167,purchase,dev_689,addr_689
689,82,1019.4904351815676,purchase,dev_689,addr_689
689,87,1157.4236451706786,purchase,dev_689,addr_689
689,111,937.4721601625777,purchase,dev_689,addr_689
689,116,1807.6058159546862,purchase,dev_689,addr_689
689,129,3804.1848579021585,purchase,dev_689,addr_689
690,35,1403.6488182160685,purchase,dev_690,addr_690
690,40,1723.5721557799498,purchase,dev_690,addr_690
690,53,1120.8173464128602,purchase,dev_690,addr_690
691,59,1272.5897291119934,purchase,dev_691,addr_691
691,68,1332.2157404413142,purchase,dev_691,addr_691
691,81,1352.8705648131647,purchase,dev_691,addr_691
692,61,1590.4958965004323,purchase,dev_692,addr_692
692,83,1652.4368924122177,purchase,dev_692,addr_692
693,66,1433.8374344031104,purchase,dev_693,addr_693
693,73,1433.8374344031104,return,dev_693,addr_693
693,78,764.2002136786965,purchase,dev_693,addr_693
693,91,3180.955642979359,purchase,dev_693,addr_693
693,101,1433.0460340214509,purchase,dev_693,addr_693
693,111,1200.3278657000844,purchase,dev_693,addr_693
694,59,1293.3074094209542,purchase,dev_694,addr_694
694,70,707.1416442620238,purchase,dev_694,addr_694
694,77,1485.74184408637,purchase,dev_694,addr_694
695,56,2278.2347568721984,purchase,dev_695,addr_695
696,47,516.6409341932355,purchase,dev_696,addr_696
696,71,1106.9384122199344,purchase,dev_696,addr_696
696,92,4238.729435747175,purchase,dev_696,addr_696
696,104,932.7345635918323,purchase,dev_696,addr_696
696,112,936.8407729823454,purchase,dev_696,addr_696
696,126,4124.319638876616,purchase,dev_696,addr_696
697,60,590.2877747011685,purchase,dev_697,addr_697
697,77,996.4778789147102,purchase,dev_697,addr_697
697,80,2671.1679638413457,purchase,dev_697,addr_697
697,93,1285.0529874142424,purchase,dev_697,addr_697
697,97,532.5471237599168,purchase,dev_697,addr_697
698,27,2030.5005015731847,purchase,dev_698,addr_698
698,34,2030.5005015731847,return,dev_698,addr_698
698,49,1413.5803840791698,purchase,dev_698,addr_698
698,69,1214.1330220835578,purchase,dev_698,addr_698
698,87,1677.6050813424492,purchase,dev_698,addr_698
699,20,1264.8310317485432,purchase,dev_699,addr_699
699,31,852.2989509828819,purchase,dev_699,addr_699
699,48,560.7759590532756,purchase,dev_699,addr_699
699,62,827.6108502346068,purchase,dev_699,addr_699
699,75,1366.001872315385,purchase,dev_699,addr_699
699,79,1366.001872315385,return,dev_699,addr_699
699,81,1300.0866353483873,purchase,dev_699,addr_699
700,30,1059.4977605897027,purchase,dev_700,addr_700
700,33,647.3283110542645,purchase,dev_700,addr_700
700,48,2287.0928796144813,purchase,dev_700,addr_700
701,38,1287.7835815686547,purchase,dev_701,addr_701
701,54,1104.4563147736403,purchase,dev_701,addr_701
701,73,1677.202623792418,purchase,dev_701,addr_701
702,20,755.8161010239955,purchase,dev_702,addr_702
702,44,1015.3610343105416,purchase,dev_702,addr_702
702,67,896.90714414615,purchase,dev_702,addr_702
702,71,3042.5560673581604,purchase,dev_702,addr_702
703,39,1560.5017827077174,purchase,dev_703,addr_703
703,58,534.5338198849173,purchase,dev_703,addr_703
703,74,1452.008315628221,purchase,dev_703,addr_703
703,93,836.0306908274679,purchase,dev_703,addr_703
704,35,591.1846208822668,purchase,dev_704,addr_704
704,43,2674.605764025767,purchase,dev_704,addr_704
704,65,2222.5369153953643,purchase,dev_704,addr_704
705,15,1062.868728469435,purchase,dev_705,addr_705
705,35,1262.231347630737,purchase,dev_705,addr_705
705,43,414.2265870545796,purchase,dev_705,addr_705
705,47,1287.23503352259,purchase,dev_705,addr_705
706,40,3639.8168108873283,purchase,dev_706,addr_706
706,63,665.1076191637316,purchase,dev_706,addr_706
706,69,1302.5321219129,purchase,dev_706,addr_706
706,92,1170.8513582994456,purchase,dev_706,addr_706
706,96,1670.4863779526704,purchase,dev_706,addr_706
706,103,1044.2429568762757,purchase,dev_706,addr_706
706,109,1026.4528439096048,purchase,dev_706,addr_706
707,37,2258.045221251794,purchase,dev_707,addr_707
707,47,997.8879015669205,purchase,dev_707,addr_707
707,59,2562.1359507316065,purchase,dev_707,addr_707
707,64,1714.9000184817282,purchase,dev_707,addr_707
707,82,1101.9332303909778,purchase,dev_707,addr_707
708,67,1187.353641115515,purchase,dev_708,addr_708
708,87,679.9208508811939,purchase,dev_708,addr_708
708,108,1119.9829617703422,purchase,dev_708,addr_708
708,125,1080.4510075447101,purchase,dev_708,addr_708
708,148,1705.6535976422847,purchase,dev_708,addr_708
708,163,1176.434329122345,purchase,dev_708,addr_708
708,186,810.4231720219783,purchase,dev_708,addr_708
709,36,2029.9755167359792,purchase,dev_709,addr_709
709,59,740.4544972793774,purchase,dev_709,addr_709
709,69,1119.942219135992,purchase,dev_709,addr_709
709,80,2029.5395377756413,purchase,dev_709,addr_709
709,91,1178.8642972886287,purchase,dev_709,addr_709
710,11,1285.2919013195135,purchase,dev_710,addr_710
710,17,1053.4886775101204,purchase,dev_710,addr_710
710,29,664.1479941665093,purchase,dev_710,addr_710
711,72,1438.9732034107824,purchase,dev_711,addr_711
711,76,566.4102997642284,purchase,dev_711,addr_711
711,89,975.7008252637672,purchase,dev_711,addr_711
712,32,519.4533071018816,purchase,dev_712,addr_712
712,52,1440.665896434758,purchase,dev_712,addr_712
712,75,3106.1261703160694,purchase,dev_712,addr_712
712,80,2970.117718563971,purchase,dev_712,addr_712
712,86,1636.2326329759567,purchase,dev_712,addr_712
713,52,679.3614839468358,purchase,dev_713,addr_713
713,71,3559.0376205034554,purchase,dev_713,addr_713
713,75,1068.8959110322335,purchase,dev_713,addr_713
713,95,1392.7219695993592,purchase,dev_713,addr_713
713,119,1987.788766108358,purchase,dev_713,addr_713
713,123,1768.7244877132027,purchase,dev_713,addr_713
714,67,1170.2470545351325,purchase,dev_714,addr_714
714,87,1092.8756832892616,purchase,dev_714,addr_714
714,94,1438.371501879287,purchase,dev_714,addr_714
714,114,1557.5001693676224,purchase,dev_714,addr_714
714,119,1928.9154230366214,purchase,dev_714,addr_714
714,138,1253.6881029584742,purchase,dev_714,addr_714
714,153,1137.7338304628784,purchase,dev_714,addr_714
715,64,2239.6156560083473,purchase,dev_715,addr_715
715,70,805.0356951200017,purchase,dev_715,addr_715
715,74,1826.9418350844285,purchase,dev_715,addr_715
716,58,538.9199223315935,purchase,dev_716,addr_716
716,70,895.041192953303,purchase,dev_716,addr_716
716,94,1063.6324954347797,purchase,dev_716,addr_716
717,59,1208.972710637498,purchase,dev_717,addr_717
717,66,1916.712013101148,purchase,dev_717,addr_717
717,77,890.5955414913341,purchase,dev_717,addr_717
717,99,1191.9738336801197,purchase,dev_717,addr_717
717,109,2127.05064119898,purchase,dev_717,addr_717
717,126,2248.121912191028,purchase,dev_717,addr_717
718,52,1898.5467793034136,purchase,dev_718,addr_718
718,57,1176.858907279783,purchase,dev_718,addr_718
718,63,1176.858907279783,return,dev_718,addr_718
718,68,2385.5713868360795,purchase,dev_718,addr_718
718,83,1062.6864973225975,purchase,dev_718,addr_718
718,95,3073.60654607377,purchase,dev_718,addr_718
719,68,3178.7162344355743,purchase,dev_719,addr_719
719,86,2351.0889272076865,purchase,dev_719,addr_719
719,108,1655.325396962501,purchase,dev_719,addr_719
719,119,750.9905725514659,purchase,dev_719,addr_719
719,134,1043.6561672619393,purchase,dev_719,addr_719
720,4,1165.6826341090357,purchase,dev_720,addr_720
720,13,1924.192728621871,purchase,dev_720,addr_720
720,27,2526.0611163996073,purchase,dev_720,addr_720
720,40,1019.3330036865857,purchase,dev_720,addr_720
720,56,890.8573228587404,purchase,dev_720,addr_720
721,25,1445.3533082625195,purchase,dev_721,addr_721
721,37,1612.0596643275971,purchase,dev_721,addr_721
721,44,1872.5479966187804,purchase,dev_721,addr_721
721,56,651.289016434405,purchase,dev_721,addr_721
722,19,2737.2151667914463,purchase,dev_722,addr_722
722,23,1094.9698885353037,purchase,dev_722,addr_722
722,29,1513.6985722616093,purchase,dev_722,addr_722
722,53,1733.6722382248936,purchase,dev_722,addr_722
722,67,812.3228827728526,purchase,dev_722,addr_722
723,20,690.1748167218819,purchase,dev_723,addr_723
723,31,1988.3120788773153,purchase,dev_723,addr_723
723,46,843.5615602554032,purchase,dev_723,addr_723
723,62,1470.3768800908795,purchase,dev_723,addr_723
724,72,417.5858500046644,purchase,dev_724,addr_724
724,76,1229.4505940327483,purchase,dev_724,addr_724
724,100,1873.3745349504222,purchase,dev_724,addr_724
725,80,1739.4554882260634,purchase,dev_725,addr_725
725,96,1417.3386201730034,purchase,dev_725,addr_725
725,103,1014.1366377547771,purchase,dev_725,addr_725
725,121,2586.7928372380443,purchase,dev_725,addr_725
725,143,804.2322105853079,purchase,dev_725,addr_725
726,23,955.2504893468767,purchase,dev_726,addr_726
726,45,1556.081641336315,purchase,dev_726,addr_726
726,53,1809.599241670923,purchase,dev_726,addr_726
726,65,760.4712337462578,purchase,dev_726,addr_726
727,22,1180.3434864048747,purchase,dev_727,addr_727
727,33,1140.3047076742428,purchase,dev_727,addr_727
727,38,718.6268551554514,purchase,dev_727,addr_727
727,39,1140.3047076742428,return,dev_727,addr_727
727,42,2903.028999672396,purchase,dev_727,addr_727
727,58,1257.4315843825643,purchase,dev_727,addr_727
727,78,2136.997829980188,purchase,dev_727,addr_727
728,59,2268.7954254065057,purchase,dev_728,addr_728
728,81,1192.68334851689,purchase,dev_728,addr_728
728,89,1350.5279630328596,purchase,dev_728,addr_728
729,52,1452.8689843743007,purchase,dev_729,addr_729
729,57,1570.9275500013914,purchase,dev_729,addr_729
729,61,1452.8689843743007,return,dev_729,addr_729
729,75,579.2843131549633,purchase,dev_729,addr_729
729,86,2029.7556291370013,purchase,dev_729,addr_729
729,102,2029.3551057816778,purchase,dev_729,addr_729
729,105,1749.777607500581,purchase,dev_729,addr_729
730,36,902.4550097693038,purchase,dev_730,addr_730
730,41,2326.2479876419698,purchase,dev_730,addr_730
730,59,1059.144456299855,purchase,dev_730,addr_730
730,75,1182.19572801511,purchase,dev_730,addr_730
730,98,1408.6566460070753,purchase,dev_730,addr_730
730,114,1291.193938083213,purchase,dev_730,addr_730
730,132,3616.031165471736,purchase,dev_730,addr_730
731,32,2860.159269868425,purchase,dev_731,addr_731
731,56,1746.8037686515806,purchase,dev_731,addr_731
731,79,1949.1678066726793,purchase,dev_731,addr_731
731,84,829.1487316102956,purchase,dev_731,addr_731
731,107,2202.2040634784944,purchase,dev_731,addr_731
731,130,460.3528337145397,purchase,dev_731,addr_731
731,137,1761.5107295444436,purchase,dev_731,addr_731
731,151,1031.0446503242695,purchase,dev_731,addr_731
731,165,1590.169512039547,purchase,dev_731,addr_731
732,37,2386.470399592307,purchase,dev_732,addr_732
732,59,892.7810224752361,purchase,dev_732,addr_732
732,74,1472.522144420371,purchase,dev_732,addr_732
732,85,761.3856392893806,purchase,dev_732,addr_732
732,103,281.5366228539702,purchase,dev_732,addr_732
733,48,1196.6133742613247,purchase,dev_733,addr_733
733,54,1866.1041507945754,purchase,dev_733,addr_733
733,63,1866.1041507945754,return,dev_733,addr_733
733,72,775.1788265370948,purchase,dev_733,addr_733
733,94,633.0274758547346,purchase,dev_733,addr_733
733,109,525.5471280444507,purchase,dev_733,addr_733
733,126,717.3682693886391,purchase,dev_733,addr_733
734,63,1419.0928184704205,purchase,dev_734,addr_734
734,78,1766.9640198952015,purchase,dev_734,addr_734
734,90,1595.1540787364922,purchase,dev_734,addr_734
734,107,1594.5707595717913,purchase,dev_734,addr_734
734,125,1889.7607768443177,purchase,dev_734,addr_734
735,24,1720.3292307032934,purchase,dev_735,addr_735
735,37,2233.1367659882553,purchase,dev_735,addr_735
735,61,1096.476005609286,purchase,dev_735,addr_735
735,76,1401.0387403900722,purchase,dev_735,addr_735
735,96,567.7965926031341,purchase,dev_735,addr_735
735,113,3398.7414714514994,purchase,dev_735,addr_735
735,118,1106.8023174890745,purchase,dev_735,addr_735
736,74,1010.6878943593633,purchase,dev_736,addr_736
736,79,1176.8953946036904,purchase,dev_736,addr_736
736,87,916.9946580704492,purchase,dev_736,addr_736
736,109,1014.0184637929603,purchase,dev_736,addr_736
737,41,2272.2526380547865,purchase,dev_737,addr_737
737,65,1509.9580104874867,purchase,dev_737,addr_737
737,82,1906.6906244135635,purchase,dev_737,addr_737
737,101,998.1377812548641,purchase,dev_737,addr_737
738,15,1191.93561202907,purchase,dev_738,addr_738
738,28,1988.24088482648,purchase,dev_738,addr_738
738,31,940.2833673377381,purchase,dev_738,addr_738
738,54,2815.7340694047834,purchase,dev_738,addr_738
738,66,934.6009694221544,purchase,dev_738,addr_738
738,88,1561.6555879433129,purchase,dev_738,addr_738
738,110,2543.7150929351096,purchase,dev_738,addr_738
739,13,1897.4935000648795,purchase,dev_739,addr_739
739,18,1513.733421086829,purchase,dev_739,addr_739
739,31,1596.8721593555722,purchase,dev_739,addr_739
740,60,768.7977929283682,purchase,dev_740,addr_740
740,66,1871.1434147782102,purchase,dev_740,addr_740
740,76,1030.20833323794,purchase,dev_740,addr_740
741,26,1058.2298205117975,purchase,dev_741,addr_741
741,31,846.3079232002852,purchase,dev_741,addr_741
741,35,846.3079232002852,return,dev_741,addr_741
741,49,1023.5262339929958,purchase,dev_741,addr_741
741,55,954.5014309294522,purchase,dev_741,addr_741
741,69,1272.0349052648828,purchase,dev_741,addr_741
741,87,4060.537761337805,purchase,dev_741,addr_741
741,108,993.17801113349,purchase,dev_741,addr_741
742,31,897.6836464710426,purchase,dev_742,addr_742
742,38,1909.0609975376299,purchase,dev_742,addr_742
742,59,1389.1422368559267,purchase,dev_742,addr_742
743,45,1779.245322138031,purchase,dev_743,addr_743
743,63,731.7564303670193,purchase,dev_743,addr_743
743,83,859.3129931274348,purchase,dev_743,addr_743
744,38,3254.16061903727,purchase,dev_744,addr_744
744,54,1588.1229485619724,purchase,dev_744,addr_744
744,64,1454.4144154469252,purchase,dev_744,addr_744
745,39,559.135215074806,purchase,dev_745,addr_745
745,46,559.135215074806,return,dev_745,addr_745
745,47,1712.7817738930532,purchase,dev_745,addr_745
745,53,506.5913627871249,purchase,dev_745,addr_745
746,68,2204.896361332703,purchase,dev_746,addr_746
746,92,508.41977878849815,purchase,dev_746,addr_746
747,47,2973.684185043639,purchase,dev_747,addr_747
747,53,1373.1636983042536,purchase,dev_747,addr_747
747,74,359.5787910842188,purchase,dev_747,addr_747
747,93,677.2407103633293,purchase,dev_747,addr_747
748,13,3538.0144297386687,purchase,dev_748,addr_748
748,22,2241.908417539504,purchase,dev_748,addr_748
748,46,3070.5373062299245,purchase,dev_748,addr_748
748,69,1375.3548327996268,purchase,dev_748,addr_748
749,41,1223.6358866995208,purchase,dev_749,addr_749
749,55,811.6998495082827,purchase,dev_749,addr_749
749,76,1337.659112587557,purchase,dev_749,addr_749
750,47,1753.7491054226127,purchase,dev_750,addr_750
750,60,3045.464866241717,purchase,dev_750,addr_750
750,64,1875.41797971975,purchase,dev_750,addr_750
750,72,976.4683650503412,purchase,dev_750,addr_750
751,47,878.993956763459,purchase,dev_751,addr_751
751,67,2185.8472732471923,purchase,dev_751,addr_751
751,77,1003.5115289257084,purchase,dev_751,addr_751
751,97,1359.7627495146276,purchase,dev_751,addr_751
752,16,1357.3422050511565,purchase,dev_752,addr_752
752,32,3507.31665690431,purchase,dev_752,addr_752
753,45,1791.626510819056,purchase,dev_753,addr_753
753,69,924.1269381747616,purchase,dev_753,addr_753
753,82,1351.0981821648957,purchase,dev_753,addr_753
753,91,1341.0824703724486,purchase,dev_753,addr_753
753,108,1565.697686066656,purchase,dev_753,addr_753
754,30,2333.0119195574503,purchase,dev_754,addr_754
754,34,1011.1458421982701,purchase,dev_754,addr_754
754,49,2349.7453568437127,purchase,dev_754,addr_754
754,55,1429.8248007493664,purchase,dev_754,addr_754
755,42,6093.14223779511,purchase,dev_755,addr_755
755,56,869.6522250507877,purchase,dev_755,addr_755
755,69,828.5092018315922,purchase,dev_755,addr_755
756,17,286.7461783694621,purchase,dev_756,addr_756
756,20,1467.816466423452,purchase,dev_756,addr_756
756,33,1690.3677937139203,purchase,dev_756,addr_756
756,49,1083.702032360519,purchase,dev_756,addr_756
756,70,2740.2579194475607,purchase,dev_756,addr_756
757,45,1111.4579084283075,purchase,dev_757,addr_757
757,57,609.8304404480941,purchase,dev_757,addr_757
757,78,1497.5997938764713,purchase,dev_757,addr_757
758,47,980.8950439674907,purchase,dev_758,addr_758
758,69,1795.0522064746872,purchase,dev_758,addr_758
758,76,1260.6872204431108,purchase,dev_758,addr_758
759,56,872.3723025933048,purchase,dev_759,addr_759
759,80,1523.1526829844627,purchase,dev_759,addr_759
759,85,1041.068059893348,purchase,dev_759,addr_759
760,45,1375.5414524997827,purchase,dev_760,addr_760
760,55,876.3236996815469,purchase,dev_760,addr_760
760,67,915.0282218406992,purchase,dev_760,addr_760
761,28,1642.6483098749618,purchase,dev_761,addr_761
761,52,1238.379170169431,purchase,dev_761,addr_761
761,75,1027.1807538684457,purchase,dev_761,addr_761
761,91,672.2266991841719,purchase,dev_761,addr_761
761,95,1062.2118750383531,purchase,dev_761,addr_761
761,102,2291.728820374985,purchase,dev_761,addr_761
761,107,600.6149212554051,purchase,dev_761,addr_761
762,79,847.603244974323,purchase,dev_762,addr_762
762,84,622.4496687002339,purchase,dev_762,addr_762
762,92,1523.3055515288736,purchase,dev_762,addr_762
762,96,1148.4489827866405,purchase,dev_762,addr_762
762,102,1577.2307113799827,purchase,dev_762,addr_762
763,54,1143.4033385558614,purchase,dev_763,addr_763
763,63,1579.7028616504133,purchase,dev_763,addr_763
763,68,1579.7028616504133,return,dev_763,addr_763
763,83,1278.0052552979494,purchase,dev_763,addr_763
763,96,910.4335872542872,purchase,dev_763,addr_763
763,110,295.04785073248723,purchase,dev_763,addr_763
764,56,2444.58123083718,purchase,dev_764,addr_764
765,25,994.5732848924679,purchase,dev_765,addr_765
766,69,752.2796499385125,purchase,dev_766,addr_766
766,78,655.8431620431168,purchase,dev_766,addr_766
766,81,2180.5764973299047,purchase,dev_766,addr_766
766,83,655.8431620431168,return,dev_766,addr_766
766,83,2180.5764973299047,return,dev_766,addr_766
766,100,3993.857849333427,purchase,dev_766,addr_766
766,106,794.056207906028,purchase,dev_766,addr_766
767,44,1139.1122172872658,purchase,dev_767,addr_767
767,68,501.0421541451452,purchase,dev_767,addr_767
767,90,1565.8540037858927,purchase,dev_767,addr_767
767,98,1565.8540037858927,return,dev_767,addr_767
768,25,430.3309455800937,purchase,dev_768,addr_768
768,28,1116.4595204102875,purchase,dev_768,addr_768
768,46,814.0762518142503,purchase,dev_768,addr_768
769,53,1742.3135287896923,purchase,dev_769,addr_769
769,74,455.5714461754063,purchase,dev_769,addr_769
769,80,1382.481189866326,purchase,dev_769,addr_769
769,85,1102.8320501235357,purchase,dev_769,addr_769
770,32,549.7317873326998,purchase,dev_770,addr_770
770,38,549.7317873326998,return,dev_770,addr_770
770,54,2469.6517065269477,purchase,dev_770,addr_770
770,62,1499.4875142452738,purchase,dev_770,addr_770
771,50,571.1017745591834,purchase,dev_771,addr_771
771,54,427.65971788401635,purchase,dev_771,addr_771
772,27,1260.7677990310578,purchase,dev_772,addr_772
772,44,1992.019535193855,purchase,dev_772,addr_772
772,54,2611.529512659604,purchase,dev_772,addr_772
772,62,1255.7508251070585,purchase,dev_772,addr_772
773,56,2737.4475079803433,purchase,dev_773,addr_773
773,68,3466.318897710472,purchase,dev_773,addr_773
773,77,981.9979556882657,purchase,dev_773,addr_773
774,68,673.1932426899529,purchase,dev_774,addr_774
774,80,1996.8368459908525,purchase,dev_774,addr_774
775,34,771.5385341099832,purchase,dev_775,addr_775
775,37,1720.8878206886106,purchase,dev_775,addr_775
775,54,1462.8529443340258,purchase,dev_775,addr_775
775,76,378.43154985732673,purchase,dev_775,addr_775
775,87,1140.0690136823187,purchase,dev_775,addr_775
776,64,1481.9087747973429,purchase,dev_776,addr_776
776,80,1037.6244591434147,purchase,dev_776,addr_776
776,92,963.7725325547203,purchase,dev_776,addr_776
777,50,589.0480268122509,purchase,dev_777,addr_777
777,70,1206.7674092353234,purchase,dev_777,addr_777
777,75,862.8440719377785,purchase,dev_777,addr_777
777,82,862.8440719377785,return,dev_777,addr_777
778,26,1205.0558608003591,purchase,dev_778,addr_778
778,36,3469.389095642525,purchase,dev_778,addr_778
778,50,751.9423571212228,purchase,dev_778,addr_778
778,60,1908.5065020352629,purchase,dev_778,addr_778
778,72,500.08765752099265,purchase,dev_778,addr_778
779,15,1288.211046285064,purchase,dev_779,addr_779
779,28,738.6446345497852,purchase,dev_779,addr_779
779,37,694.3926994883873,purchase,dev_779,addr_779
779,61,1118.688804018779,purchase,dev_779,addr_779
779,67,2116.1546089259723,purchase,dev_779,addr_779
780,54,673.6785124877381,purchase,dev_780,addr_780
780,68,2404.3514893829833,purchase,dev_780,addr_780
780,90,1080.1526352770802,purchase,dev_780,addr_780
780,100,669.7780316767559,purchase,dev_780,addr_780
781,13,1467.5718961562025,purchase,dev_781,addr_781
781,28,1264.8879329772687,purchase,dev_781,addr_781
781,45,1687.6424118193445,purchase,dev_781,addr_781
781,51,1687.6424118193445,return,dev_781,addr_781
781,52,787.8321427133104,purchase,dev_781,addr_781
781,60,577.793246011709,purchase,dev_781,addr_781
782,39,1766.8067464552669,purchase,dev_782,addr_782
782,55,2877.4988100313276,purchase,dev_782,addr_782
782,71,1709.3907900240902,purchase,dev_782,addr_782
782,79,1898.4566126936868,purchase,dev_782,addr_782
782,90,533.8966354799844,purchase,dev_782,addr_782
782,111,1090.0149204908278,purchase,dev_782,addr_782
782,135,2501.4222944403286,purchase,dev_782,addr_782
783,40,1695.8765117717119,purchase,dev_783,addr_783
783,53,819.5207798610455,purchase,dev_783,addr_783
784,47,900.4290101558081,purchase,dev_784,addr_784
784,55,1186.2378935066292,purchase,dev_784,addr_784
784,64,2715.5152913569523,purchase,dev_784,addr_784
784,77,726.4778867363476,purchase,dev_784,addr_784
784,95,1350.7213767581582,purchase,dev_784,addr_784
784,110,766.6118743071435,purchase,dev_784,addr_784
784,115,481.5266196500998,purchase,dev_784,addr_784
785,19,1189.5626106515826,purchase,dev_785,addr_785
785,35,1424.098531147333,purchase,dev_785,addr_785
785,44,2112.363880781282,purchase,dev_785,addr_785
785,68,901.5645082630167,purchase,dev_785,addr_785
785,83,673.4449743314835,purchase,dev_785,addr_785
786,25,1460.082251144904,purchase,dev_786,addr_786
786,39,2235.990568881198,purchase,dev_786,addr_786
786,43,1263.3686688847436,purchase,dev_786,addr_786
786,62,1391.090060789406,purchase,dev_786,addr_786
787,44,3364.8036114041356,purchase,dev_787,addr_787
787,47,994.5186554877818,purchase,dev_787,addr_787
787,49,994.5186554877818,return,dev_787,addr_787
787,61,2577.8555521939275,purchase,dev_787,addr_787
788,42,1379.1735356398246,purchase,dev_788,addr_788
789,24,900.4528551821788,purchase,dev_789,addr_789
789,34,2511.5100143175655,purchase,dev_789,addr_789
789,47,1050.2167061866023,purchase,dev_789,addr_789
789,69,1012.2483019457648,purchase,dev_789,addr_789
789,81,1790.1274255948917,purchase,dev_789,addr_789
790,58,2218.8460151926956,purchase,dev_790,addr_790
790,61,1769.5102217170565,purchase,dev_790,addr_790
790,74,1754.4866697369177,purchase,dev_790,addr_790
790,83,1754.4866697369177,return,dev_790,addr_790
790,86,1931.3593582154328,purchase,dev_790,addr_790
790,94,1145.247565856456,purchase,dev_790,addr_790
791,70,1092.3630152648673,purchase,dev_791,addr_791
791,78,987.2639986420063,purchase,dev_791,addr_791
791,82,1187.5293239103485,purchase,dev_791,addr_791
792,42,1957.4504521602514,purchase,dev_792,addr_792
792,65,1677.4108539528095,purchase,dev_792,addr_792
792,79,1162.200349474601,purchase,dev_792,addr_792
792,92,1777.9792798763706,purchase,dev_792,addr_792
793,56,3217.4816015447,purchase,dev_793,addr_793
793,67,562.0995355793162,purchase,dev_793,addr_793
793,82,2682.9509283167927,purchase,dev_793,addr_793
793,85,2253.4527675832046,purchase,dev_793,addr_793
794,72,731.214914650654,purchase,dev_794,addr_794
794,79,2181.7036103953806,purchase,dev_794,addr_794
794,85,2181.7036103953806,return,dev_794,addr_794
794,93,1329.1541367375758,purchase,dev_794,addr_794
794,99,982.192086709835,purchase,dev_794,addr_794
795,21,820.2576934230163,purchase,dev_795,addr_795
795,45,1411.997951116423,purchase,dev_795,addr_795
795,50,1079.606887755831,purchase,dev_795,addr_795
795,56,614.4858265600818,purchase,dev_795,addr_795
795,78,692.5942101442338,purchase,dev_795,addr_795
795,89,2282.9341304698614,purchase,dev_795,addr_795
796,26,651.5690214505282,purchase,dev_796,addr_796
796,32,2040.720219044748,purchase,dev_796,addr_796
796,53,533.6787956660587,purchase,dev_796,addr_796
796,68,1656.0252039550596,purchase,dev_796,addr_796
796,88,886.7775708880094,purchase,dev_796,addr_796
797,77,1121.8063662522088,purchase,dev_797,addr_797
797,91,1090.3854708488725,purchase,dev_797,addr_797
797,109,916.7747448713884,purchase,dev_797,addr_797
797,122,1481.7493098948796,purchase,dev_797,addr_797
798,50,1086.2772345428289,purchase,dev_798,addr_798
798,58,1150.9392456562778,purchase,dev_798,addr_798
798,73,1191.2152701560665,purchase,dev_798,addr_798
798,87,3312.1600263056566,purchase,dev_798,addr_798
798,99,1179.0234370411524,purchase,dev_798,addr_798
798,123,1306.677446733871,purchase,dev_798,addr_798
798,130,876.8412339207757,purchase,dev_798,addr_798
799,58,519.7738683263866,purchase,dev_799,addr_799
799,66,1010.7532730558945,purchase,dev_799,addr_799
799,73,1782.8236967077794,purchase,dev_799,addr_799
800,43,899.148121068927,purchase,dev_800,addr_800
800,51,1336.9695112217269,purchase,dev_800,addr_800
800,68,994.1326430714871,purchase,dev_800,addr_800
801,46,608.1936601389791,purchase,dev_801,addr_801
801,55,961.6540008797646,purchase,dev_801,addr_801
802,71,1719.0041999787359,purchase,dev_802,addr_802
802,94,3485.4147546015615,purchase,dev_802,addr_802
802,105,1539.6702270774208,purchase,dev_802,addr_802
802,127,973.5534868742479,purchase,dev_802,addr_802
803,8,2854.3783589888844,purchase,dev_803,addr_803
803,21,1189.4637791162081,purchase,dev_803,addr_803
803,35,2576.2034077765247,purchase,dev_803,addr_803
803,46,1944.6156005670207,purchase,dev_803,addr_803
804,63,1439.4173313181884,purchase,dev_804,addr_804
804,77,1550.0766033730288,purchase,dev_804,addr_804
804,93,594.2888164619418,purchase,dev_804,addr_804
805,42,2099.2621214759106,purchase,dev_805,addr_805
805,51,736.4049660535501,purchase,dev_805,addr_805
805,65,2318.4340113366147,purchase,dev_805,addr_805
805,80,1019.6563163171677,purchase,dev_805,addr_805
806,71,2270.0550602524604,purchase,dev_806,addr_806
806,77,1004.6474331667463,purchase,dev_806,addr_806
806,84,1745.1442495585713,purchase,dev_806,addr_806
806,94,1376.6453734113213,purchase,dev_806,addr_806
806,97,588.0916752779945,purchase,dev_806,addr_806
806,116,1499.4047317939437,purchase,dev_806,addr_806
807,39,999.5397160712653,purchase,dev_807,addr_807
807,60,1052.1952883462839,purchase,dev_807,addr_807
807,63,1975.0541937948656,purchase,dev_807,addr_807
807,70,1149.6083045242715,purchase,dev_807,addr_807
808,12,1867.972453280981,purchase,dev_808,addr_808
808,16,4799.919985526572,purchase,dev_808,addr_808
808,24,5511.596362259785,purchase,dev_808,addr_808
808,35,1294.8947935894585,purchase,dev_808,addr_808
808,41,750.2820533087721,purchase,dev_808,addr_808
808,63,1057.034198176891,purchase,dev_808,addr_808
808,74,2621.661643670035,purchase,dev_808,addr_808
809,39,2040.0063326368277,purchase,dev_809,addr_809
809,42,446.608434274462,purchase,dev_809,addr_809
809,66,1136.246598193768,purchase,dev_809,addr_809
810,53,1448.2804219583197,purchase,dev_810,addr_810
810,64,889.0855121829054,purchase,dev_810,addr_810
810,88,1080.6252942727895,purchase,dev_810,addr_810
811,21,853.7722823880198,purchase,dev_811,addr_811
811,41,950.488983285805,purchase,dev_811,addr_811
811,44,1420.287600760245,purchase,dev_811,addr_811
811,65,1484.114169590213,purchase,dev_811,addr_811
812,9,1813.3031404725475,purchase,dev_812,addr_812
812,31,1157.1144607293209,purchase,dev_812,addr_812
812,34,1157.1144607293209,return,dev_812,addr_812
813,48,2073.4499202022967,purchase,dev_813,addr_813
813,62,658.0698813609991,purchase,dev_813,addr_813
813,64,658.0698813609991,return,dev_813,addr_813
813,65,1213.053836568099,purchase,dev_813,addr_813
813,81,2382.238457868353,purchase,dev_813,addr_813
814,19,1066.9094419900764,purchase,dev_814,addr_814
814,42,876.5985177827612,purchase,dev_814,addr_814
814,52,1042.1563427126162,purchase,dev_814,addr_814
814,60,896.0410614499208,purchase,dev_814,addr_814
814,69,1409.2678940640285,purchase,dev_814,addr_814
814,93,1276.070502581748,purchase,dev_814,addr_814
815,36,1178.329687343302,purchase,dev_815,addr_815
815,53,1291.400290449307,purchase,dev_815,addr_815
816,22,1090.580348726133,purchase,dev_816,addr_816
816,37,1346.6943778830098,purchase,dev_816,addr_816
817,64,1167.3103700154684,purchase,dev_817,addr_817
817,74,1084.423128082183,purchase,dev_817,addr_817
817,97,950.3938864594157,purchase,dev_817,addr_817
817,119,1023.3933723394879,purchase,dev_817,addr_817
817,128,1062.6595629533315,purchase,dev_817,addr_817
818,73,1275.9256606110896,purchase,dev_818,addr_818
818,80,1331.7748285431996,purchase,dev_818,addr_818
818,86,968.6092821308359,purchase,dev_818,addr_818
818,100,890.5774695156011,purchase,dev_818,addr_818
819,70,1447.962297285049,purchase,dev_819,addr_819
819,79,2572.67913118371,purchase,dev_819,addr_819
819,100,901.7379587228614,purchase,dev_819,addr_819
819,117,1838.9986060393433,purchase,dev_819,addr_819
819,129,1450.4005932176644,purchase,dev_819,addr_819
819,132,1450.4005932176644,return,dev_819,addr_819
819,133,1656.467493512127,purchase,dev_819,addr_819
820,53,549.8381170765122,purchase,dev_820,addr_820
820,64,711.517478183968,purchase,dev_820,addr_820
820,82,1096.882608924607,purchase,dev_820,addr_820
820,84,1096.882608924607,return,dev_820,addr_820
820,88,701.7413476531266,purchase,dev_820,addr_820
821,64,1087.0463358009542,purchase,dev_821,addr_821
821,76,1255.8223073329877,purchase,dev_821,addr_821
821,82,1255.8223073329877,return,dev_821,addr_821
821,97,666.0113426945524,purchase,dev_821,addr_821
822,68,976.6249152480422,purchase,dev_822,addr_822
822,86,1358.6344528991403,purchase,dev_822,addr_822
822,98,355.10690242209046,purchase,dev_822,addr_822
822,117,1257.8324869172222,purchase,dev_822,addr_822
822,133,1304.009654308194,purchase,dev_822,addr_822
822,145,1506.1471045066314,purchase,dev_822,addr_822
823,69,728.2107162782254,purchase,dev_823,addr_823
823,89,1951.5137889765922,purchase,dev_823,addr_823
823,100,1877.4304311990727,purchase,dev_823,addr_823
823,114,1209.6115095698237,purchase,dev_823,addr_823
823,127,484.5577942119846,purchase,dev_823,addr_823
823,151,1783.0132975343395,purchase,dev_823,addr_823
824,19,1715.8348271725968,purchase,dev_824,addr_824
824,36,1444.0947895114498,purchase,dev_824,addr_824
824,58,4942.062900476613,purchase,dev_824,addr_824
825,46,2134.653809990534,purchase,dev_825,addr_825
825,68,1064.174371994944,purchase,dev_825,addr_825
825,85,754.2810265409108,purchase,dev_825,addr_825
826,72,1006.4277583150787,purchase,dev_826,addr_826
826,84,950.9767513154585,purchase,dev_826,addr_826
826,91,1682.0611135013085,purchase,dev_826,addr_826
826,95,4180.849969032239,purchase,dev_826,addr_826
827,35,1087.3111567547523,purchase,dev_827,addr_827
827,53,1192.0691229676233,purchase,dev_827,addr_827
827,59,1103.1840103024217,purchase,dev_827,addr_827
827,74,1487.3999486733344,purchase,dev_827,addr_827
828,66,2162.7486222036355,purchase,dev_828,addr_828
828,77,1329.00250384514,purchase,dev_828,addr_828
828,93,1457.1669689267446,purchase,dev_828,addr_828
828,103,1767.8901780805952,purchase,dev_828,addr_828
828,110,2672.7602845861757,purchase,dev_828,addr_828
829,26,1051.9771920685691,purchase,dev_829,addr_829
829,46,910.4069042625954,purchase,dev_829,addr_829
829,60,1922.3455274199712,purchase,dev_829,addr_829
830,53,1201.1632495271356,purchase,dev_830,addr_830
830,70,1486.737293688169,purchase,dev_830,addr_830
830,75,902.1155776642912,purchase,dev_830,addr_830
830,77,902.1155776642912,return,dev_830,addr_830
830,97,1204.768329837349,purchase,dev_830,addr_830
830,114,1799.3590048172625,purchase,dev_830,addr_830
830,118,1971.6679155547579,purchase,dev_830,addr_830
830,139,2259.059392588515,purchase,dev_830,addr_830
830,162,1464.3471542509253,purchase,dev_830,addr_830
830,167,1013.9160137947653,purchase,dev_830,addr_830
831,36,1185.3829572300328,purchase,dev_831,addr_831
831,49,1969.167283672663,purchase,dev_831,addr_831
831,65,1432.2381662842022,purchase,dev_831,addr_831
832,48,904.3385200323868,purchase,dev_832,addr_832
832,53,583.2907184676781,purchase,dev_832,addr_832
832,73,832.6455382524606,purchase,dev_832,addr_832
832,89,1019.8127037737845,purchase,dev_832,addr_832
832,109,2597.0763123359116,purchase,dev_832,addr_832
833,28,1161.6109648712593,purchase,dev_833,addr_833
833,39,1555.7807084397061,purchase,dev_833,addr_833
834,60,4108.291158736604,purchase,dev_834,addr_834
834,80,1763.7660355210658,purchase,dev_834,addr_834
834,102,630.4177658304909,purchase,dev_834,addr_834
834,111,630.4177658304909,return,dev_834,addr_834
834,126,3292.817592761687,purchase,dev_834,addr_834
834,134,1163.9309095186543,purchase,dev_834,addr_834
835,16,537.5775975321053,purchase,dev_835,addr_835
835,22,1420.8625799325132,purchase,dev_835,addr_835
835,30,1053.8490552161957,purchase,dev_835,addr_835
836,71,2284.132561168741,purchase,dev_836,addr_836
836,77,1259.4454669220331,purchase,dev_836,addr_836
836,95,1249.2499687765621,purchase,dev_836,addr_836
837,34,2312.3745248497503,purchase,dev_837,addr_837
837,43,1047.0217888046946,purchase,dev_837,addr_837
837,60,1440.5111232832055,purchase,dev_837,addr_837
838,49,873.0944821016417,purchase,dev_838,addr_838
838,63,1082.9335978984573,purchase,dev_838,addr_838
838,86,979.7790662183203,purchase,dev_838,addr_838
839,21,1596.8895733387444,purchase,dev_839,addr_839
839,33,1018.017975605442,purchase,dev_839,addr_839
840,56,1355.8994594915819,purchase,dev_840,addr_840
840,70,1233.2366803804505,purchase,dev_840,addr_840
841,67,2224.0533227154006,purchase,dev_841,addr_841
841,81,2617.639685642089,purchase,dev_841,addr_841
842,36,2583.610873945479,purchase,dev_842,addr_842
842,46,1199.1726919919106,purchase,dev_842,addr_842
842,69,3181.96248373697,purchase,dev_842,addr_842
842,85,1617.378197551907,purchase,dev_842,addr_842
843,33,1988.9909986583234,purchase,dev_843,addr_843
843,42,1422.5805772413953,purchase,dev_843,addr_843
843,61,936.2832689074578,purchase,dev_843,addr_843
844,38,1100.1002687466253,purchase,dev_844,addr_844
844,47,1618.7423550359363,purchase,dev_844,addr_844
844,66,958.0399258576533,purchase,dev_844,addr_844
844,89,1313.7933395055693,purchase,dev_844,addr_844
844,108,829.3847303494239,purchase,dev_844,addr_844
844,122,2732.6826492887235,purchase,dev_844,addr_844
844,140,1852.3575634848041,purchase,dev_844,addr_844
844,164,1609.375445674855,purchase,dev_844,addr_844
844,184,1518.99790978818,purchase,dev_844,addr_844
845,54,1101.288985957352,purchase,dev_845,addr_845
845,72,666.8835679243161,purchase,dev_845,addr_845
845,82,658.3936941121503,purchase,dev_845,addr_845
845,97,1450.0613216032377,purchase,dev_845,addr_845
845,114,1073.6144361443369,purchase,dev_845,addr_845
845,131,1169.0018573230427,purchase,dev_845,addr_845
845,146,1561.6940702816885,purchase,dev_845,addr_845
846,64,1719.4182118164542,purchase,dev_846,addr_846
846,71,1507.1927057544272,purchase,dev_846,addr_846
847,13,776.0642178474036,purchase,dev_847,addr_847
847,32,663.4421952090332,purchase,dev_847,addr_847
847,49,977.8074153864352,purchase,dev_847,addr_847
847,64,2107.715028433217,purchase,dev_847,addr_847
848,53,1028.6996792514842,purchase,dev_848,addr_848
848,57,2421.8079397315573,purchase,dev_848,addr_848
848,63,3285.118267721861,purchase,dev_848,addr_848
848,80,1914.6956218818889,purchase,dev_848,addr_848
848,89,1914.6956218818889,return,dev_848,addr_848
848,104,552.8583082651536,purchase,dev_848,addr_848
849,27,2489.560535655368,purchase,dev_849,addr_849
849,44,595.2105341665408,purchase,dev_849,addr_849
849,62,1275.4913858123964,purchase,dev_849,addr_849
850,37,566.0081284237872,purchase,dev_850,addr_850
850,58,2763.6593784281017,purchase,dev_850,addr_850
850,65,461.7048439100967,purchase,dev_850,addr_850
850,82,1403.441804872671,purchase,dev_850,addr_850
850,102,1458.3498103405043,purchase,dev_850,addr_850
850,110,1581.1802856697916,purchase,dev_850,addr_850
850,131,868.0097078713984,purchase,dev_850,addr_850
850,135,868.0097078713984,return,dev_850,addr_850
851,72,3310.4739310854106,purchase,dev_851,addr_851
851,83,1511.7626103704686,purchase,dev_851,addr_851
852,43,1707.3249856571365,purchase,dev_852,addr_852
852,64,1887.0328678028977,purchase,dev_852,addr_852
853,34,865.7717197703638,purchase,dev_853,addr_853
853,54,3613.19509822726,purchase,dev_853,addr_853
853,58,821.819745611675,purchase,dev_853,addr_853
853,66,1312.027857097495,purchase,dev_853,addr_853
854,76,1278.580481186753,purchase,dev_854,addr_854
854,85,684.2339963575006,purchase,dev_854,addr_854
854,105,1060.9812873511094,purchase,dev_854,addr_854
854,117,1353.6412591562128,purchase,dev_854,addr_854
855,47,1245.4244865237606,purchase,dev_855,addr_855
855,55,1668.8177119947131,purchase,dev_855,addr_855
855,58,1978.3712181651745,purchase,dev_855,addr_855
855,62,1978.3712181651745,return,dev_855,addr_855
856,42,3891.9491004073393,purchase,dev_856,addr_856
856,56,1715.8039062871799,purchase,dev_856,addr_856
856,73,1451.810498064292,purchase,dev_856,addr_856
856,93,1120.0152776351144,purchase,dev_856,addr_856
857,61,1790.3451884857634,purchase,dev_857,addr_857
857,69,1050.3388888027416,purchase,dev_857,addr_857
857,92,1171.9924814259834,purchase,dev_857,addr_857
857,96,1744.3899272892722,purchase,dev_857,addr_857
858,34,1916.968320518165,purchase,dev_858,addr_858
858,42,2987.19787098028,purchase,dev_858,addr_858
858,61,1169.0047241646935,purchase,dev_858,addr_858
858,70,1026.2913041211596,purchase,dev_858,addr_858
858,86,1683.7222922963338,purchase,dev_858,addr_858
859,51,1659.6463831395968,purchase,dev_859,addr_859
859,55,1659.6463831395968,return,dev_859,addr_859
859,60,1722.5929070359634,purchase,dev_859,addr_859
859,66,1646.534835669265,purchase,dev_859,addr_859
859,85,307.3712085903821,purchase,dev_859,addr_859
860,43,926.5752555469946,purchase,dev_860,addr_860
860,57,1745.6310666342933,purchase,dev_860,addr_860
860,75,2347.952832509758,purchase,dev_860,addr_860
860,93,1411.3933441476538,purchase,dev_860,addr_860
860,96,1411.3933441476538,return,dev_860,addr_860
861,9,1390.753832859379,purchase,dev_861,addr_861
861,25,1169.8663488106813,purchase,dev_861,addr_861
861,38,1522.9903572449693,purchase,dev_861,addr_861
861,44,1180.1157870254585,purchase,dev_861,addr_861
861,55,1169.155678389736,purchase,dev_861,addr_861
861,65,2077.8229293258005,purchase,dev_861,addr_861
862,52,4359.308072707466,purchase,dev_862,addr_862
862,56,1966.7736623473365,purchase,dev_862,addr_862
862,77,1141.3660605493324,purchase,dev_862,addr_862
863,63,1225.1683125926786,purchase,dev_863,addr_863
863,69,5778.050833774201,purchase,dev_863,addr_863
863,89,652.1510661574682,purchase,dev_863,addr_863
864,56,1459.9367023686043,purchase,dev_864,addr_864
864,63,900.375528397425,purchase,dev_864,addr_864
864,72,1124.6062115740774,purchase,dev_864,addr_864
864,75,3015.0310732220855,purchase,dev_864,addr_864
864,89,1475.208921926063,purchase,dev_864,addr_864
865,30,575.186190795894,purchase,dev_865,addr_865
865,52,1765.5407402741553,purchase,dev_865,addr_865
866,48,856.92920538131,purchase,dev_866,addr_866
866,58,503.89143315715864,purchase,dev_866,addr_866
866,62,782.7342005364317,purchase,dev_866,addr_866
866,74,1200.648199399732,purchase,dev_866,addr_866
866,86,1599.6717591620775,purchase,dev_866,addr_866
866,94,943.4208353191218,purchase,dev_866,addr_866
866,105,757.6851185303999,purchase,dev_866,addr_866
867,28,833.3936344442584,purchase,dev_867,addr_867
867,52,2832.126347485603,purchase,dev_867,addr_867
867,58,2898.8488839439037,purchase,dev_867,addr_867
867,77,2628.5494827277507,purchase,dev_867,addr_867
868,25,1182.5848464910125,purchase,dev_868,addr_868
868,41,1570.7575280252272,purchase,dev_868,addr_868
869,64,579.449846981599,purchase,dev_869,addr_869
869,71,705.7713390064519,purchase,dev_869,addr_869
869,81,1110.6953210108247,purchase,dev_869,addr_869
869,88,1110.6953210108247,return,dev_869,addr_869
869,88,2560.938844738788,purchase,dev_869,addr_869
870,43,1355.8672085830176,purchase,dev_870,addr_870
870,63,811.417131729482,purchase,dev_870,addr_870
870,80,1429.336406996437,purchase,dev_870,addr_870
871,41,1512.9646699239352,purchase,dev_871,addr_871
871,60,3017.606787213354,purchase,dev_871,addr_871
871,70,4891.933573077264,purchase,dev_871,addr_871
871,78,716.5588504943555,purchase,dev_871,addr_871
871,95,4255.779734632496,purchase,dev_871,addr_871
871,106,871.4618540927971,purchase,dev_871,addr_871
872,40,524.3230185246537,purchase,dev_872,addr_872
872,47,1890.1357715542433,purchase,dev_872,addr_872
872,50,1890.1357715542433,return,dev_872,addr_872
873,28,1327.714231469931,purchase,dev_873,addr_873
873,49,637.0432260747625,purchase,dev_873,addr_873
874,77,3192.8683255551205,purchase,dev_874,addr_874
874,95,612.1067005011774,purchase,dev_874,addr_874
874,112,851.4787125649311,purchase,dev_874,addr_874
874,136,851.5873101476263,purchase,dev_874,addr_874
875,12,1904.0898069924738,purchase,dev_875,addr_875
875,16,841.0168769466527,purchase,dev_875,addr_875
875,31,2709.377149407845,purchase,dev_875,addr_875
876,66,1513.8408832727716,purchase,dev_876,addr_876
877,12,3969.3328504338106,purchase,dev_877,addr_877
877,19,3969.3328504338106,return,dev_877,addr_877
877,34,2395.888783098163,purchase,dev_877,addr_877
877,57,2794.6502015450837,purchase,dev_877,addr_877
877,75,1921.6729080590037,purchase,dev_877,addr_877
878,61,4636.485625946498,purchase,dev_878,addr_878
878,76,660.270997088113,purchase,dev_878,addr_878
878,86,1289.0664330819932,purchase,dev_878,addr_878
878,99,1068.1129371776537,purchase,dev_878,addr_878
879,51,1082.5348281649929,purchase,dev_879,addr_879
879,57,618.3781737884277,purchase,dev_879,addr_879
879,69,2617.804539499471,purchase,dev_879,addr_879
880,75,2599.547009499761,purchase,dev_880,addr_880
880,79,824.6639740557769,purchase,dev_880,addr_880
880,84,1006.7819171737499,purchase,dev_880,addr_880
881,77,1016.8986205186313,purchase,dev_881,addr_881
881,100,613.5929149218589,purchase,dev_881,addr_881
881,105,671.731564361354,purchase,dev_881,addr_881
882,49,525.7214057009556,purchase,dev_882,addr_882
882,72,921.6187205995175,purchase,dev_882,addr_882
882,81,1304.380869651861,purchase,dev_882,addr_882
882,99,1341.5472102327392,purchase,dev_882,addr_882
883,42,2200.540586065805,purchase,dev_883,addr_883
883,54,1963.101375349531,purchase,dev_883,addr_883
883,65,2398.5066157636866,purchase,dev_883,addr_883
883,77,1424.337836979539,purchase,dev_883,addr_883
883,82,1424.337836979539,return,dev_883,addr_883
884,6,972.0103747358946,purchase,dev_884,addr_884
884,25,791.4794371095867,purchase,dev_884,addr_884
884,32,617.3083284738235,purchase,dev_884,addr_884
885,9,1342.5612481333217,purchase,dev_885,addr_885
885,17,1536.2802113731111,purchase,dev_885,addr_885
885,25,829.9930500944653,purchase,dev_885,addr_885
885,42,3028.613545540176,purchase,dev_885,addr_885
886,27,1374.5912096159939,purchase,dev_886,addr_886
886,31,870.0926466766008,purchase,dev_886,addr_886
887,11,1171.3248135538029,purchase,dev_887,addr_887
887,17,1017.2814715567746,purchase,dev_887,addr_887
887,20,1646.8446644667938,purchase,dev_887,addr_887
887,43,1220.8135472117729,purchase,dev_887,addr_887
887,54,1074.1404738042258,purchase,dev_887,addr_887
888,58,940.0851158907645,purchase,dev_888,addr_888
888,68,1183.7776297404346,purchase,dev_888,addr_888
888,84,1000.3637745573732,purchase,dev_888,addr_888
888,92,1104.5755240421015,purchase,dev_888,addr_888
889,31,2272.465595075526,purchase,dev_889,addr_889
889,44,1061.8073889324442,purchase,dev_889,addr_889
889,67,2428.4891385922238,purchase,dev_889,addr_889
889,74,700.1401184876523,purchase,dev_889,addr_889
890,42,1783.4487719947995,purchase,dev_890,addr_890
890,48,615.9842340369273,purchase,dev_890,addr_890
890,72,1171.1884926398645,purchase,dev_890,addr_890
891,36,637.6918074636642,purchase,dev_891,addr_891
891,42,1086.2795086118304,purchase,dev_891,addr_891
891,46,1751.915844403032,purchase,dev_891,addr_891
891,60,2358.7153469625378,purchase,dev_891,addr_891
892,36,1495.9990498154305,purchase,dev_892,addr_892
892,52,2054.394212212635,purchase,dev_892,addr_892
892,68,599.7546624763731,purchase,dev_892,addr_892
892,82,2166.6491242032803,purchase,dev_892,addr_892
892,85,420.8852206836987,purchase,dev_892,addr_892
893,9,1379.3397837799057,purchase,dev_893,addr_893
893,12,1118.3955442270958,purchase,dev_893,addr_893
893,24,1050.6725198452912,purchase,dev_893,addr_893
893,41,2856.6692886787355,purchase,dev_893,addr_893
893,48,1827.6772708622925,purchase,dev_893,addr_893
893,64,987.4639979383052,purchase,dev_893,addr_893
893,79,1760.1223774940506,purchase,dev_893,addr_893
893,88,1425.8566864755244,purchase,dev_893,addr_893
893,101,2085.343307282399,purchase,dev_893,addr_893
893,107,1879.4757733223887,purchase,dev_893,addr_893
894,39,1556.5937796633589,purchase,dev_894,addr_894
894,46,717.3692041575028,purchase,dev_894,addr_894
895,59,1384.754982761671,purchase,dev_895,addr_895
895,73,1779.3212127620059,purchase,dev_895,addr_895
896,21,3964.8606598891897,purchase,dev_896,addr_896
896,28,2377.465378929714,purchase,dev_896,addr_896
897,21,1856.9855046989167,purchase,dev_897,addr_897
897,27,1536.4529651264547,purchase,dev_897,addr_897
898,73,885.1171263682617,purchase,dev_898,addr_898
898,84,1185.733012526943,purchase,dev_898,addr_898
898,86,1185.733012526943,return,dev_898,addr_898
898,88,583.0284666217187,purchase,dev_898,addr_898
898,97,773.9940108683026,purchase,dev_898,addr_898
898,106,973.6088454990245,purchase,dev_898,addr_898
898,115,1496.0845902135577,purchase,dev_898,addr_898
898,133,867.5669889863793,purchase,dev_898,addr_898
899,12,2120.5049714711677,purchase,dev_899,addr_899
899,17,2120.5049714711677,return,dev_899,addr_899
899,22,989.4702756132443,purchase,dev_899,addr_899
899,39,996.8697521685475,purchase,dev_899,addr_899
899,49,1156.9549703767948,purchase,dev_899,addr_899
899,73,1456.9305117838842,purchase,dev_899,addr_899
899,78,1592.9118210922268,purchase,dev_899,addr_899
900,10,590.5917399848729,purchase,dev_900,addr_900
900,23,2011.6012883072099,purchase,dev_900,addr_900
900,39,1742.983095987645,purchase,dev_900,addr_900
900,45,2259.146718429363,purchase,dev_900,addr_900
901,26,1007.5905826869434,purchase,dev_901,addr_901
901,49,460.54114533085277,purchase,dev_901,addr_901
901,60,1358.709844556902,purchase,dev_901,addr_901
902,31,2066.1009036336422,purchase,dev_902,addr_902
902,44,1766.837102583751,purchase,dev_902,addr_902
902,68,2229.4711026849095,purchase,dev_902,addr_902
902,74,706.2079544206589,purchase,dev_902,addr_902
902,87,1646.921903689351,purchase,dev_902,addr_902
903,28,1441.0588858674798,purchase,dev_903,addr_903
903,31,1328.0567838623815,purchase,dev_903,addr_903
904,71,2315.669631341674,purchase,dev_904,addr_904
904,87,650.6603140797313,purchase,dev_904,addr_904
905,33,1159.798491168562,purchase,dev_905,addr_905
905,40,772.1007980841268,purchase,dev_905,addr_905
905,44,985.7448320147256,purchase,dev_905,addr_905
905,61,2952.3990449408475,purchase,dev_905,addr_905
906,43,1049.7044660184727,purchase,dev_906,addr_906
906,55,2500.3707203408558,purchase,dev_906,addr_906
906,70,1200.4117238177641,purchase,dev_906,addr_906
907,14,2940.597217469044,purchase,dev_907,addr_907
907,28,1548.4198669406287,purchase,dev_907,addr_907
907,52,3593.5847383584864,purchase,dev_907,addr_907
907,63,1417.8966343797829,purchase,dev_907,addr_907
908,32,1333.3328691064373,purchase,dev_908,addr_908
908,38,1870.531609583321,purchase,dev_908,addr_908
908,43,2102.727620015511,purchase,dev_908,addr_908
908,63,1333.4486432258147,purchase,dev_908,addr_908
908,74,947.183493893576,purchase,dev_908,addr_908
909,27,828.2878913724568,purchase,dev_909,addr_909
909,48,1104.9809138269038,purchase,dev_909,addr_909
910,66,3650.9082553162084,purchase,dev_910,addr_910
910,85,873.1069350740014,purchase,dev_910,addr_910
911,31,2276.7592136424037,purchase,dev_911,addr_911
911,39,1149.834469252253,purchase,dev_911,addr_911
911,47,2795.830915318608,purchase,dev_911,addr_911
911,53,2571.632663288286,purchase,dev_911,addr_911
912,38,1624.138292163778,purchase,dev_912,addr_912
912,44,1790.8143027593635,purchase,dev_912,addr_912
912,66,1551.723889450126,purchase,dev_912,addr_912
912,71,2925.055837497295,purchase,dev_912,addr_912
913,9,1028.2575511167806,purchase,dev_913,addr_913
913,19,1062.6755762540627,purchase,dev_913,addr_913
913,31,2464.7612567184315,purchase,dev_913,addr_913
914,7,760.5468961404738,purchase,dev_914,addr_914
914,30,1450.8985899138145,purchase,dev_914,addr_914
914,47,755.4061437164137,purchase,dev_914,addr_914
914,54,1545.5242192719331,purchase,dev_914,addr_914
914,74,1533.588862651995,purchase,dev_914,addr_914
914,88,4765.952935188594,purchase,dev_914,addr_914
914,105,1159.5598524122147,purchase,dev_914,addr_914
914,120,2285.515949921472,purchase,dev_914,addr_914
915,57,1280.914600206223,purchase,dev_915,addr_915
915,74,1398.5923831253167,purchase,dev_915,addr_915
915,96,2027.1734043513595,purchase,dev_915,addr_915
916,66,1233.8345370512545,purchase,dev_916,addr_916
916,90,503.96948866265467,purchase,dev_916,addr_916
916,114,5879.14918902436,purchase,dev_916,addr_916
916,122,5879.14918902436,return,dev_916,addr_916
916,123,1947.2700411878175,purchase,dev_916,addr_916
917,49,744.3638458008909,purchase,dev_917,addr_917
917,55,524.2530903050897,purchase,dev_917,addr_917
917,57,744.3638458008909,return,dev_917,addr_917
917,63,1276.1453493864456,purchase,dev_917,addr_917
917,67,1146.0503440929403,purchase,dev_917,addr_917
917,78,1495.2656660615646,purchase,dev_917,addr_917
917,97,524.812859831871,purchase,dev_917,addr_917
918,49,2281.501780583154,purchase,dev_918,addr_918
918,60,2960.444644853904,purchase,dev_918,addr_918
918,84,737.4436802501361,purchase,dev_918,addr_918
919,50,1340.2991352133909,purchase,dev_919,addr_919
919,73,1322.5292733880267,purchase,dev_919,addr_919
919,88,2156.7069831302874,purchase,dev_919,addr_919
919,95,754.6707354397065,purchase,dev_919,addr_919
919,111,828.3144806070388,purchase,dev_919,addr_919
919,121,731.8892082232042,purchase,dev_919,addr_919
920,10,1461.1842185397957,purchase,dev_920,addr_920
920,20,1968.047440375189,purchase,dev_920,addr_920
920,25,1968.047440375189,return,dev_920,addr_920
920,35,450.8596938329554,purchase,dev_920,addr_920
921,58,513.7419315367256,purchase,dev_921,addr_921
921,68,2280.580012878289,purchase,dev_921,addr_921
921,83,1477.6000785285296,purchase,dev_921,addr_921
922,20,1761.5898721102087,purchase,dev_922,addr_922
922,33,2839.053381249269,purchase,dev_922,addr_922
923,45,1133.1994675321214,purchase,dev_923,addr_923
923,52,438.61293657836114,purchase,dev_923,addr_923
923,68,495.491413843454,purchase,dev_923,addr_923
924,58,1177.089061081025,purchase,dev_924,addr_924
924,67,1616.8378554153187,purchase,dev_924,addr_924
924,79,2020.9784019256163,purchase,dev_924,addr_924
924,96,530.5293899760027,purchase,dev_924,addr_924
924,110,1275.5788563752749,purchase,dev_924,addr_924
925,54,2003.9330826037944,purchase,dev_925,addr_925
925,68,1151.4658825005804,purchase,dev_925,addr_925
925,82,1837.8727202543207,purchase,dev_925,addr_925
925,103,1001.3966650625176,purchase,dev_925,addr_925
925,126,1642.6979074691822,purchase,dev_925,addr_925
925,133,1488.1869763167324,purchase,dev_925,addr_925
925,147,1786.0547676728029,purchase,dev_925,addr_925
926,18,2116.5345354727297,purchase,dev_926,addr_926
926,27,1522.367365752829,purchase,dev_926,addr_926
926,43,3954.404957873398,purchase,dev_926,addr_926
927,55,1019.0357164743501,purchase,dev_927,addr_927
927,69,803.5075392746236,purchase,dev_927,addr_927
927,72,2310.1483038082793,purchase,dev_927,addr_927
928,20,645.1499958111605,purchase,dev_928,addr_928
928,28,1186.4535400791247,purchase,dev_928,addr_928
928,32,2530.738830596097,purchase,dev_928,addr_928
928,50,913.6601286608035,purchase,dev_928,addr_928
928,69,994.9729274297489,purchase,dev_928,addr_928
928,72,994.9729274297489,return,dev_928,addr_928
929,20,2470.202588661937,purchase,dev_929,addr_929
929,38,1238.643797711729,purchase,dev_929,addr_929
929,57,1759.0678679322812,purchase,dev_929,addr_929
929,71,1131.4858662845056,purchase,dev_929,addr_929
930,25,1125.7085002617273,purchase,dev_930,addr_930
930,42,1453.633297425419,purchase,dev_930,addr_930
930,49,1453.633297425419,return,dev_930,addr_930
930,66,937.6405207873269,purchase,dev_930,addr_930
931,35,436.3206317270634,purchase,dev_931,addr_931
931,40,465.5507656272163,purchase,dev_931,addr_931
931,51,1233.841926787177,purchase,dev_931,addr_931
931,56,1323.2839808218343,purchase,dev_931,addr_931
931,77,410.5751966904411,purchase,dev_931,addr_931
931,90,3146.2973522237803,purchase,dev_931,addr_931
931,93,1578.8477449817017,purchase,dev_931,addr_931
932,41,2228.422742259539,purchase,dev_932,addr_932
932,47,1586.1038248119955,purchase,dev_932,addr_932
932,58,1546.3435483795856,purchase,dev_932,addr_932
932,70,1604.3050185350037,purchase,dev_932,addr_932
932,85,1186.8490701668673,purchase,dev_932,addr_932
932,91,3984.889175890734,purchase,dev_932,addr_932
933,57,500.1988543470704,purchase,dev_933,addr_933
933,67,1484.0647276219686,purchase,dev_933,addr_933
933,85,1288.6756180775303,purchase,dev_933,addr_933
933,101,1557.353157264857,purchase,dev_933,addr_933
934,45,653.950272728179,purchase,dev_934,addr_934
934,55,1268.7806219461843,purchase,dev_934,addr_934
934,60,1008.0227096032613,purchase,dev_934,addr_934
934,83,1819.5089167117503,purchase,dev_934,addr_934
935,39,516.7182065707545,purchase,dev_935,addr_935
936,80,2362.4517034825703,purchase,dev_936,addr_936
936,83,1363.8183307689753,purchase,dev_936,addr_936
937,64,3077.3737956012956,purchase,dev_937,addr_937
937,82,2322.4956278110326,purchase,dev_937,addr_937
937,104,1279.28980572187,purchase,dev_937,addr_937
937,117,2138.4944296211415,purchase,dev_937,addr_937
937,133,1479.225291063534,purchase,dev_937,addr_937
937,151,391.53433393038137,purchase,dev_937,addr_937
938,38,695.7493869085173,purchase,dev_938,addr_938
938,47,695.7493869085173,return,dev_938,addr_938
938,61,2446.396835644624,purchase,dev_938,addr_938
939,31,1326.132615897389,purchase,dev_939,addr_939
939,41,2369.5386653346595,purchase,dev_939,addr_939
939,64,845.3504931020658,purchase,dev_939,addr_939
939,79,1867.188208558989,purchase,dev_939,addr_939
939,103,795.687495481632,purchase,dev_939,addr_939
939,124,1468.7939029182257,purchase,dev_939,addr_939
939,132,1468.7939029182257,return,dev_939,addr_939
940,27,2336.9636771747005,purchase,dev_940,addr_940
940,36,2670.5676917839055,purchase,dev_940,addr_940
940,58,1028.1969213739758,purchase,dev_940,addr_940
941,40,525.8150395105795,purchase,dev_941,addr_941
941,57,712.159902504565,purchase,dev_941,addr_941
941,60,712.159902504565,return,dev_941,addr_941
942,16,1635.1361058801742,purchase,dev_942,addr_942
942,19,3020.7069233054717,purchase,dev_942,addr_942
942,27,2674.146266577879,purchase,dev_942,addr_942
943,66,3891.132520604368,purchase,dev_943,addr_943
944,63,1516.9719779038026,purchase,dev_944,addr_944
944,71,920.6948250936448,purchase,dev_944,addr_944
944,92,1639.849171689035,purchase,dev_944,addr_944
944,102,577.7128902249599,purchase,dev_944,addr_944
944,117,3369.0201142466685,purchase,dev_944,addr_944
944,120,1302.3569330099372,purchase,dev_944,addr_944
944,139,827.6890342160921,purchase,dev_944,addr_944
944,158,2605.7267009112065,purchase,dev_944,addr_944
944,173,1043.3781030044863,purchase,dev_944,addr_944
945,31,1652.074765627351,purchase,dev_945,addr_945
945,42,877.2763644950502,purchase,dev_945,addr_945
945,63,1491.8177172887754,purchase,dev_945,addr_945
945,87,1324.5778050654428,purchase,dev_945,addr_945
945,101,3400.28120979097,purchase,dev_945,addr_945
945,124,1359.6037881388943,purchase,dev_945,addr_945
945,131,632.6045823827484,purchase,dev_945,addr_945
945,142,1392.741111818591,purchase,dev_945,addr_945
945,166,717.2849087172156,purchase,dev_945,addr_945
946,21,3381.1782083524918,purchase,dev_946,addr_946
946,32,1620.8592008442724,purchase,dev_946,addr_946
946,47,2659.806318462086,purchase,dev_946,addr_946
946,66,2669.699201653273,purchase,dev_946,addr_946
946,69,2442.998996707006,purchase,dev_946,addr_946
947,32,1316.2846303468673,purchase,dev_947,addr_947
947,35,1879.7681216395038,purchase,dev_947,addr_947
947,43,2832.996643627136,purchase,dev_947,addr_947
948,50,1461.2187401561384,purchase,dev_948,addr_948
948,71,979.6499761968346,purchase,dev_948,addr_948
948,95,468.23957718982825,purchase,dev_948,addr_948
948,100,3432.657930192813,purchase,dev_948,addr_948
948,102,3432.657930192813,return,dev_948,addr_948
948,121,1172.3348574665274,purchase,dev_948,addr_948
949,54,813.9075660731874,purchase,dev_949,addr_949
949,77,1564.7451184100585,purchase,dev_949,addr_949
949,87,1764.4374454932872,purchase,dev_949,addr_949
949,109,2205.112800949407,purchase,dev_949,addr_949
950,51,1170.1403317906866,purchase,dev_950,addr_950
950,62,1211.8650499059936,purchase,dev_950,addr_950
950,77,1050.0884226642104,purchase,dev_950,addr_950
950,81,1212.6966572754693,purchase,dev_950,addr_950
950,101,845.7695169396495,purchase,dev_950,addr_950
950,124,1639.4961223373823,purchase,dev_950,addr_950
951,41,828.2889003718436,purchase,dev_951,addr_951
951,52,893.3176258952035,purchase,dev_951,addr_951
951,60,1269.059179911813,purchase,dev_951,addr_951
951,81,1104.4400235159003,purchase,dev_951,addr_951
951,90,1160.661606926483,purchase,dev_951,addr_951
951,103,2889.540582274396,purchase,dev_951,addr_951
951,107,695.7115763416025,purchase,dev_951,addr_951
951,120,2136.7155665724736,purchase,dev_951,addr_951
952,38,1683.843890623408,purchase,dev_952,addr_952
952,51,1634.0861256758524,purchase,dev_952,addr_952
952,73,1717.6455184007443,purchase,dev_952,addr_952
952,79,2237.916693968303,purchase,dev_952,addr_952
952,102,1809.1419037071203,purchase,dev_952,addr_952
953,46,591.6568823586872,purchase,dev_953,addr_953
953,62,1070.559968004321,purchase,dev_953,addr_953
953,76,939.5075965810769,purchase,dev_953,addr_953
953,91,983.7315298365438,purchase,dev_953,addr_953
953,113,1483.844012229626,purchase,dev_953,addr_953
954,41,2315.294466790473,purchase,dev_954,addr_954
954,48,2069.435362710931,purchase,dev_954,addr_954
954,58,1152.1544496395927,purchase,dev_954,addr_954
954,67,950.7456808006849,purchase,dev_954,addr_954
954,74,710.7079162571242,purchase,dev_954,addr_954
955,60,2579.07077880269,purchase,dev_955,addr_955
955,78,573.661067143083,purchase,dev_955,addr_955
956,22,3472.60946915894,purchase,dev_956,addr_956
956,25,2195.02110494953,purchase,dev_956,addr_956
956,27,3472.60946915894,return,dev_956,addr_956
956,34,2195.02110494953,return,dev_956,addr_956
957,61,1020.3735284868291,purchase,dev_957,addr_957
957,84,1604.9435404720984,purchase,dev_957,addr_957
957,100,1299.7475400245078,purchase,dev_957,addr_957
957,117,980.3840011388335,purchase,dev_957,addr_957
957,140,740.8871561861936,purchase,dev_957,addr_957
958,72,2092.5825329687423,purchase,dev_958,addr_958
958,90,1257.9015465911746,purchase,dev_958,addr_958
958,109,1972.9449259063222,purchase,dev_958,addr_958
958,122,699.4848789998362,purchase,dev_958,addr_958
959,26,3664.6552322419006,purchase,dev_959,addr_959
959,37,945.4724402286383,purchase,dev_959,addr_959
959,47,1187.8941220641047,purchase,dev_959,addr_959
959,63,1061.9795870556975,purchase,dev_959,addr_959
959,70,1729.370572222424,purchase,dev_959,addr_959
959,94,1876.5101675578696,purchase,dev_959,addr_959
960,34,372.2428973404609,purchase,dev_960,addr_960
960,58,1610.5002217791412,purchase,dev_960,addr_960
960,74,1634.7414088042196,purchase,dev_960,addr_960
961,33,2539.267664790692,purchase,dev_961,addr_961
961,45,4375.668510820816,purchase,dev_961,addr_961
961,53,1186.2326325602903,purchase,dev_961,addr_961
961,65,1068.4074370478286,purchase,dev_961,addr_961
962,22,1510.488168224313,purchase,dev_962,addr_962
962,34,1266.1255606671139,purchase,dev_962,addr_962
962,38,1266.1255606671139,return,dev_962,addr_962
962,56,2287.2874241966974,purchase,dev_962,addr_962
962,64,1335.036452912934,purchase,dev_962,addr_962
963,14,1352.2090726381286,purchase,dev_963,addr_963
963,38,1596.8723640716105,purchase,dev_963,addr_963
963,45,2029.964278407528,purchase,dev_963,addr_963
963,69,1057.8105496626883,purchase,dev_963,addr_963
964,34,1961.6381423783375,purchase,dev_964,addr_964
964,55,1971.089587658602,purchase,dev_964,addr_964
964,64,634.2403453501661,purchase,dev_964,addr_964
964,84,557.0704782087026,purchase,dev_964,addr_964
964,96,1751.8319947083537,purchase,dev_964,addr_964
964,115,1045.9009293646773,purchase,dev_964,addr_964
965,49,1593.0290858705098,purchase,dev_965,addr_965
965,61,941.6873743989771,purchase,dev_965,addr_965
966,52,797.3553566731774,purchase,dev_966,addr_966
966,69,1406.5278668839544,purchase,dev_966,addr_966
967,20,1355.1329194360085,purchase,dev_967,addr_967
967,30,1563.207812578806,purchase,dev_967,addr_967
967,54,430.4480009083999,purchase,dev_967,addr_967
967,70,1562.833674709051,purchase,dev_967,addr_967
967,77,833.9412288311792,purchase,dev_967,addr_967
967,100,836.753734768394,purchase,dev_967,addr_967
968,60,1175.7375813826736,purchase,dev_968,addr_968
968,84,1750.1312356423423,purchase,dev_968,addr_968
969,44,1087.5576975109475,purchase,dev_969,addr_969
969,64,3422.9804839651124,purchase,dev_969,addr_969
970,22,564.727170894965,purchase,dev_970,addr_970
970,39,1012.7658583837773,purchase,dev_970,addr_970
970,57,771.3788256417077,purchase,dev_970,addr_970
971,24,559.9793658242855,purchase,dev_971,addr_971
971,40,1133.566991187263,purchase,dev_971,addr_971
972,19,1017.359114521361,purchase,dev_972,addr_972
972,38,1000.4396476929676,purchase,dev_972,addr_972
972,60,1782.8794585836151,purchase,dev_972,addr_972
972,69,1782.8794585836151,return,dev_972,addr_972
972,74,1676.9946520602791,purchase,dev_972,addr_972
972,80,958.0832072214238,purchase,dev_972,addr_972
973,49,995.7277271305991,purchase,dev_973,addr_973
974,59,986.5337631112537,purchase,dev_974,addr_974
974,79,1625.6473107069614,purchase,dev_974,addr_974
974,84,1237.8293718726952,purchase,dev_974,addr_974
974,106,1451.2518863835796,purchase,dev_974,addr_974
974,115,325.2160401232929,purchase,dev_974,addr_974
975,26,1186.4108234705109,purchase,dev_975,addr_975
975,47,1269.335199370747,purchase,dev_975,addr_975
975,64,1353.776372105701,purchase,dev_975,addr_975
976,44,2479.039435360203,purchase,dev_976,addr_976
976,66,1695.986813977503,purchase,dev_976,addr_976
976,75,1727.601513705829,purchase,dev_976,addr_976
976,89,1050.1480481258752,purchase,dev_976,addr_976
976,105,2144.6151476182617,purchase,dev_976,addr_976
976,110,785.2104563962291,purchase,dev_976,addr_976
976,117,1590.165795134874,purchase,dev_976,addr_976
977,23,2021.282749125692,purchase,dev_977,addr_977
977,37,1802.7954681805047,purchase,dev_977,addr_977
977,39,1802.7954681805047,return,dev_977,addr_977
977,57,954.4594137677408,purchase,dev_977,addr_977
977,66,940.740998009151,purchase,dev_977,addr_977
977,84,1592.7288204487886,purchase,dev_977,addr_977
977,101,1187.4241309438103,purchase,dev_977,addr_977
977,115,779.8010130604183,purchase,dev_977,addr_977
977,129,1736.9087782400761,purchase,dev_977,addr_977
977,133,1137.9246582847104,purchase,dev_977,addr_977
978,37,482.2995189814676,purchase,dev_978,addr_978
978,45,1102.258003492073,purchase,dev_978,addr_978
978,61,1076.806994331171,purchase,dev_978,addr_978
978,66,881.319766307346,purchase,dev_978,addr_978
978,78,889.3654545054279,purchase,dev_978,addr_978
979,47,1227.1349605563178,purchase,dev_979,addr_979
979,70,798.7660973480495,purchase,dev_979,addr_979
979,86,547.6696671180812,purchase,dev_979,addr_979
979,100,2780.557650800611,purchase,dev_979,addr_979
979,107,1501.208528719363,purchase,dev_979,addr_979
979,130,2649.540418214354,purchase,dev_979,addr_979
979,142,886.9586068909575,purchase,dev_979,addr_979
979,149,886.9586068909575,return,dev_979,addr_979
980,30,712.7498053717885,purchase,dev_980,addr_980
980,45,1626.8309411611067,purchase,dev_980,addr_980
980,56,1167.917632181224,purchase,dev_980,addr_980
980,66,5619.40613387837,purchase,dev_980,addr_980
981,64,914.3387909289761,purchase,dev_981,addr_981
981,68,1034.9961082295526,purchase,dev_981,addr_981
981,91,1219.0977464298066,purchase,dev_981,addr_981
981,110,1300.7532753245505,purchase,dev_981,addr_981
981,115,1637.7567796673875,purchase,dev_981,addr_981
982,53,1252.7324229244834,purchase,dev_982,addr_982
982,74,855.4979589804886,purchase,dev_982,addr_982
982,95,546.5420946409752,purchase,dev_982,addr_982
983,34,1346.2855614086839,purchase,dev_983,addr_983
983,44,717.8389619896719,purchase,dev_983,addr_983
983,51,1191.137372387687,purchase,dev_983,addr_983
984,53,5136.134929945076,purchase,dev_984,addr_984
984,58,1907.5824982564993,purchase,dev_984,addr_984
985,32,943.2674777021384,purchase,dev_985,addr_985
985,53,2688.0331870101495,purchase,dev_985,addr_985
985,70,1293.0877155652245,purchase,dev_985,addr_985
986,57,2067.24054940291,purchase,dev_986,addr_986
986,79,1642.8878281390605,purchase,dev_986,addr_986
986,99,2880.2866198468887,purchase,dev_986,addr_986
986,105,1934.7306693359494,purchase,dev_986,addr_986
986,119,1023.1080014820311,purchase,dev_986,addr_986
986,125,1023.1080014820311,return,dev_986,addr_986
987,31,2381.0393868507463,purchase,dev_987,addr_987
988,25,1013.5919018460578,purchase,dev_988,addr_988
988,42,660.997329460074,purchase,dev_988,addr_988
988,50,660.997329460074,return,dev_988,addr_988
988,52,1295.9368481337904,purchase,dev_988,addr_988
988,60,3850.363997971046,purchase,dev_988,addr_988
988,78,887.106830406672,purchase,dev_988,addr_988
989,30,759.9843568554248,purchase,dev_989,addr_989
989,38,475.5577119010434,purchase,dev_989,addr_989
989,47,2377.182427512946,purchase,dev_989,addr_989
989,59,1249.310963260697,purchase,dev_989,addr_989
989,75,994.6452737823371,purchase,dev_989,addr_989
990,69,1464.590545629514,purchase,dev_990,addr_990
990,86,730.1075238786771,purchase,dev_990,addr_990
990,108,1225.583866618925,purchase,dev_990,addr_990
990,123,1892.2439924940213,purchase,dev_990,addr_990
990,126,1299.4025249951396,purchase,dev_990,addr_990
991,47,810.0762524416155,purchase,dev_991,addr_991
991,65,1003.666920870182,purchase,dev_991,addr_991
991,74,826.2593579250363,purchase,dev_991,addr_991
992,63,953.0482780308124,purchase,dev_992,addr_992
992,81,923.9678995027832,purchase,dev_992,addr_992
992,96,1547.9400287908475,purchase,dev_992,addr_992
992,99,2709.3349221154867,purchase,dev_992,addr_992
993,59,474.53191126985826,purchase,dev_993,addr_993
993,80,1719.5746530334488,purchase,dev_993,addr_993
993,87,3456.381978228448,purchase,dev_993,addr_993
993,91,1261.7811517402429,purchase,dev_993,addr_993
993,99,1261.7811517402429,return,dev_993,addr_993
993,106,1432.8087947920258,purchase,dev_993,addr_993
993,119,3311.5269953167563,purchase,dev_993,addr_993
993,123,3311.5269953167563,return,dev_993,addr_993
993,126,676.4198587076748,purchase,dev_993,addr_993
993,131,915.57512776644,purchase,dev_993,addr_993
994,22,788.3306150429477,purchase,dev_994,addr_994
995,45,2731.7643491156205,purchase,dev_995,addr_995
995,67,2463.4591370953794,purchase,dev_995,addr_995
995,79,1746.7228236805338,purchase,dev_995,addr_995
995,95,2365.7041058730165,purchase,dev_995,addr_995
996,34,2028.0911467645167,purchase,dev_996,addr_996
996,38,2015.8610496090585,purchase,dev_996,addr_996
996,40,2015.8610496090585,return,dev_996,addr_996
997,22,474.97720892389543,purchase,dev_997,addr_997
997,28,2177.87792350933,purchase,dev_997,addr_997
997,40,611.2259094568071,purchase,dev_997,addr_997
998,67,819.9356001549256,purchase,dev_998,addr_998
998,75,1689.3604382904937,purchase,dev_998,addr_998
998,93,1073.5913776122438,purchase,dev_998,addr_998
998,96,1073.5913776122438,return,dev_998,addr_998
999,44,737.1586279731943,purchase,dev_999,addr_999
999,61,801.2294801836318,purchase,dev_999,addr_999
999,74,1400.185780083097,purchase,dev_999,addr_999
999,89,2386.3970239194045,purchase,dev_999,addr_999
999,93,2044.4879826030196,purchase,dev_999,addr_999
999,101,2957.8055865629312,purchase,dev_999,addr_999
1000,60,1056.3397461663674,purchase,dev_1000,addr_1000
1000,82,1770.4261170619643,purchase,dev_1000,addr_1000
1000,98,1203.0637026122972,purchase,dev_1000,addr_1000
1000,119,661.7123249001226,purchase,dev_1000,addr_1000
1000,138,1445.335048127797,purchase,dev_1000,addr_1000
1001,43,1382.8523235967332,purchase,dev_1001,addr_1001
1001,49,1382.8523235967332,return,dev_1001,addr_1001
1001,66,1148.4352208582898,purchase,dev_1001,addr_1001
1001,73,924.800600072823,purchase,dev_1001,addr_1001
1001,94,1117.1013150946062,purchase,dev_1001,addr_1001
1002,31,856.963217323864,purchase,dev_1002,addr_1002
1002,48,2685.484447922057,purchase,dev_1002,addr_1002
1003,35,1574.1586208315343,purchase,dev_1003,addr_1003
1003,37,1574.1586208315343,return,dev_1003,addr_1003
1003,49,1085.493110543716,purchase,dev_1003,addr_1003
1003,53,1540.2993441477297,purchase,dev_1003,addr_1003
1004,20,3285.7717857288867,purchase,dev_1004,addr_1004
1004,23,2035.1007397687329,purchase,dev_1004,addr_1004
1004,38,1495.183398473425,purchase,dev_1004,addr_1004
1004,56,3026.7991327087057,purchase,dev_1004,addr_1004
1005,58,1299.3961032193026,purchase,dev_1005,addr_1005
1005,72,1514.3918108912653,purchase,dev_1005,addr_1005
1005,96,1581.3745862098183,purchase,dev_1005,addr_1005
1005,114,2225.702847585503,purchase,dev_1005,addr_1005
1006,59,790.9129627450349,purchase,dev_1006,addr_1006
1006,78,1212.3125262607143,purchase,dev_1006,addr_1006
1006,87,860.6520255049917,purchase,dev_1006,addr_1006
1006,90,1415.745833679752,purchase,dev_1006,addr_1006
1007,64,1661.7684633703025,purchase,dev_1007,addr_1007
1007,71,826.3742467873841,purchase,dev_1007,addr_1007
1007,90,1863.7374005151382,purchase,dev_1007,addr_1007
1007,111,1580.091506454695,purchase,dev_1007,addr_1007
1007,116,3249.516404383937,purchase,dev_1007,addr_1007
1007,138,1178.0702963942945,purchase,dev_1007,addr_1007
1008,31,1227.7794815698533,purchase,dev_1008,addr_1008
1008,51,1212.5298074959305,purchase,dev_1008,addr_1008
1008,60,1176.507687979916,purchase,dev_1008,addr_1008
1009,58,2448.144943969813,purchase,dev_1009,addr_1009
1009,75,853.3785740818515,purchase,dev_1009,addr_1009
1009,99,2866.4482491778986,purchase,dev_1009,addr_1009
1009,102,2866.4482491778986,return,dev_1009,addr_1009
1009,118,1623.0574477632892,purchase,dev_1009,addr_1009
1009,140,1070.1480330786953,purchase,dev_1009,addr_1009
1009,150,2306.1088616904967,purchase,dev_1009,addr_1009
1009,171,1701.5958624708117,purchase,dev_1009,addr_1009
1009,183,1059.7652160560444,purchase,dev_1009,addr_1009
1010,15,711.9573292003182,purchase,dev_1010,addr_1010
1010,24,2214.6469861621163,purchase,dev_1010,addr_1010
1010,31,610.432696428685,purchase,dev_1010,addr_1010
1010,48,1486.7892140245244,purchase,dev_1010,addr_1010
1010,64,1447.0056403191795,purchase,dev_1010,addr_1010
1010,67,1341.22487836798,purchase,dev_1010,addr_1010
1010,84,1350.1279469811398,purchase,dev_1010,addr_1010
1010,102,391.56266865218055,purchase,dev_1010,addr_1010
1010,126,1488.2301241090265,purchase,dev_1010,addr_1010
1010,136,2059.975149061239,purchase,dev_1010,addr_1010
1010,147,1087.2742994551352,purchase,dev_1010,addr_1010
1011,63,1620.2657925735216,purchase,dev_1011,addr_1011
1011,83,3060.5169179340282,purchase,dev_1011,addr_1011
1011,100,4008.1747859313186,purchase,dev_1011,addr_1011
1012,67,1642.749948246014,purchase,dev_1012,addr_1012
1012,79,3290.681347746624,purchase,dev_1012,addr_1012
1012,102,803.1070231878547,purchase,dev_1012,addr_1012
1013,72,1034.5809981689456,purchase,dev_1013,addr_1013
1013,86,713.4810281143982,purchase,dev_1013,addr_1013
1013,96,2396.6978625206043,purchase,dev_1013,addr_1013
1014,36,2136.735436040317,purchase,dev_1014,addr_1014
1014,42,908.0670498327497,purchase,dev_1014,addr_1014
1014,61,1031.2674229476336,purchase,dev_1014,addr_1014
1014,75,784.5431705938192,purchase,dev_1014,addr_1014
1014,78,1098.9669453981753,purchase,dev_1014,addr_1014
1015,52,986.2174783053536,purchase,dev_1015,addr_1015
1015,64,842.6678051517845,purchase,dev_1015,addr_1015
1016,29,4047.8445969073373,purchase,dev_1016,addr_1016
1016,52,2967.970315829391,purchase,dev_1016,addr_1016
1017,32,411.57066907437746,purchase,dev_1017,addr_1017
1017,37,939.2346450967049,purchase,dev_1017,addr_1017
1017,41,648.2937292892584,purchase,dev_1017,addr_1017
1017,58,1705.817347639661,purchase,dev_1017,addr_1017
1018,53,1470.977052467483,purchase,dev_1018,addr_1018
1018,67,971.4524212110123,purchase,dev_1018,addr_1018
1019,26,693.251210211558,purchase,dev_1019,addr_1019
1019,47,2782.6488218014383,purchase,dev_1019,addr_1019
1019,67,983.9198602899481,purchase,dev_1019,addr_1019
1019,77,1331.933037855874,purchase,dev_1019,addr_1019
1019,82,1245.8701257821865,purchase,dev_1019,addr_1019
1019,87,744.8735710762618,purchase,dev_1019,addr_1019
1019,108,997.6689034576244,purchase,dev_1019,addr_1019
1020,58,1176.4321923189887,purchase,dev_1020,addr_1020
1020,74,979.3423581544462,purchase,dev_1020,addr_1020
1020,83,1337.4696502186112,purchase,dev_1020,addr_1020
1020,103,2003.0637737404763,purchase,dev_1020,addr_1020
1020,120,1332.8763951995516,purchase,dev_1020,addr_1020
1020,137,1187.1932166497377,purchase,dev_1020,addr_1020
1020,156,1374.8910212331004,purchase,dev_1020,addr_1020
1021,52,2026.4443737553636,purchase,dev_1021,addr_1021
1021,75,990.4755136955634,purchase,dev_1021,addr_1021
1021,92,2027.4244699789758,purchase,dev_1021,addr_1021
1021,108,818.7955739285633,purchase,dev_1021,addr_1021
1021,112,916.7394006409623,purchase,dev_1021,addr_1021
1022,79,3851.0398104256838,purchase,dev_1022,addr_1022
1022,101,2046.6526359313032,purchase,dev_1022,addr_1022
1022,108,986.9526323783887,purchase,dev_1022,addr_1022
1022,115,837.6041630934421,purchase,dev_1022,addr_1022
1023,25,1192.6337581814441,purchase,dev_1023,addr_1023
1023,35,1566.253207038031,purchase,dev_1023,addr_1023
1024,13,2337.1900908850284,purchase,dev_1024,addr_1024
1024,30,841.2411051217085,purchase,dev_1024,addr_1024
1024,47,669.0731066939697,purchase,dev_1024,addr_1024
1025,70,1580.8142387493292,purchase,dev_1025,addr_1025
1025,76,1065.1252640814812,purchase,dev_1025,addr_1025
1025,100,2601.6273721319035,purchase,dev_1025,addr_1025
1025,118,1190.3737055460451,purchase,dev_1025,addr_1025
1026,47,562.4100686384295,purchase,dev_1026,addr_1026
1026,58,1859.4094217272316,purchase,dev_1026,addr_1026
1027,21,920.7816527800954,purchase,dev_1027,addr_1027
1027,32,1196.6530636584982,purchase,dev_1027,addr_1027
1027,52,361.99311688751663,purchase,dev_1027,addr_1027
1028,71,731.0264956630733,purchase,dev_1028,addr_1028
1028,84,766.7593516664713,purchase,dev_1028,addr_1028
1028,93,1890.3710442356612,purchase,dev_1028,addr_1028
1028,97,1120.1318558924786,purchase,dev_1028,addr_1028
1029,33,1004.3084673751042,purchase,dev_1029,addr_1029
1029,56,3185.816455518483,purchase,dev_1029,addr_1029
1029,59,1256.7351786168701,purchase,dev_1029,addr_1029
1029,63,903.5882991196357,purchase,dev_1029,addr_1029
1030,16,679.17407444977,purchase,dev_1030,addr_1030
1030,28,1550.6382199454065,purchase,dev_1030,addr_1030
1030,52,626.054144585251,purchase,dev_1030,addr_1030
1030,74,1608.2475172752079,purchase,dev_1030,addr_1030
1030,80,1608.2475172752079,return,dev_1030,addr_1030
1031,21,1288.1050953376791,purchase,dev_1031,addr_1031
1031,39,1978.712775212669,purchase,dev_1031,addr_1031
1031,53,1335.2898358086782,purchase,dev_1031,addr_1031
1031,62,816.6198419064625,purchase,dev_1031,addr_1031
1031,83,2166.090223567402,purchase,dev_1031,addr_1031
1031,102,1669.125894031461,purchase,dev_1031,addr_1031
1032,54,902.2362710218245,purchase,dev_1032,addr_1032
1032,64,3062.6935467408675,purchase,dev_1032,addr_1032
1032,71,2928.973519347321,purchase,dev_1032,addr_1032
1032,74,1725.4334569518335,purchase,dev_1032,addr_1032
1032,95,1487.528380668448,purchase,dev_1032,addr_1032
1033,26,994.5052133303861,purchase,dev_1033,addr_1033
1033,34,1483.6875041730816,purchase,dev_1033,addr_1033
1033,49,906.836160286024,purchase,dev_1033,addr_1033
1033,59,2437.3273440272264,purchase,dev_1033,addr_1033
1034,29,675.3010549550297,purchase,dev_1034,addr_1034
1034,41,1358.7888826880198,purchase,dev_1034,addr_1034
1034,53,1007.8946500190236,purchase,dev_1034,addr_1034
1034,56,1007.8946500190236,return,dev_1034,addr_1034
1034,66,1254.2623968768712,purchase,dev_1034,addr_1034
1035,33,1074.9120432932498,purchase,dev_1035,addr_1035
1035,53,2239.2937259500573,purchase,dev_1035,addr_1035
1036,43,1981.6116049469642,purchase,dev_1036,addr_1036
1036,48,1169.9311082413149,purchase,dev_1036,addr_1036
1036,66,3199.8586449213935,purchase,dev_1036,addr_1036
1036,85,2216.6079742136913,purchase,dev_1036,addr_1036
1036,98,2844.0149909522374,purchase,dev_1036,addr_1036
1037,30,620.6496968246827,purchase,dev_1037,addr_1037
1037,43,446.9559798642788,purchase,dev_1037,addr_1037
1038,27,914.0414568299024,purchase,dev_1038,addr_1038
1038,48,2120.875155441016,purchase,dev_1038,addr_1038
1038,55,735.4561759933924,purchase,dev_1038,addr_1038
1038,61,1015.3272289125656,purchase,dev_1038,addr_1038
1039,25,1956.639729790375,purchase,dev_1039,addr_1039
1039,34,601.5608022247545,purchase,dev_1039,addr_1039
1039,41,2057.020019688636,purchase,dev_1039,addr_1039
1039,50,376.80481470775584,purchase,dev_1039,addr_1039
1040,15,1620.7019701645565,purchase,dev_1040,addr_1040
1040,37,1660.9378375772606,purchase,dev_1040,addr_1040
1040,43,596.5585630909331,purchase,dev_1040,addr_1040
1041,41,1073.270104140672,purchase,dev_1041,addr_1041
1041,61,2281.7315490249543,purchase,dev_1041,addr_1041
1041,85,2678.3721232003954,purchase,dev_1041,addr_1041
1041,89,2911.256242949517,purchase,dev_1041,addr_1041
1041,97,818.8323845675562,purchase,dev_1041,addr_1041
1042,52,1313.7696331796992,purchase,dev_1042,addr_1042
1042,64,974.9243469030685,purchase,dev_1042,addr_1042
1042,68,1437.8605916209115,purchase,dev_1042,addr_1042
1043,63,1591.192061240987,purchase,dev_1043,addr_1043
1043,77,793.8719575864866,purchase,dev_1043,addr_1043
1043,90,1039.945279229542,purchase,dev_1043,addr_1043
1043,104,811.8504276791098,purchase,dev_1043,addr_1043
1043,115,3606.3202142072087,purchase,dev_1043,addr_1043
1043,130,832.7937746217948,purchase,dev_1043,addr_1043
1044,51,2151.9715202496122,purchase,dev_1044,addr_1044
1044,67,1669.759149617676,purchase,dev_1044,addr_1044
1044,71,975.0577845106335,purchase,dev_1044,addr_1044
1044,89,2647.3750251390916,purchase,dev_1044,addr_1044
1044,110,696.9488810733363,purchase,dev_1044,addr_1044
1044,117,696.9488810733363,return,dev_1044,addr_1044
1044,118,2930.0723954357886,purchase,dev_1044,addr_1044
1045,58,789.334197931202,purchase,dev_1045,addr_1045
1045,81,3037.754073059443,purchase,dev_1045,addr_1045
1045,85,999.9741549363422,purchase,dev_1045,addr_1045
1045,88,693.5071835627731,purchase,dev_1045,addr_1045
1046,55,4524.518014936148,purchase,dev_1046,addr_1046
1046,69,1111.117476074321,purchase,dev_1046,addr_1046
1046,76,1111.117476074321,return,dev_1046,addr_1046
1046,79,590.2030091679725,purchase,dev_1046,addr_1046
1046,90,657.4047901289422,purchase,dev_1046,addr_1046
1047,31,1525.0492202737669,purchase,dev_1047,addr_1047
1048,50,1445.2056699418447,purchase,dev_1048,addr_1048
1048,55,1445.2056699418447,return,dev_1048,addr_1048
1048,73,1336.9419625631463,purchase,dev_1048,addr_1048
1048,89,2384.877561540305,purchase,dev_1048,addr_1048
1048,111,1184.176413692,purchase,dev_1048,addr_1048
1049,35,2753.267356940862,purchase,dev_1049,addr_1049
1049,50,1017.9470512243041,purchase,dev_1049,addr_1049
1049,65,1516.104930121056,purchase,dev_1049,addr_1049
1050,44,1084.3065530714655,purchase,dev_1050,addr_1050
1050,55,597.0401071829323,purchase,dev_1050,addr_1050
1050,60,597.0401071829323,return,dev_1050,addr_1050
1050,76,1239.4836047155418,purchase,dev_1050,addr_1050
1050,84,2712.3205733356617,purchase,dev_1050,addr_1050
1050,104,745.6034890147874,purchase,dev_1050,addr_1050
1050,120,749.6074884376549,purchase,dev_1050,addr_1050
1050,128,749.6074884376549,return,dev_1050,addr_1050
1051,36,1151.6511614478995,purchase,dev_1051,addr_1051
1051,48,2429.3910589915195,purchase,dev_1051,addr_1051
1051,68,558.6207439141165,purchase,dev_1051,addr_1051
1051,75,1103.1046074193862,purchase,dev_1051,addr_1051
1051,96,1487.1820257831384,purchase,dev_1051,addr_1051
1051,101,827.8804112491066,purchase,dev_1051,addr_1051
1051,104,827.8804112491066,return,dev_1051,addr_1051
1051,113,2406.9569864490336,purchase,dev_1051,addr_1051
1052,47,1334.2334827527259,purchase,dev_1052,addr_1052
1052,67,828.2854105266787,purchase,dev_1052,addr_1052
1053,60,936.1346331223674,purchase,dev_1053,addr_1053
1053,78,1294.6536957025044,purchase,dev_1053,addr_1053
1053,100,1386.2080437916038,purchase,dev_1053,addr_1053
1054,11,2382.6097979072433,purchase,dev_1054,addr_1054
1054,26,1350.9594652397743,purchase,dev_1054,addr_1054
1054,35,1534.8260979706345,purchase,dev_1054,addr_1054
1054,52,3496.0707196512844,purchase,dev_1054,addr_1054
1054,70,494.1244601727111,purchase,dev_1054,addr_1054
1054,73,778.5532795062942,purchase,dev_1054,addr_1054
1055,34,1356.4807530077412,purchase,dev_1055,addr_1055
1056,57,1722.9821213586672,purchase,dev_1056,addr_1056
1056,81,1156.9249680797484,purchase,dev_1056,addr_1056
1056,105,903.0714152175017,purchase,dev_1056,addr_1056
1056,126,1016.0654253954152,purchase,dev_1056,addr_1056
1057,15,1837.5875221697447,purchase,dev_1057,addr_1057
1057,19,1101.504635532363,purchase,dev_1057,addr_1057
1057,37,863.7197509483681,purchase,dev_1057,addr_1057
1057,42,1444.6612016758943,purchase,dev_1057,addr_1057
1057,55,1233.0992655920293,purchase,dev_1057,addr_1057
1058,34,1234.2558322128175,purchase,dev_1058,addr_1058
1058,58,1301.9981817792313,purchase,dev_1058,addr_1058
1058,67,2514.0976681720244,purchase,dev_1058,addr_1058
1058,84,1345.1332853882673,purchase,dev_1058,addr_1058
1058,108,2213.274029263548,purchase,dev_1058,addr_1058
1059,37,1239.4085961263356,purchase,dev_1059,addr_1059
1059,40,1239.4085961263356,return,dev_1059,addr_1059
1059,52,495.52310298947214,purchase,dev_1059,addr_1059
1059,58,1458.126183410873,purchase,dev_1059,addr_1059
1060,51,1998.1853582796916,purchase,dev_1060,addr_1060
1060,55,1355.2508337509914,purchase,dev_1060,addr_1060
1060,56,1998.1853582796916,return,dev_1060,addr_1060
1060,73,2783.258370140139,purchase,dev_1060,addr_1060
1060,81,2411.2317910747806,purchase,dev_1060,addr_1060
1060,93,815.2171344099994,purchase,dev_1060,addr_1060
1060,97,1003.3788453936087,purchase,dev_1060,addr_1060
1060,100,1513.5835092465552,purchase,dev_1060,addr_1060
1061,53,1576.0260447707774,purchase,dev_1061,addr_1061
1061,61,1576.0260447707774,return,dev_1061,addr_1061
1061,72,1228.3374886427275,purchase,dev_1061,addr_1061
1061,85,2060.237298290981,purchase,dev_1061,addr_1061
1061,99,806.9318272640212,purchase,dev_1061,addr_1061
1062,79,816.2003272475996,purchase,dev_1062,addr_1062
1062,82,3113.2129577743012,purchase,dev_1062,addr_1062
1062,85,1313.7492440294584,purchase,dev_1062,addr_1062
1062,90,1656.90634052222,purchase,dev_1062,addr_1062
1063,57,2740.049665951817,purchase,dev_1063,addr_1063
1063,80,1666.9357665880268,purchase,dev_1063,addr_1063
1064,52,3241.033758224808,purchase,dev_1064,addr_1064
1064,75,805.3059686554778,purchase,dev_1064,addr_1064
1064,94,724.8043723689792,purchase,dev_1064,addr_1064
1064,102,1622.8561025798401,purchase,dev_1064,addr_1064
1065,66,1227.309615218098,purchase,dev_1065,addr_1065
1065,70,2633.0680174367753,purchase,dev_1065,addr_1065
1065,91,1020.1516683686621,purchase,dev_1065,addr_1065
1066,29,1139.1249327837613,purchase,dev_1066,addr_1066
1066,41,2271.5281118081284,purchase,dev_1066,addr_1066
1066,54,2141.895158850412,purchase,dev_1066,addr_1066
1066,77,5106.420524706559,purchase,dev_1066,addr_1066
1066,98,849.0858976879822,purchase,dev_1066,addr_1066
1066,114,1134.6818385945023,purchase,dev_1066,addr_1066
1067,13,592.1366475673246,purchase,dev_1067,addr_1067
1067,29,714.0000790171472,purchase,dev_1067,addr_1067
1068,41,1022.9366321492579,purchase,dev_1068,addr_1068
1068,56,2224.1292848714875,purchase,dev_1068,addr_1068
1069,56,2599.1086584114787,purchase,dev_1069,addr_1069
1069,78,1586.9908177039388,purchase,dev_1069,addr_1069
1069,81,1586.9908177039388,return,dev_1069,addr_1069
1069,90,699.4656318031463,purchase,dev_1069,addr_1069
1069,109,917.3940301661864,purchase,dev_1069,addr_1069
1070,25,1265.5717537702167,purchase,dev_1070,addr_1070
1070,38,612.7831930897828,purchase,dev_1070,addr_1070
1070,42,1321.7054068738069,purchase,dev_1070,addr_1070
1071,25,1534.637960746791,purchase,dev_1071,addr_1071
1071,44,801.1147107164329,purchase,dev_1071,addr_1071
1071,62,1243.57752130599,purchase,dev_1071,addr_1071
1072,37,764.9127314837414,purchase,dev_1072,addr_1072
1072,42,2013.4541897764352,purchase,dev_1072,addr_1072
1072,64,1093.5198241770452,purchase,dev_1072,addr_1072
1072,69,3417.591425528863,purchase,dev_1072,addr_1072
1073,52,941.1544002389523,purchase,dev_1073,addr_1073
1073,56,1007.1734583238283,purchase,dev_1073,addr_1073
1073,78,909.8464269622456,purchase,dev_1073,addr_1073
1073,91,650.7425238533651,purchase,dev_1073,addr_1073
1073,101,742.3026829842737,purchase,dev_1073,addr_1073
1073,103,742.3026829842737,return,dev_1073,addr_1073
1074,66,1132.4966139065648,purchase,dev_1074,addr_1074
1074,74,2032.8968555062665,purchase,dev_1074,addr_1074
1074,89,879.4587034617526,purchase,dev_1074,addr_1074
1075,25,944.7809366492154,purchase,dev_1075,addr_1075
1075,48,952.5032007305902,purchase,dev_1075,addr_1075
1075,59,3750.908225972173,purchase,dev_1075,addr_1075
1075,79,2615.1835975672357,purchase,dev_1075,addr_1075
1075,99,2240.3981836032644,purchase,dev_1075,addr_1075
1075,111,824.0888416547616,purchase,dev_1075,addr_1075
1076,48,2073.064360147004,purchase,dev_1076,addr_1076
1076,66,738.653179953792,purchase,dev_1076,addr_1076
1076,75,1115.3070105452089,purchase,dev_1076,addr_1076
1077,75,1279.1686166465963,purchase,dev_1077,addr_1077
1077,84,1833.725003876742,purchase,dev_1077,addr_1077
1077,103,776.2579159782593,purchase,dev_1077,addr_1077
1077,117,675.4482388608282,purchase,dev_1077,addr_1077
1077,120,2156.518230498651,purchase,dev_1077,addr_1077
1077,128,1157.00589483873,purchase,dev_1077,addr_1077
1077,134,1200.7282080641758,purchase,dev_1077,addr_1077
1077,156,936.6359336412285,purchase,dev_1077,addr_1077
1078,51,909.4188163788181,purchase,dev_1078,addr_1078
1078,63,809.0173105768221,purchase,dev_1078,addr_1078
1078,74,1649.1385096674478,purchase,dev_1078,addr_1078
1078,84,902.01851166154,purchase,dev_1078,addr_1078
1078,88,902.01851166154,return,dev_1078,addr_1078
1078,105,723.7788078568019,purchase,dev_1078,addr_1078
1078,117,901.7126658296067,purchase,dev_1078,addr_1078
1078,122,2505.9652899424786,purchase,dev_1078,addr_1078
1079,8,955.2723844550587,purchase,dev_1079,addr_1079
1079,26,1425.5458091335584,purchase,dev_1079,addr_1079
1080,29,1463.86913795182,purchase,dev_1080,addr_1080
1081,46,958.201985738826,purchase,dev_1081,addr_1081
1081,49,1666.30239104255,purchase,dev_1081,addr_1081
1081,60,2433.4662159449786,purchase,dev_1081,addr_1081
1082,48,1684.0361979782983,purchase,dev_1082,addr_1082
1082,63,1566.4167536165558,purchase,dev_1082,addr_1082
1082,85,1685.6169196864514,purchase,dev_1082,addr_1082
1082,96,1136.141487421291,purchase,dev_1082,addr_1082
1083,72,1471.534660309583,purchase,dev_1083,addr_1083
1083,95,847.6237464547193,purchase,dev_1083,addr_1083
1083,117,1078.2612860679508,purchase,dev_1083,addr_1083
1083,139,928.5533397065485,purchase,dev_1083,addr_1083
1083,145,928.5533397065485,return,dev_1083,addr_1083
1083,161,1160.180982120115,purchase,dev_1083,addr_1083
1084,50,1757.333023467223,purchase,dev_1084,addr_1084
1084,60,964.8199802554249,purchase,dev_1084,addr_1084
1084,71,2873.1426110557763,purchase,dev_1084,addr_1084
1084,95,862.499279534907,purchase,dev_1084,addr_1084
1085,19,1344.353541114429,purchase,dev_1085,addr_1085
1085,24,1945.1271307042805,purchase,dev_1085,addr_1085
1086,46,378.90910951503434,purchase,dev_1086,addr_1086
1086,62,870.6425425288439,purchase,dev_1086,addr_1086
1086,66,875.3103962493731,purchase,dev_1086,addr_1086
1086,89,1625.6643437283915,purchase,dev_1086,addr_1086
1086,112,1733.9957738779824,purchase,dev_1086,addr_1086
1087,35,959.7010466347086,purchase,dev_1087,addr_1087
1087,39,959.7010466347086,return,dev_1087,addr_1087
1087,41,2244.38190100525,purchase,dev_1087,addr_1087
1087,60,1740.5492170290252,purchase,dev_1087,addr_1087
1087,83,990.5378141628934,purchase,dev_1087,addr_1087
1087,89,2894.7245419890496,purchase,dev_1087,addr_1087
1087,109,2232.4430565929692,purchase,dev_1087,addr_1087
1087,133,856.3135212154407,purchase,dev_1087,addr_1087
1087,140,1143.3708992393586,purchase,dev_1087,addr_1087
1088,53,540.8266630327436,purchase,dev_1088,addr_1088
1088,67,1347.3754385244129,purchase,dev_1088,addr_1088
1088,74,1688.3955538233151,purchase,dev_1088,addr_1088
1088,94,1384.9700937422003,purchase,dev_1088,addr_1088
1088,106,1689.3230599056892,purchase,dev_1088,addr_1088
1088,123,693.4777044887949,purchase,dev_1088,addr_1088
1089,54,2750.028694622765,purchase,dev_1089,addr_1089
1089,75,3291.6877675159526,purchase,dev_1089,addr_1089
1089,85,704.7429510850073,purchase,dev_1089,addr_1089
1089,106,2120.0205658992522,purchase,dev_1089,addr_1089
1089,123,725.5524643646514,purchase,dev_1089,addr_1089
1089,132,725.5524643646514,return,dev_1089,addr_1089
1089,136,1981.0114635671569,purchase,dev_1089,addr_1089
1090,18,1836.9558271227188,purchase,dev_1090,addr_1090
1090,38,2682.7835802479385,purchase,dev_1090,addr_1090
1091,8,2491.430349367866,purchase,dev_1091,addr_1091
1091,17,1422.5238378630231,purchase,dev_1091,addr_1091
1091,21,1044.9664879968473,purchase,dev_1091,addr_1091
1092,68,1790.2527100151246,purchase,dev_1092,addr_1092
1092,79,1474.7687931279418,purchase,dev_1092,addr_1092
1092,84,895.3003789189064,purchase,dev_1092,addr_1092
1092,95,1669.9008821723062,purchase,dev_1092,addr_1092
1092,119,828.5245143484184,purchase,dev_1092,addr_1092
1092,137,761.2402416815114,purchase,dev_1092,addr_1092
1092,154,912.0735948709028,purchase,dev_1092,addr_1092
1093,41,1847.7085363541,purchase,dev_1093,addr_1093
1093,62,2807.3516638621345,purchase,dev_1093,addr_1093
1093,86,2312.2891821341022,purchase,dev_1093,addr_1093
1093,108,1892.357914056981,purchase,dev_1093,addr_1093
1094,39,1252.4105360245546,purchase,dev_1094,addr_1094
1094,63,852.6158227689658,purchase,dev_1094,addr_1094
1094,70,654.2270723334427,purchase,dev_1094,addr_1094
1094,87,1314.872116083255,purchase,dev_1094,addr_1094
1094,92,1228.351757906567,purchase,dev_1094,addr_1094
1094,107,2568.5122944516343,purchase,dev_1094,addr_1094
1094,127,1078.9984491930559,purchase,dev_1094,addr_1094
1094,143,2232.7518054022003,purchase,dev_1094,addr_1094
1094,164,1169.1054112470072,purchase,dev_1094,addr_1094
1094,169,387.72204991740983,purchase,dev_1094,addr_1094
1095,54,3132.446856632118,purchase,dev_1095,addr_1095
1095,57,3132.446856632118,return,dev_1095,addr_1095
1095,66,1059.888647846682,purchase,dev_1095,addr_1095
1096,21,1817.0865908172918,purchase,dev_1096,addr_1096
1097,25,1177.4134840985405,purchase,dev_1097,addr_1097
1097,48,1580.8423066308646,purchase,dev_1097,addr_1097
1097,57,1013.3969445256305,purchase,dev_1097,addr_1097
1097,66,1013.3969445256305,return,dev_1097,addr_1097
1097,69,1335.4245989214699,purchase,dev_1097,addr_1097
1097,72,2084.060154557982,purchase,dev_1097,addr_1097
1098,26,784.9456274253724,purchase,dev_1098,addr_1098
1098,30,580.938515632475,purchase,dev_1098,addr_1098
1098,34,2432.9547629338886,purchase,dev_1098,addr_1098
1098,38,2424.11184320271,purchase,dev_1098,addr_1098
1098,43,2771.1348308563793,purchase,dev_1098,addr_1098
1098,60,1131.5767234844873,purchase,dev_1098,addr_1098
1099,78,1292.1825259162101,purchase,dev_1099,addr_1099
1099,88,1641.9586219698378,purchase,dev_1099,addr_1099
1100,37,1360.3066532816306,purchase,dev_1100,addr_1100
1100,48,1209.7911177476342,purchase,dev_1100,addr_1100
1100,71,2160.9624677966603,purchase,dev_1100,addr_1100
1100,88,1013.8608489615657,purchase,dev_1100,addr_1100
1100,97,923.3122482365865,purchase,dev_1100,addr_1100
1101,60,3679.0905097191367,purchase,dev_1101,addr_1101
1101,64,3679.0905097191367,return,dev_1101,addr_1101
1101,69,852.6871145196171,purchase,dev_1101,addr_1101
1101,88,1012.0027334250744,purchase,dev_1101,addr_1101
1101,94,1762.2012837352788,purchase,dev_1101,addr_1101
1101,112,1929.968228150235,purchase,dev_1101,addr_1101
1101,132,1104.0275614003885,purchase,dev_1101,addr_1101
1102,21,1333.2178024991213,purchase,dev_1102,addr_1102
1102,26,1535.816487917545,purchase,dev_1102,addr_1102
1102,40,1110.2236389683562,purchase,dev_1102,addr_1102
1102,47,601.5943346046628,purchase,dev_1102,addr_1102
1103,66,1672.8534827897918,purchase,dev_1103,addr_1103
1103,85,2371.4316926426113,purchase,dev_1103,addr_1103
1103,104,2601.3723260512807,purchase,dev_1103,addr_1103
1103,124,1070.205047121215,purchase,dev_1103,addr_1103
1103,135,683.7211450348331,purchase,dev_1103,addr_1103
1104,72,2492.5122238428785,purchase,dev_1104,addr_1104
1104,83,525.1022376110614,purchase,dev_1104,addr_1104
1104,106,1322.7810278547045,purchase,dev_1104,addr_1104
1104,118,1102.8654831496542,purchase,dev_1104,addr_1104
1104,131,1082.0893712017687,purchase,dev_1104,addr_1104
1104,142,2278.641178173627,purchase,dev_1104,addr_1104
1104,150,840.5817691639685,purchase,dev_1104,addr_1104
1105,42,4137.602983165637,purchase,dev_1105,addr_1105
1105,65,1569.7493448303906,purchase,dev_1105,addr_1105
1106,63,1043.2664250156197,purchase,dev_1106,addr_1106
1106,69,615.2788973208453,purchase,dev_1106,addr_1106
1106,83,1687.6273893024404,purchase,dev_1106,addr_1106
1107,52,1246.8029956680184,purchase,dev_1107,addr_1107
1107,65,668.7303086878449,purchase,dev_1107,addr_1107
1107,69,972.1764250505872,purchase,dev_1107,addr_1107
1107,72,2257.7109762038754,purchase,dev_1107,addr_1107
1107,78,1172.262697054468,purchase,dev_1107,addr_1107
1108,38,524.973534763294,purchase,dev_1108,addr_1108
1108,62,1173.2216910617963,purchase,dev_1108,addr_1108
1108,75,843.7001015794006,purchase,dev_1108,addr_1108
1109,31,2551.479083860798,purchase,dev_1109,addr_1109
1109,35,1394.232841022315,purchase,dev_1109,addr_1109
1109,38,1394.232841022315,return,dev_1109,addr_1109
1109,54,764.6582303565687,purchase,dev_1109,addr_1109
1109,78,734.9770272339446,purchase,dev_1109,addr_1109
1109,92,1082.5841373206113,purchase,dev_1109,addr_1109
1109,113,2091.6100058167262,purchase,dev_1109,addr_1109
1110,63,1870.5126816627521,purchase,dev_1110,addr_1110
1110,67,1261.4379663478649,purchase,dev_1110,addr_1110
1110,75,1238.7180404982214,purchase,dev_1110,addr_1110
1110,97,555.0791346647655,purchase,dev_1110,addr_1110
1110,101,555.0791346647655,return,dev_1110,addr_1110
1110,115,4618.178127699804,purchase,dev_1110,addr_1110
1111,64,1398.0883771213307,purchase,dev_1111,addr_1111
1111,80,2231.4588217386136,purchase,dev_1111,addr_1111
1111,90,2462.7076045591134,purchase,dev_1111,addr_1111
1111,109,1310.0190732937283,purchase,dev_1111,addr_1111
1112,23,647.7156475045311,purchase,dev_1112,addr_1112
1112,26,1032.2017417191823,purchase,dev_1112,addr_1112
1112,42,842.2925487136439,purchase,dev_1112,addr_1112
1112,59,1291.2068795115272,purchase,dev_1112,addr_1112
1113,35,2806.7424596208,purchase,dev_1113,addr_1113
1113,53,5287.946773802413,purchase,dev_1113,addr_1113
1113,59,5287.946773802413,return,dev_1113,addr_1113
1113,71,1119.9919932778048,purchase,dev_1113,addr_1113
1113,73,1119.9919932778048,return,dev_1113,addr_1113
1113,87,2122.602562975067,purchase,dev_1113,addr_1113
1113,92,2295.136921922043,purchase,dev_1113,addr_1113
1113,103,1616.7221027427981,purchase,dev_1113,addr_1113
1114,24,2179.8623998253784,purchase,dev_1114,addr_1114
1114,42,1008.6619651971941,purchase,dev_1114,addr_1114
1114,60,2208.6180478592278,purchase,dev_1114,addr_1114
1114,80,2865.467261846653,purchase,dev_1114,addr_1114
1114,83,1833.5860552512565,purchase,dev_1114,addr_1114
1115,43,2504.023201397842,purchase,dev_1115,addr_1115
1115,67,1526.1869238407567,purchase,dev_1115,addr_1115
1116,46,374.9278214592007,purchase,dev_1116,addr_1116
1116,54,589.3386268976474,purchase,dev_1116,addr_1116
1116,77,1251.0767807958691,purchase,dev_1116,addr_1116
1116,84,803.7845205749451,purchase,dev_1116,addr_1116
1116,92,948.2849429865396,purchase,dev_1116,addr_1116
1116,96,1293.896303274494,purchase,dev_1116,addr_1116
1117,35,955.826283690673,purchase,dev_1117,addr_1117
1117,57,851.0297026098796,purchase,dev_1117,addr_1117
1117,61,1314.6842129394688,purchase,dev_1117,addr_1117
1117,84,630.0593096003768,purchase,dev_1117,addr_1117
1118,66,2224.783191425294,purchase,dev_1118,addr_1118
1118,90,791.7284783993101,purchase,dev_1118,addr_1118
1118,103,3311.249028182814,purchase,dev_1118,addr_1118
1118,125,1218.790889900345,purchase,dev_1118,addr_1118
1119,40,1714.947650495157,purchase,dev_1119,addr_1119
1119,46,878.2756761596372,purchase,dev_1119,addr_1119
1119,59,2152.4542202678836,purchase,dev_1119,addr_1119
1119,81,1737.6820814887799,purchase,dev_1119,addr_1119
1120,19,935.9756041288528,purchase,dev_1120,addr_1120
1120,42,1791.6463445824809,purchase,dev_1120,addr_1120
1120,47,947.395597319916,purchase,dev_1120,addr_1120
1120,62,2340.8248427130543,purchase,dev_1120,addr_1120
1120,76,961.6571450113643,purchase,dev_1120,addr_1120
1120,91,1114.6475724926004,purchase,dev_1120,addr_1120
1120,99,3856.7671225790677,purchase,dev_1120,addr_1120
1120,111,2062.0755497970968,purchase,dev_1120,addr_1120
1120,119,2062.0755497970968,return,dev_1120,addr_1120
1120,130,4234.540229437502,purchase,dev_1120,addr_1120
1120,153,1507.4694456613058,purchase,dev_1120,addr_1120
1121,40,1931.4701809734631,purchase,dev_1121,addr_1121
1121,59,2624.9211676599343,purchase,dev_1121,addr_1121
1121,62,1290.645687080992,purchase,dev_1121,addr_1121
1121,79,1863.5575701700723,purchase,dev_1121,addr_1121
1121,93,1616.2120689572582,purchase,dev_1121,addr_1121
1121,101,1477.4823884414732,purchase,dev_1121,addr_1121
1121,109,1790.8383786260301,purchase,dev_1121,addr_1121
1122,66,932.089947831836,purchase,dev_1122,addr_1122
1122,88,867.1857693298263,purchase,dev_1122,addr_1122
1122,95,1866.0959773902546,purchase,dev_1122,addr_1122
1122,110,1187.9304652803548,purchase,dev_1122,addr_1122
1122,114,846.766993923466,purchase,dev_1122,addr_1122
1123,69,1040.1296232503803,purchase,dev_1123,addr_1123
1123,85,1070.8988806044645,purchase,dev_1123,addr_1123
1123,89,1070.8988806044645,return,dev_1123,addr_1123
1123,95,1545.3249480268742,purchase,dev_1123,addr_1123
1123,101,1545.3249480268742,return,dev_1123,addr_1123
1123,101,885.6041542033563,purchase,dev_1123,addr_1123
1123,120,1040.5947654495837,purchase,dev_1123,addr_1123
1124,44,2371.0917326950453,purchase,dev_1124,addr_1124
1124,49,1004.497292983854,purchase,dev_1124,addr_1124
1124,60,1651.061447328947,purchase,dev_1124,addr_1124
1124,77,938.5060392655485,purchase,dev_1124,addr_1124
1124,85,1063.757636499899,purchase,dev_1124,addr_1124
1125,51,1622.593331935671,purchase,dev_1125,addr_1125
1125,54,1202.354029268953,purchase,dev_1125,addr_1125
1125,57,1202.354029268953,return,dev_1125,addr_1125
1126,66,2904.3096753495092,purchase,dev_1126,addr_1126
1126,75,747.5829859663324,purchase,dev_1126,addr_1126
1126,86,1213.3390520637731,purchase,dev_1126,addr_1126
1126,104,2632.2000855096076,purchase,dev_1126,addr_1126
1127,63,1692.0744386572442,purchase,dev_1127,addr_1127
1127,80,3218.5186828424266,purchase,dev_1127,addr_1127
1128,56,847.6549226676161,purchase,dev_1128,addr_1128
1128,80,1027.8664053820683,purchase,dev_1128,addr_1128
1128,84,2153.430961904485,purchase,dev_1128,addr_1128
1128,101,3782.032025216746,purchase,dev_1128,addr_1128
1129,26,1500.5486476097649,purchase,dev_1129,addr_1129
1129,29,1276.268319194736,purchase,dev_1129,addr_1129
1129,36,1258.153286173857,purchase,dev_1129,addr_1129
1129,48,713.691464654937,purchase,dev_1129,addr_1129
1129,63,1788.2388988748933,purchase,dev_1129,addr_1129
1130,37,750.0365152869543,purchase,dev_1130,addr_1130
1130,40,1027.8703134124887,purchase,dev_1130,addr_1130
1130,51,3963.412513204869,purchase,dev_1130,addr_1130
1130,70,1853.9270201268127,purchase,dev_1130,addr_1130
1131,62,484.02485215966954,purchase,dev_1131,addr_1131
1131,65,877.8012281360672,purchase,dev_1131,addr_1131
1131,81,1802.3050502730732,purchase,dev_1131,addr_1131
1132,42,830.6992962128875,purchase,dev_1132,addr_1132
1132,51,859.3575352070684,purchase,dev_1132,addr_1132
1132,73,1607.141142333063,purchase,dev_1132,addr_1132
1132,93,1628.2535040905752,purchase,dev_1132,addr_1132
1132,99,1737.3397898566777,purchase,dev_1132,addr_1132
1132,112,2037.6216894850645,purchase,dev_1132,addr_1132
1132,135,1414.4584200372888,purchase,dev_1132,addr_1132
1132,139,1505.0381085645192,purchase,dev_1132,addr_1132
1133,50,1402.0698479585246,purchase,dev_1133,addr_1133
1134,56,958.6077295612156,purchase,dev_1134,addr_1134
1134,59,1932.8171748118075,purchase,dev_1134,addr_1134
1134,76,919.4709770601647,purchase,dev_1134,addr_1134
1134,80,914.3954587936929,purchase,dev_1134,addr_1134
1135,50,1639.8116677105038,purchase,dev_1135,addr_1135
1135,53,1639.8116677105038,return,dev_1135,addr_1135
1135,73,1320.8443802789575,purchase,dev_1135,addr_1135
1135,86,2025.2561177337668,purchase,dev_1135,addr_1135
1135,101,1534.2956603079697,purchase,dev_1135,addr_1135
1135,121,835.3668961861589,purchase,dev_1135,addr_1135
1136,52,2100.5314499666597,purchase,dev_1136,addr_1136
1136,58,2128.3513215438,purchase,dev_1136,addr_1136
1136,66,2128.3513215438,return,dev_1136,addr_1136
1136,77,412.026431863436,purchase,dev_1136,addr_1136
1136,91,511.99576922016104,purchase,dev_1136,addr_1136
1136,95,511.99576922016104,return,dev_1136,addr_1136
1137,28,1687.5799995424236,purchase,dev_1137,addr_1137
1137,33,2929.4110464889577,purchase,dev_1137,addr_1137
1137,48,2132.566307997328,purchase,dev_1137,addr_1137
1138,27,1525.839686377978,purchase,dev_1138,addr_1138
1138,39,1039.5840628618364,purchase,dev_1138,addr_1138
1138,51,1046.3410050325726,purchase,dev_1138,addr_1138
1138,62,648.9139239007367,purchase,dev_1138,addr_1138
1139,63,1651.5132787851387,purchase,dev_1139,addr_1139
1139,77,975.7677355723104,purchase,dev_1139,addr_1139
1140,21,2275.227482456964,purchase,dev_1140,addr_1140
1140,29,1132.8520561114497,purchase,dev_1140,addr_1140
1140,51,2997.6890907112183,purchase,dev_1140,addr_1140
1140,55,2997.6890907112183,return,dev_1140,addr_1140
1140,57,712.1444072783173,purchase,dev_1140,addr_1140
1140,71,1675.7911707497797,purchase,dev_1140,addr_1140
1140,74,1531.3896839958581,purchase,dev_1140,addr_1140
1141,76,854.5429697947783,purchase,dev_1141,addr_1141
1141,90,3242.065713396722,purchase,dev_1141,addr_1141
1141,101,1582.9671635553996,purchase,dev_1141,addr_1141
1141,108,1680.99259272116,purchase,dev_1141,addr_1141
1141,113,1911.4615909822605,purchase,dev_1141,addr_1141
1142,25,1749.2116999983598,purchase,dev_1142,addr_1142
1142,44,651.2487143543905,purchase,dev_1142,addr_1142
1142,68,463.54635590465824,purchase,dev_1142,addr_1142
1142,76,463.54635590465824,return,dev_1142,addr_1142
1142,80,2365.1381106362533,purchase,dev_1142,addr_1142
1142,87,802.6668259519195,purchase,dev_1142,addr_1142
1143,61,1864.3307366041993,purchase,dev_1143,addr_1143
1143,85,1626.847437215816,purchase,dev_1143,addr_1143
1143,102,1710.4366666032975,purchase,dev_1143,addr_1143
1143,126,2781.076018288677,purchase,dev_1143,addr_1143
1144,39,686.8724276518403,purchase,dev_1144,addr_1144
1144,60,847.2059097069923,purchase,dev_1144,addr_1144
1144,68,2391.4947192792324,purchase,dev_1144,addr_1144
1145,65,1632.2146334127735,purchase,dev_1145,addr_1145
1145,85,2154.114889781028,purchase,dev_1145,addr_1145
1146,61,2788.080895357895,purchase,dev_1146,addr_1146
1146,83,702.9858646210357,purchase,dev_1146,addr_1146
1146,86,2475.887092474608,purchase,dev_1146,addr_1146
1147,49,1863.0758700932613,purchase,dev_1147,addr_1147
1147,67,4328.411053361045,purchase,dev_1147,addr_1147
1147,82,709.1858851071967,purchase,dev_1147,addr_1147
1147,88,1936.5648134964936,purchase,dev_1147,addr_1147
1147,108,840.8455767893394,purchase,dev_1147,addr_1147
1147,119,1598.6527336817853,purchase,dev_1147,addr_1147
1148,33,1062.4037151164353,purchase,dev_1148,addr_1148
1148,51,2597.9132464915524,purchase,dev_1148,addr_1148
1148,75,1435.7026834251715,purchase,dev_1148,addr_1148
1149,67,1851.918809098166,purchase,dev_1149,addr_1149
1149,81,1485.8308209634527,purchase,dev_1149,addr_1149
1150,29,858.863225851342,purchase,dev_1150,addr_1150
1150,35,1180.633025787627,purchase,dev_1150,addr_1150
1150,45,629.8883235823607,purchase,dev_1150,addr_1150
1151,69,708.0636015473846,purchase,dev_1151,addr_1151
1151,79,3009.694104483581,purchase,dev_1151,addr_1151
1151,89,2245.1939973350086,purchase,dev_1151,addr_1151
1151,98,412.99548043828645,purchase,dev_1151,addr_1151
1151,109,1939.2215851929009,purchase,dev_1151,addr_1151
1152,40,666.6543209094832,purchase,dev_1152,addr_1152
1152,44,1728.2558708981092,purchase,dev_1152,addr_1152
1152,47,1728.2558708981092,return,dev_1152,addr_1152
1152,52,406.09955811714127,purchase,dev_1152,addr_1152
1152,56,2400.4236615320388,purchase,dev_1152,addr_1152
1152,73,1805.194124276617,purchase,dev_1152,addr_1152
1152,80,2741.5218727098163,purchase,dev_1152,addr_1152
1153,34,2962.4910175229356,purchase,dev_1153,addr_1153
1153,44,844.8914758520151,purchase,dev_1153,addr_1153
1153,52,632.838906082017,purchase,dev_1153,addr_1153
1153,57,1872.0837234725793,purchase,dev_1153,addr_1153
1153,60,1872.0837234725793,return,dev_1153,addr_1153
1153,66,1690.2732271588875,purchase,dev_1153,addr_1153
1153,73,2732.148616014923,purchase,dev_1153,addr_1153
1154,13,487.2219700655553,purchase,dev_1154,addr_1154
1154,17,487.2219700655553,return,dev_1154,addr_1154
1154,19,885.2092720176246,purchase,dev_1154,addr_1154
1154,23,1321.8758025198676,purchase,dev_1154,addr_1154
1154,38,778.3355937849204,purchase,dev_1154,addr_1154
1155,24,814.5644809681403,purchase,dev_1155,addr_1155
1155,31,1772.3745752397408,purchase,dev_1155,addr_1155
1155,33,814.5644809681403,return,dev_1155,addr_1155
1155,54,1549.8766123049527,purchase,dev_1155,addr_1155
1155,57,1549.8766123049527,return,dev_1155,addr_1155
1155,62,1516.4205268394066,purchase,dev_1155,addr_1155
1156,50,2183.2019431618646,purchase,dev_1156,addr_1156
1156,53,1164.675744051121,purchase,dev_1156,addr_1156
1156,67,2359.6286197389027,purchase,dev_1156,addr_1156
1156,86,1213.5930789927622,purchase,dev_1156,addr_1156
1156,110,566.3649336322923,purchase,dev_1156,addr_1156
1156,129,1192.719161903938,purchase,dev_1156,addr_1156
1156,137,1320.4078991767665,purchase,dev_1156,addr_1156
1156,145,1348.5169514037436,purchase,dev_1156,addr_1156
1157,17,1980.0498472535169,purchase,dev_1157,addr_1157
1157,38,1345.2321142646863,purchase,dev_1157,addr_1157
1157,48,1341.0429921413377,purchase,dev_1157,addr_1157
1158,56,1776.0080387100747,purchase,dev_1158,addr_1158
1158,65,1440.681002986026,purchase,dev_1158,addr_1158
1158,70,1440.681002986026,return,dev_1158,addr_1158
1159,38,3942.187752611344,purchase,dev_1159,addr_1159
1159,54,1654.5501002256137,purchase,dev_1159,addr_1159
1159,77,2163.4439370046834,purchase,dev_1159,addr_1159
1159,86,2163.4439370046834,return,dev_1159,addr_1159
1160,31,1679.0843575655392,purchase,dev_1160,addr_1160
1160,40,1679.0843575655392,return,dev_1160,addr_1160
1160,47,1169.3506282253052,purchase,dev_1160,addr_1160
1160,54,703.1533362747839,purchase,dev_1160,addr_1160
1161,48,922.5330572984457,purchase,dev_1161,addr_1161
1161,71,1575.5607472735414,purchase,dev_1161,addr_1161
1161,82,662.3582873729702,purchase,dev_1161,addr_1161
1161,100,1731.7425139074405,purchase,dev_1161,addr_1161
1161,117,1150.1179420920982,purchase,dev_1161,addr_1161
1161,132,1509.3668376209177,purchase,dev_1161,addr_1161
1161,137,1509.3668376209177,return,dev_1161,addr_1161
1161,153,841.9247096889408,purchase,dev_1161,addr_1161
1161,160,1209.8336924296345,purchase,dev_1161,addr_1161
1162,57,587.752883531691,purchase,dev_1162,addr_1162
1162,65,975.2008467688061,purchase,dev_1162,addr_1162
1162,69,1423.7155447459847,purchase,dev_1162,addr_1162
1163,64,913.0710423983437,purchase,dev_1163,addr_1163
1163,84,1939.406260151517,purchase,dev_1163,addr_1163
1163,107,1211.204298798741,purchase,dev_1163,addr_1163
1164,28,1611.2702547430406,purchase,dev_1164,addr_1164
1164,43,1744.0946080724018,purchase,dev_1164,addr_1164
1164,60,1918.7012149546788,purchase,dev_1164,addr_1164
1165,29,1895.3456726516392,purchase,dev_1165,addr_1165
1165,51,2715.592886483475,purchase,dev_1165,addr_1165
1165,72,917.4559781090887,purchase,dev_1165,addr_1165
1166,53,1010.1572280383976,purchase,dev_1166,addr_1166
1166,56,1234.334917196195,purchase,dev_1166,addr_1166
1166,77,698.4155178813529,purchase,dev_1166,addr_1166
1166,96,508.7164523646331,purchase,dev_1166,addr_1166
1167,29,3564.271631231308,purchase,dev_1167,addr_1167
1167,39,1061.8496424448435,purchase,dev_1167,addr_1167
1167,46,1324.1435383551539,purchase,dev_1167,addr_1167
1167,65,1604.7430056971605,purchase,dev_1167,addr_1167
1167,78,337.7695914052743,purchase,dev_1167,addr_1167
1168,47,1125.6758418065606,purchase,dev_1168,addr_1168
1168,64,1633.5525170213402,purchase,dev_1168,addr_1168
1169,63,1476.8461045958215,purchase,dev_1169,addr_1169
1169,67,862.0833627205268,purchase,dev_1169,addr_1169
1169,75,2336.0667817866574,purchase,dev_1169,addr_1169
1169,80,903.9446644369226,purchase,dev_1169,addr_1169
1169,103,2105.658724095149,purchase,dev_1169,addr_1169
1169,118,1112.906183544311,purchase,dev_1169,addr_1169
1170,32,2491.227805496306,purchase,dev_1170,addr_1170
1170,37,1268.3525353344123,purchase,dev_1170,addr_1170
1170,53,1369.9835351437423,purchase,dev_1170,addr_1170
1171,71,1066.1643324292286,purchase,dev_1171,addr_1171
1171,79,2788.6092019226808,purchase,dev_1171,addr_1171
1171,91,1279.5176712601287,purchase,dev_1171,addr_1171
1171,105,1434.1707230042423,purchase,dev_1171,addr_1171
1171,113,2906.853081899557,purchase,dev_1171,addr_1171
1171,128,1193.470258390245,purchase,dev_1171,addr_1171
1172,39,1242.4434105967373,purchase,dev_1172,addr_1172
1172,55,998.7104515489991,purchase,dev_1172,addr_1172
1172,61,1239.1778986369297,purchase,dev_1172,addr_1172
1173,26,1297.9893441826077,purchase,dev_1173,addr_1173
1173,30,1353.3646379241852,purchase,dev_1173,addr_1173
1173,48,1046.1733371727794,purchase,dev_1173,addr_1173
1174,9,1458.516540438496,purchase,dev_1174,addr_1174
1174,22,2299.6882172826013,purchase,dev_1174,addr_1174
1174,36,1082.2311868282184,purchase,dev_1174,addr_1174
1174,51,1219.1025045576403,purchase,dev_1174,addr_1174
1175,53,1832.3213536384035,purchase,dev_1175,addr_1175
1175,56,959.5781311437082,purchase,dev_1175,addr_1175
1175,66,2292.0366181925506,purchase,dev_1175,addr_1175
1176,48,1821.5586380805291,purchase,dev_1176,addr_1176
1176,55,1800.111250069256,purchase,dev_1176,addr_1176
1176,65,1168.9703553235663,purchase,dev_1176,addr_1176
1176,89,544.6012465880314,purchase,dev_1176,addr_1176
1177,46,1749.3935600614896,purchase,dev_1177,addr_1177
1177,60,1043.780765157637,purchase,dev_1177,addr_1177
1178,27,1008.7673701971047,purchase,dev_1178,addr_1178
1178,42,1578.0346210049595,purchase,dev_1178,addr_1178
1178,50,476.60133634458015,purchase,dev_1178,addr_1178
1178,61,1727.8182581622114,purchase,dev_1178,addr_1178
1179,60,3128.5341122008736,purchase,dev_1179,addr_1179
1179,82,1140.007329626542,purchase,dev_1179,addr_1179
1179,86,3891.3689449758135,purchase,dev_1179,addr_1179
1179,108,1312.4459655736675,purchase,dev_1179,addr_1179
1179,126,1854.8016857382113,purchase,dev_1179,addr_1179
1179,132,930.5619036917733,purchase,dev_1179,addr_1179
1179,155,1659.5895767206353,purchase,dev_1179,addr_1179
1179,175,760.5160291723096,purchase,dev_1179,addr_1179
1180,15,2366.3679072659447,purchase,dev_1180,addr_1180
1180,29,1510.9823020666847,purchase,dev_1180,addr_1180
1180,36,486.3283864502131,purchase,dev_1180,addr_1180
1180,42,891.296879068873,purchase,dev_1180,addr_1180
1181,40,653.7921911941878,purchase,dev_1181,addr_1181
1181,58,792.7523338558252,purchase,dev_1181,addr_1181
1181,64,2043.2518459164203,purchase,dev_1181,addr_1181
1181,78,1114.9066418448308,purchase,dev_1181,addr_1181
1181,95,1837.4883685862037,purchase,dev_1181,addr_1181
1182,46,2411.0079344555434,purchase,dev_1182,addr_1182
1182,49,2717.317048016907,purchase,dev_1182,addr_1182
1182,70,1087.8501412851604,purchase,dev_1182,addr_1182
1182,88,2434.630739126163,purchase,dev_1182,addr_1182
1183,42,1958.6687685800155,purchase,dev_1183,addr_1183
1183,49,907.6359509313751,purchase,dev_1183,addr_1183
1183,72,1232.3150121639123,purchase,dev_1183,addr_1183
1183,83,4208.108853976023,purchase,dev_1183,addr_1183
1184,63,1641.366752721671,purchase,dev_1184,addr_1184
1184,81,700.4760888319914,purchase,dev_1184,addr_1184
1184,89,3321.1859290937905,purchase,dev_1184,addr_1184
1184,113,1175.068259113921,purchase,dev_1184,addr_1184
1185,21,678.00715835863,purchase,dev_1185,addr_1185
1185,28,935.2007245574364,purchase,dev_1185,addr_1185
1185,42,1715.9073856367659,purchase,dev_1185,addr_1185
1185,62,1266.0286058255776,purchase,dev_1185,addr_1185
1186,40,1357.3375050063726,purchase,dev_1186,addr_1186
1186,63,1098.8107426431268,purchase,dev_1186,addr_1186
1186,76,536.6759601139693,purchase,dev_1186,addr_1186
1186,85,536.6759601139693,return,dev_1186,addr_1186
1186,88,1366.2769519208298,purchase,dev_1186,addr_1186
1186,104,1697.979489143824,purchase,dev_1186,addr_1186
1187,38,1639.3438917786643,purchase,dev_1187,addr_1187
1187,52,2847.453554296675,purchase,dev_1187,addr_1187
1187,69,1416.7451063715457,purchase,dev_1187,addr_1187
1187,76,466.67024371983194,purchase,dev_1187,addr_1187
1188,35,2730.9991504780414,purchase,dev_1188,addr_1188
1188,48,1080.5560071208724,purchase,dev_1188,addr_1188
1188,55,2081.1489628868994,purchase,dev_1188,addr_1188
1188,57,2081.1489628868994,return,dev_1188,addr_1188
1188,69,1245.7148122674291,purchase,dev_1188,addr_1188
1189,22,1823.667325789011,purchase,dev_1189,addr_1189
1189,41,1762.1158538646391,purchase,dev_1189,addr_1189
1189,52,1780.558534869556,purchase,dev_1189,addr_1189
1189,58,1614.0995756965565,purchase,dev_1189,addr_1189
1190,52,1698.562983473342,purchase,dev_1190,addr_1190
1190,68,2975.0520069978043,purchase,dev_1190,addr_1190
1190,85,2256.464442746288,purchase,dev_1190,addr_1190
1190,96,385.7580048475249,purchase,dev_1190,addr_1190
1190,118,1335.3379386407687,purchase,dev_1190,addr_1190
1190,134,1043.3290620308048,purchase,dev_1190,addr_1190
1191,56,816.7756598034003,purchase,dev_1191,addr_1191
1191,69,2336.756919557982,purchase,dev_1191,addr_1191
1191,83,1485.293679720894,purchase,dev_1191,addr_1191
1191,103,903.3187115578601,purchase,dev_1191,addr_1191
1192,37,464.8630628714586,purchase,dev_1192,addr_1192
1192,54,659.3110880499858,purchase,dev_1192,addr_1192
1193,35,1406.5191124040482,purchase,dev_1193,addr_1193
1193,53,1434.1722707344109,purchase,dev_1193,addr_1193
1193,73,3318.861717590233,purchase,dev_1193,addr_1193
1193,96,2454.7874041642085,purchase,dev_1193,addr_1193
1194,49,922.4796796236215,purchase,dev_1194,addr_1194
1194,65,1069.1330258507785,purchase,dev_1194,addr_1194
1194,88,1075.4267400654658,purchase,dev_1194,addr_1194
1194,110,1367.2002406861207,purchase,dev_1194,addr_1194
1194,124,765.3807593535306,purchase,dev_1194,addr_1194
1195,50,1118.2301197094932,purchase,dev_1195,addr_1195
1195,55,615.0325989844624,purchase,dev_1195,addr_1195
1195,62,2104.9067243673485,purchase,dev_1195,addr_1195
1196,29,1538.4438064412745,purchase,dev_1196,addr_1196
1196,31,1538.4438064412745,return,dev_1196,addr_1196
1196,45,1513.4925461768344,purchase,dev_1196,addr_1196
1196,60,1319.9793031405763,purchase,dev_1196,addr_1196
1196,83,1369.5533852191,purchase,dev_1196,addr_1196
1196,87,1629.5324344648236,purchase,dev_1196,addr_1196
1197,32,2170.711371490037,purchase,dev_1197,addr_1197
1197,55,793.5930928096133,purchase,dev_1197,addr_1197
1197,62,1752.5612808895178,purchase,dev_1197,addr_1197
1197,73,1442.5571686174258,purchase,dev_1197,addr_1197
1198,31,796.8357104738727,purchase,dev_1198,addr_1198
1198,42,1587.979142748672,purchase,dev_1198,addr_1198
1198,59,1719.4504838442401,purchase,dev_1198,addr_1198
1199,12,1723.3868858146031,purchase,dev_1199,addr_1199
1199,31,1035.513399939852,purchase,dev_1199,addr_1199
1199,53,787.2269684130817,purchase,dev_1199,addr_1199
1199,69,2404.295362472671,purchase,dev_1199,addr_1199
1200,83,1638.868683697947,purchase,dev_1200,addr_1200
1200,102,1593.6120042182747,purchase,dev_1200,addr_1200
1200,109,848.0887784042579,purchase,dev_1200,addr_1200
1200,129,1327.0574676921492,purchase,dev_1200,addr_1200
1200,145,2109.294299716828,purchase,dev_1200,addr_1200
1200,167,2713.8699914646577,purchase,dev_1200,addr_1200
1200,179,1158.8429197153705,purchase,dev_1200,addr_1200
1200,194,1188.9085710571055,purchase,dev_1200,addr_1200
1201,21,2265.2121480163737,purchase,dev_1201,addr_1201
1201,25,1408.1689697103452,purchase,dev_1201,addr_1201
1201,34,1212.787297441903,purchase,dev_1201,addr_1201
1201,43,2153.149461570281,purchase,dev_1201,addr_1201
1202,67,1529.3432565632907,purchase,dev_1202,addr_1202
1202,72,2139.7050284739757,purchase,dev_1202,addr_1202
1202,92,2494.068898317238,purchase,dev_1202,addr_1202
1202,96,1091.3064770502906,purchase,dev_1202,addr_1202
1202,117,1215.9376888841548,purchase,dev_1202,addr_1202
1202,131,2394.7637668164402,purchase,dev_1202,addr_1202
1202,140,1559.3042444813145,purchase,dev_1202,addr_1202
1202,161,1836.1582441497987,purchase,dev_1202,addr_1202
1203,24,1335.9227609229986,purchase,dev_1203,addr_1203
1203,41,455.3783250766327,purchase,dev_1203,addr_1203
1203,57,2207.8567694938793,purchase,dev_1203,addr_1203
1203,74,1468.2178277538865,purchase,dev_1203,addr_1203
1203,89,2106.7625098959343,purchase,dev_1203,addr_1203
1204,70,543.3745105829616,purchase,dev_1204,addr_1204
1204,78,2144.906243465024,purchase,dev_1204,addr_1204
1204,82,2173.2142345441744,purchase,dev_1204,addr_1204
1204,106,660.1994627141422,purchase,dev_1204,addr_1204
1204,109,3005.2795410975937,purchase,dev_1204,addr_1204
1204,117,1223.1562482454403,purchase,dev_1204,addr_1204
1205,22,2002.3803293909418,purchase,dev_1205,addr_1205
1205,34,726.6459082463541,purchase,dev_1205,addr_1205
1205,55,1504.4753040413157,purchase,dev_1205,addr_1205
1205,79,1839.9614846490142,purchase,dev_1205,addr_1205
1205,83,1160.9121697294843,purchase,dev_1205,addr_1205
1206,79,1665.492612122043,purchase,dev_1206,addr_1206
1206,90,661.1297765275932,purchase,dev_1206,addr_1206
1206,96,1475.5067388195357,purchase,dev_1206,addr_1206
1206,116,1090.2839751410318,purchase,dev_1206,addr_1206
1206,125,2167.8439419933497,purchase,dev_1206,addr_1206
1206,136,2728.5746964904747,purchase,dev_1206,addr_1206
1207,56,911.089005616009,purchase,dev_1207,addr_1207
1207,61,3372.9065066001494,purchase,dev_1207,addr_1207
1207,67,911.7403169015165,purchase,dev_1207,addr_1207
1207,72,4154.38688086055,purchase,dev_1207,addr_1207
1207,86,1408.8325494040987,purchase,dev_1207,addr_1207
1207,93,1608.428685344279,purchase,dev_1207,addr_1207
1208,22,2130.8751828513687,purchase,dev_1208,addr_1208
1208,29,1584.0149863218621,purchase,dev_1208,addr_1208
1209,36,1641.638957064186,purchase,dev_1209,addr_1209
1209,50,1664.9903305873497,purchase,dev_1209,addr_1209
1209,70,805.7006318458074,purchase,dev_1209,addr_1209
1209,79,706.5121086882157,purchase,dev_1209,addr_1209
1210,76,908.1731846454898,purchase,dev_1210,addr_1210
1210,89,2994.111329989336,purchase,dev_1210,addr_1210
1211,32,3054.1098191206306,purchase,dev_1211,addr_1211
1211,45,978.576321698864,purchase,dev_1211,addr_1211
1211,65,1328.9330174649149,purchase,dev_1211,addr_1211
1211,85,1380.8030445604152,purchase,dev_1211,addr_1211
1211,88,577.7533380935624,purchase,dev_1211,addr_1211
1211,91,886.0678506631211,purchase,dev_1211,addr_1211
1211,94,1380.8030445604152,return,dev_1211,addr_1211
1212,66,2876.64247192703,purchase,dev_1212,addr_1212
1212,69,1893.6470797038073,purchase,dev_1212,addr_1212
1212,83,3973.433537919774,purchase,dev_1212,addr_1212
1212,88,1160.7096458245026,purchase,dev_1212,addr_1212
1213,35,2426.417339188389,purchase,dev_1213,addr_1213
1214,21,772.3955820321362,purchase,dev_1214,addr_1214
1214,24,1858.86387136879,purchase,dev_1214,addr_1214
1214,32,1101.2946599841869,purchase,dev_1214,addr_1214
1214,35,1138.2228498777276,purchase,dev_1214,addr_1214
1215,49,3244.0394822320873,purchase,dev_1215,addr_1215
1215,70,1431.544911588706,purchase,dev_1215,addr_1215
1215,90,517.699877604867,purchase,dev_1215,addr_1215
1215,113,464.1944455288871,purchase,dev_1215,addr_1215
1215,115,464.1944455288871,return,dev_1215,addr_1215
1216,29,1649.2803814996862,purchase,dev_1216,addr_1216
1216,42,455.00479125131415,purchase,dev_1216,addr_1216
1217,51,958.8678437258454,purchase,dev_1217,addr_1217
1217,63,489.8816739597955,purchase,dev_1217,addr_1217
1217,86,1034.8349435812227,purchase,dev_1217,addr_1217
1218,53,774.8894565504876,purchase,dev_1218,addr_1218
1218,67,996.5991312759287,purchase,dev_1218,addr_1218
1218,75,2327.2097053986704,purchase,dev_1218,addr_1218
1218,89,1741.6564610752828,purchase,dev_1218,addr_1218
1219,59,1765.0994499808085,purchase,dev_1219,addr_1219
1219,66,868.9834616110013,purchase,dev_1219,addr_1219
1219,70,1484.610531243249,purchase,dev_1219,addr_1219
1219,82,1148.7449477295158,purchase,dev_1219,addr_1219
1219,91,2192.556287442976,purchase,dev_1219,addr_1219
1220,57,610.5018922856777,purchase,dev_1220,addr_1220
1220,81,1738.3958207868848,purchase,dev_1220,addr_1220
1220,84,562.4458824190441,purchase,dev_1220,addr_1220
1220,89,3442.249436448654,purchase,dev_1220,addr_1220
1220,99,1229.8856927074696,purchase,dev_1220,addr_1220
1221,20,880.7150615263798,purchase,dev_1221,addr_1221
1221,30,1096.3496614824533,purchase,dev_1221,addr_1221
1221,49,1118.7814415145851,purchase,dev_1221,addr_1221
1222,55,1929.971887333469,purchase,dev_1222,addr_1222
1222,67,809.6476747358695,purchase,dev_1222,addr_1222
1222,70,1406.1325973545606,purchase,dev_1222,addr_1222
1222,87,2555.028115703838,purchase,dev_1222,addr_1222
1223,39,767.0904444357225,purchase,dev_1223,addr_1223
1223,49,2900.17691418494,purchase,dev_1223,addr_1223
1223,61,2476.150851958731,purchase,dev_1223,addr_1223
1223,69,1863.2139141557489,purchase,dev_1223,addr_1223
1223,80,2661.3493350244257,purchase,dev_1223,addr_1223
1224,49,3258.6063067621976,purchase,dev_1224,addr_1224
1224,66,1733.9634369390062,purchase,dev_1224,addr_1224
1224,79,1878.528392012043,purchase,dev_1224,addr_1224
1224,99,2114.508680622815,purchase,dev_1224,addr_1224
1224,104,2114.508680622815,return,dev_1224,addr_1224
1225,10,3206.340157587371,purchase,dev_1225,addr_1225
1225,15,1931.6984117225638,purchase,dev_1225,addr_1225
1226,37,2561.5023378215146,purchase,dev_1226,addr_1226
1226,45,2102.0141804393015,purchase,dev_1226,addr_1226
1226,52,1239.53507471328,purchase,dev_1226,addr_1226
1226,65,894.6287408446572,purchase,dev_1226,addr_1226
1227,47,788.491773190903,purchase,dev_1227,addr_1227
1227,56,1194.7232031990916,purchase,dev_1227,addr_1227
1227,65,3127.0442382308133,purchase,dev_1227,addr_1227
1228,21,2193.2048206129934,purchase,dev_1228,addr_1228
1228,28,1823.439056702158,purchase,dev_1228,addr_1228
1229,68,1228.1529478172804,purchase,dev_1229,addr_1229
1229,82,5988.313996847779,purchase,dev_1229,addr_1229
1229,100,4354.939219345359,purchase,dev_1229,addr_1229
1229,110,1136.2920790732996,purchase,dev_1229,addr_1229
1229,116,1136.2920790732996,return,dev_1229,addr_1229
1229,125,1339.4724244266806,purchase,dev_1229,addr_1229
1230,9,1247.1589267626402,purchase,dev_1230,addr_1230
1230,27,2333.258917261033,purchase,dev_1230,addr_1230
1230,43,1484.759558220407,purchase,dev_1230,addr_1230
1230,66,1449.6975727498168,purchase,dev_1230,addr_1230
1230,77,2047.950156378622,purchase,dev_1230,addr_1230
1231,49,909.2793658475151,purchase,dev_1231,addr_1231
1231,55,951.4673270376749,purchase,dev_1231,addr_1231
1231,69,2222.2425545232677,purchase,dev_1231,addr_1231
1231,90,1951.947811669934,purchase,dev_1231,addr_1231
1232,21,958.7251181189831,purchase,dev_1232,addr_1232
1232,40,1549.3766390366327,purchase,dev_1232,addr_1232
1232,54,1811.9411243302018,purchase,dev_1232,addr_1232
1232,66,924.166555148185,purchase,dev_1232,addr_1232
1232,86,3146.3766931613695,purchase,dev_1232,addr_1232
1232,99,708.1649974900084,purchase,dev_1232,addr_1232
1232,111,2262.2529080422755,purchase,dev_1232,addr_1232
1233,31,1289.0561942135494,purchase,dev_1233,addr_1233
1233,45,2799.7714103296285,purchase,dev_1233,addr_1233
1233,57,3450.5333694028764,purchase,dev_1233,addr_1233
1233,74,1960.932355059109,purchase,dev_1233,addr_1233
1233,81,1561.9083724887537,purchase,dev_1233,addr_1233
1234,20,1210.4454754060673,purchase,dev_1234,addr_1234
1234,28,2793.056870446991,purchase,dev_1234,addr_1234
1234,43,518.263233923716,purchase,dev_1234,addr_1234
1234,63,1502.7810773535107,purchase,dev_1234,addr_1234
1235,43,587.3065339332088,purchase,dev_1235,addr_1235
1235,67,1434.7647149798117,purchase,dev_1235,addr_1235
1235,70,1175.908767229576,purchase,dev_1235,addr_1235
1235,94,1700.3358395310415,purchase,dev_1235,addr_1235
1235,100,1299.294852736174,purchase,dev_1235,addr_1235
1236,59,1605.1858765063264,purchase,dev_1236,addr_1236
1236,75,1912.339097948017,purchase,dev_1236,addr_1236
1236,90,1903.5272409091635,purchase,dev_1236,addr_1236
1237,75,2855.2623111054745,purchase,dev_1237,addr_1237
1237,93,1779.406804126218,purchase,dev_1237,addr_1237
1237,96,1343.6727406708703,purchase,dev_1237,addr_1237
1237,113,1838.6303462616286,purchase,dev_1237,addr_1237
1238,26,2030.6963073201316,purchase,dev_1238,addr_1238
1238,42,2834.837723090896,purchase,dev_1238,addr_1238
1238,58,1319.6458580057313,purchase,dev_1238,addr_1238
1239,62,2405.5425781872746,purchase,dev_1239,addr_1239
1239,86,1429.2081175206624,purchase,dev_1239,addr_1239
1240,54,1496.4150298882073,purchase,dev_1240,addr_1240
1240,68,1766.5761492566335,purchase,dev_1240,addr_1240
1240,76,1158.979066517839,purchase,dev_1240,addr_1240
1240,83,3242.739239193104,purchase,dev_1240,addr_1240
1240,94,914.9188814480013,purchase,dev_1240,addr_1240
1240,98,914.9188814480013,return,dev_1240,addr_1240
1240,110,1382.8058241122283,purchase,dev_1240,addr_1240
1241,18,1980.7029345418237,purchase,dev_1241,addr_1241
1241,22,782.8229293280856,purchase,dev_1241,addr_1241
1241,38,1921.731603132006,purchase,dev_1241,addr_1241
1242,43,1979.6678453574532,purchase,dev_1242,addr_1242
1242,63,603.5754668164426,purchase,dev_1242,addr_1242
1242,72,1128.8991960748747,purchase,dev_1242,addr_1242
1242,90,2111.9877099273626,purchase,dev_1242,addr_1242
1243,23,755.4940712003811,purchase,dev_1243,addr_1243
1243,30,755.4940712003811,return,dev_1243,addr_1243
1243,38,1184.3467750827156,purchase,dev_1243,addr_1243
1243,51,676.5728225596761,purchase,dev_1243,addr_1243
1243,63,598.5583914868207,purchase,dev_1243,addr_1243
1244,44,1356.7824606290371,purchase,dev_1244,addr_1244
1244,62,838.1266689519525,purchase,dev_1244,addr_1244
1245,67,1758.5096802885105,purchase,dev_1245,addr_1245
1245,85,1520.9972255157022,purchase,dev_1245,addr_1245
1245,106,1268.9092969138637,purchase,dev_1245,addr_1245
1246,61,630.7122380481123,purchase,dev_1246,addr_1246
1246,65,996.1019318220985,purchase,dev_1246,addr_1246
1246,74,1053.7331907190098,purchase,dev_1246,addr_1246
1246,88,1345.6882911638597,purchase,dev_1246,addr_1246
1246,109,2195.9310417012375,purchase,dev_1246,addr_1246
1246,131,2050.726981485261,purchase,dev_1246,addr_1246
1246,135,1204.0567418768264,purchase,dev_1246,addr_1246
1247,20,1065.1586141088078,purchase,dev_1247,addr_1247
1248,41,1602.278180305922,purchase,dev_1248,addr_1248
1248,55,843.5622088655468,purchase,dev_1248,addr_1248
1248,79,853.6432061148793,purchase,dev_1248,addr_1248
1248,93,737.2003776299923,purchase,dev_1248,addr_1248
1249,57,1065.177453483413,purchase,dev_1249,addr_1249
1249,64,1825.9461762427975,purchase,dev_1249,addr_1249
1249,82,2518.7528433386374,purchase,dev_1249,addr_1249
1249,87,2250.5707156880344,purchase,dev_1249,addr_1249
1249,102,1183.8186420044524,purchase,dev_1249,addr_1249
1250,41,950.5374801400365,purchase,dev_1250,addr_1250
1251,46,1763.2870571285105,purchase,dev_1251,addr_1251
1251,56,1767.718996112568,purchase,dev_1251,addr_1251
1251,76,3311.567564838782,purchase,dev_1251,addr_1251
1252,57,1433.505232784222,purchase,dev_1252,addr_1252
1252,78,1319.8756050275836,purchase,dev_1252,addr_1252
1252,101,694.9691466355739,purchase,dev_1252,addr_1252
1252,112,1392.3906022867984,purchase,dev_1252,addr_1252
1252,114,1392.3906022867984,return,dev_1252,addr_1252
1252,132,900.5139438865583,purchase,dev_1252,addr_1252
1253,34,676.6529189599715,purchase,dev_1253,addr_1253
1253,44,985.1560279622827,purchase,dev_1253,addr_1253
1253,49,1174.7457050444534,purchase,dev_1253,addr_1253
1253,53,985.1560279622827,return,dev_1253,addr_1253
1253,60,1269.1059743461838,purchase,dev_1253,addr_1253
1254,30,1858.3524209839188,purchase,dev_1254,addr_1254
1254,49,1028.3137931306037,purchase,dev_1254,addr_1254
1255,26,824.4032817844661,purchase,dev_1255,addr_1255
1255,33,1253.3927841234768,purchase,dev_1255,addr_1255
1255,45,1213.0070318158414,purchase,dev_1255,addr_1255
1255,58,823.0799077163427,purchase,dev_1255,addr_1255
1255,73,1765.8511203726496,purchase,dev_1255,addr_1255
1256,49,809.178462356006,purchase,dev_1256,addr_1256
1256,53,859.9978147708679,purchase,dev_1256,addr_1256
1257,49,709.555487838759,purchase,dev_1257,addr_1257
1257,59,2428.9240161919274,purchase,dev_1257,addr_1257
1257,66,1789.116524550862,purchase,dev_1257,addr_1257
1257,72,1553.5305439028211,purchase,dev_1257,addr_1257
1258,18,1590.736952995365,purchase,dev_1258,addr_1258
1258,40,911.9009685483976,purchase,dev_1258,addr_1258
1258,58,929.6553246725729,purchase,dev_1258,addr_1258
1258,68,3391.7076614006833,purchase,dev_1258,addr_1258
1258,84,3479.2903920911585,purchase,dev_1258,addr_1258
1258,105,1119.4008482058148,purchase,dev_1258,addr_1258
1259,50,764.2973714257665,purchase,dev_1259,addr_1259
1259,68,816.1028968684197,purchase,dev_1259,addr_1259
1259,71,1785.0853771957622,purchase,dev_1259,addr_1259
1259,89,697.867464979623,purchase,dev_1259,addr_1259
1259,100,2089.3287362085166,purchase,dev_1259,addr_1259
1259,112,2442.355021363931,purchase,dev_1259,addr_1259
1260,16,727.3123603389403,purchase,dev_1260,addr_1260
1260,30,3768.3251617719293,purchase,dev_1260,addr_1260
1260,50,2053.0429403077783,purchase,dev_1260,addr_1260
1260,58,1322.5850445230737,purchase,dev_1260,addr_1260
1260,78,1752.4663912168057,purchase,dev_1260,addr_1260
1260,91,1658.6039572440811,purchase,dev_1260,addr_1260
1260,93,1658.6039572440811,return,dev_1260,addr_1260
1261,60,1825.6526545960453,purchase,dev_1261,addr_1261
1261,67,988.4119899409282,purchase,dev_1261,addr_1261
1262,23,910.1982174941614,purchase,dev_1262,addr_1262
1262,33,1736.9479042987944,purchase,dev_1262,addr_1262
1262,45,892.1684686519919,purchase,dev_1262,addr_1262
1262,65,1468.1364615348132,purchase,dev_1262,addr_1262
1263,29,1118.4420136232745,purchase,dev_1263,addr_1263
1263,32,726.028394548359,purchase,dev_1263,addr_1263
1263,43,2170.0935198414604,purchase,dev_1263,addr_1263
1263,49,2275.815627257629,purchase,dev_1263,addr_1263
1263,63,438.0845160525501,purchase,dev_1263,addr_1263
1263,68,1182.3322381685566,purchase,dev_1263,addr_1263
1263,87,2226.151893710563,purchase,dev_1263,addr_1263
1263,96,2226.151893710563,return,dev_1263,addr_1263
1264,44,1921.0585908900423,purchase,dev_1264,addr_1264
1264,51,561.8805976451506,purchase,dev_1264,addr_1264
1264,57,2542.9597587447442,purchase,dev_1264,addr_1264
1264,68,832.7517634050488,purchase,dev_1264,addr_1264
1265,22,377.7722832455638,purchase,dev_1265,addr_1265
1265,42,2485.029859027783,purchase,dev_1265,addr_1265
1265,47,1451.845555609929,purchase,dev_1265,addr_1265
1265,71,2116.827741936167,purchase,dev_1265,addr_1265
1266,61,981.9439122844467,purchase,dev_1266,addr_1266
1266,78,1459.3791666640993,purchase,dev_1266,addr_1266
1266,91,1801.0340768859844,purchase,dev_1266,addr_1266
1266,101,1490.5347332556123,purchase,dev_1266,addr_1266
1266,116,993.6523691646935,purchase,dev_1266,addr_1266
1267,50,1109.4845377510194,purchase,dev_1267,addr_1267
1267,62,510.02511699964407,purchase,dev_1267,addr_1267
1267,65,1214.7587760986978,purchase,dev_1267,addr_1267
1268,24,998.1653694242068,purchase,dev_1268,addr_1268
1268,30,998.1653694242068,return,dev_1268,addr_1268
1268,32,4520.953230701979,purchase,dev_1268,addr_1268
1268,52,807.3441551281817,purchase,dev_1268,addr_1268
1269,57,712.8288946741899,purchase,dev_1269,addr_1269
1269,68,1458.5064755142685,purchase,dev_1269,addr_1269
1269,84,2631.207943014918,purchase,dev_1269,addr_1269
1269,89,1146.831910032757,purchase,dev_1269,addr_1269
1269,104,738.7135028875031,purchase,dev_1269,addr_1269
1269,112,738.7135028875031,return,dev_1269,addr_1269
1269,121,1873.2761635479349,purchase,dev_1269,addr_1269
1269,134,1204.9380433714748,purchase,dev_1269,addr_1269
1270,59,2638.804339759008,purchase,dev_1270,addr_1270
1270,66,918.9783487090907,purchase,dev_1270,addr_1270
1270,80,1276.2868829655356,purchase,dev_1270,addr_1270
1270,101,674.094002545134,purchase,dev_1270,addr_1270
1270,107,674.094002545134,return,dev_1270,addr_1270
1271,61,1000.8707193395999,purchase,dev_1271,addr_1271
1271,66,719.8677860661545,purchase,dev_1271,addr_1271
1271,78,870.4088217779656,purchase,dev_1271,addr_1271
1271,87,1752.0691646051137,purchase,dev_1271,addr_1271
1271,108,2096.8273859583824,purchase,dev_1271,addr_1271
1271,123,2159.695552855703,purchase,dev_1271,addr_1271
1271,136,1448.3056515112341,purchase,dev_1271,addr_1271
1272,13,1959.4042100103773,purchase,dev_1272,addr_1272
1272,25,2395.648788493607,purchase,dev_1272,addr_1272
1272,40,1944.3710313220845,purchase,dev_1272,addr_1272
1273,50,1960.5534167253027,purchase,dev_1273,addr_1273
1273,53,2597.090820653086,purchase,dev_1273,addr_1273
1273,72,654.5973809109306,purchase,dev_1273,addr_1273
1273,87,2673.294054089288,purchase,dev_1273,addr_1273
1273,98,493.5617739406736,purchase,dev_1273,addr_1273
1273,108,1768.2054371933016,purchase,dev_1273,addr_1273
1273,132,2110.7881798932613,purchase,dev_1273,addr_1273
1274,54,1778.3536618083085,purchase,dev_1274,addr_1274
1274,67,1207.8735142119294,purchase,dev_1274,addr_1274
1274,80,1026.8854414948373,purchase,dev_1274,addr_1274
1274,96,2335.236218962746,purchase,dev_1274,addr_1274
1275,66,3818.6341639679213,purchase,dev_1275,addr_1275
1275,81,935.5412719016658,purchase,dev_1275,addr_1275
1275,94,964.9641342489087,purchase,dev_1275,addr_1275
1276,32,2441.9881635264164,purchase,dev_1276,addr_1276
1276,37,762.6769673672405,purchase,dev_1276,addr_1276
1276,40,2441.9881635264164,return,dev_1276,addr_1276
1276,61,1200.268661310449,purchase,dev_1276,addr_1276
1277,34,3588.4174594054994,purchase,dev_1277,addr_1277
1277,54,1500.561745629991,purchase,dev_1277,addr_1277
1277,61,1748.506270110964,purchase,dev_1277,addr_1277
1277,79,997.734173890461,purchase,dev_1277,addr_1277
1277,90,2037.5531031077635,purchase,dev_1277,addr_1277
1278,58,1283.727583870916,purchase,dev_1278,addr_1278
1278,78,3266.634393155492,purchase,dev_1278,addr_1278
1278,98,1106.886617121453,purchase,dev_1278,addr_1278
1279,60,2375.5273898386545,purchase,dev_1279,addr_1279
1279,78,909.0341360047756,purchase,dev_1279,addr_1279
1279,93,1004.4757047237707,purchase,dev_1279,addr_1279
1279,107,1393.6550161083774,purchase,dev_1279,addr_1279
1279,130,2715.6417264475926,purchase,dev_1279,addr_1279
1280,70,2248.8425569000033,purchase,dev_1280,addr_1280
1280,86,429.505540598781,purchase,dev_1280,addr_1280
1280,95,1884.480978788036,purchase,dev_1280,addr_1280
1281,57,2828.605213977578,purchase,dev_1281,addr_1281
1281,63,3681.6621824530253,purchase,dev_1281,addr_1281
1281,69,2030.690818281954,purchase,dev_1281,addr_1281
1281,83,1206.1826518886585,purchase,dev_1281,addr_1281
1281,89,1768.64100663581,purchase,dev_1281,addr_1281
1281,92,3616.643033798741,purchase,dev_1281,addr_1281
1281,96,3047.7390834863572,purchase,dev_1281,addr_1281
1281,104,1663.9882403730242,purchase,dev_1281,addr_1281
1282,45,2420.4044719431017,purchase,dev_1282,addr_1282
1282,54,2133.223238003999,purchase,dev_1282,addr_1282
1282,58,2133.223238003999,return,dev_1282,addr_1282
1282,67,783.970969058457,purchase,dev_1282,addr_1282
1282,77,2895.2751347590543,purchase,dev_1282,addr_1282
1282,99,1442.1989515113344,purchase,dev_1282,addr_1282
1283,51,883.3646918633603,purchase,dev_1283,addr_1283
1284,55,1049.8772291728321,purchase,dev_1284,addr_1284
1284,58,686.3694983178794,purchase,dev_1284,addr_1284
1284,61,2217.3131079915565,purchase,dev_1284,addr_1284
1284,69,2151.175505778524,purchase,dev_1284,addr_1284
1284,75,2151.175505778524,return,dev_1284,addr_1284
1284,79,1221.8544481021372,purchase,dev_1284,addr_1284
1284,94,1243.9693786686976,purchase,dev_1284,addr_1284
1284,102,1584.1908951747942,purchase,dev_1284,addr_1284
1285,20,2507.571252211652,purchase,dev_1285,addr_1285
1285,29,986.0255760313482,purchase,dev_1285,addr_1285
1285,48,1268.5124186732223,purchase,dev_1285,addr_1285
1285,54,1268.5124186732223,return,dev_1285,addr_1285
1285,59,2055.528612098403,purchase,dev_1285,addr_1285
1285,76,3316.518651946916,purchase,dev_1285,addr_1285
1286,38,1635.0475667251796,purchase,dev_1286,addr_1286
1286,51,1458.1472560979225,purchase,dev_1286,addr_1286
1286,63,1490.9529522209205,purchase,dev_1286,addr_1286
1286,79,1204.058614060703,purchase,dev_1286,addr_1286
1287,22,2030.242193402241,purchase,dev_1287,addr_1287
1287,32,2937.68550186918,purchase,dev_1287,addr_1287
1287,49,1007.1283366070845,purchase,dev_1287,addr_1287
1287,53,2036.264848606645,purchase,dev_1287,addr_1287
1287,65,1008.8796396269639,purchase,dev_1287,addr_1287
1287,82,836.5900137121781,purchase,dev_1287,addr_1287
1287,91,835.6623050810555,purchase,dev_1287,addr_1287
1287,98,1290.7480755030683,purchase,dev_1287,addr_1287
1287,122,1332.414130001736,purchase,dev_1287,addr_1287
1288,28,1563.9369192002223,purchase,dev_1288,addr_1288
1288,33,3889.4751042113035,purchase,dev_1288,addr_1288
1288,54,1682.9374035046023,purchase,dev_1288,addr_1288
1288,65,1284.7889396651165,purchase,dev_1288,addr_1288
1288,87,1909.825566365198,purchase,dev_1288,addr_1288
1288,101,2195.4365025724014,purchase,dev_1288,addr_1288
1289,70,1714.5917539481134,purchase,dev_1289,addr_1289
1290,52,1503.7490948379477,purchase,dev_1290,addr_1290
1291,37,2218.888912977437,purchase,dev_1291,addr_1291
1291,59,1361.059548461287,purchase,dev_1291,addr_1291
1291,68,910.3557413572976,purchase,dev_1291,addr_1291
1291,84,936.4255890275466,purchase,dev_1291,addr_1291
1291,103,1181.0669209219084,purchase,dev_1291,addr_1291
1291,116,1512.120338461273,purchase,dev_1291,addr_1291
1292,38,1228.962798853568,purchase,dev_1292,addr_1292
1292,56,1839.7088319754594,purchase,dev_1292,addr_1292
1292,69,1586.7730093940588,purchase,dev_1292,addr_1292
1292,80,1976.2300912498886,purchase,dev_1292,addr_1292
1293,31,1728.7445347521768,purchase,dev_1293,addr_1293
1293,52,2150.3505594780427,purchase,dev_1293,addr_1293
1293,73,981.8547675824362,purchase,dev_1293,addr_1293
1294,35,1401.0703923110173,purchase,dev_1294,addr_1294
1294,47,1663.9370331751218,purchase,dev_1294,addr_1294
1294,70,532.2178702030637,purchase,dev_1294,addr_1294
1294,79,613.1655694388138,purchase,dev_1294,addr_1294
1294,99,1682.471838433728,purchase,dev_1294,addr_1294
1294,122,1143.7060223190917,purchase,dev_1294,addr_1294
1295,60,1580.5943263743225,purchase,dev_1295,addr_1295
1295,75,223.07537515735123,purchase,dev_1295,addr_1295
1295,92,946.3700880807515,purchase,dev_1295,addr_1295
1295,98,905.1478525806597,purchase,dev_1295,addr_1295
1295,101,946.3700880807515,return,dev_1295,addr_1295
1295,111,936.1090822805296,purchase,dev_1295,addr_1295
1295,116,1317.4807292071694,purchase,dev_1295,addr_1295
1296,33,972.7513778149957,purchase,dev_1296,addr_1296
1296,49,1273.4826133234758,purchase,dev_1296,addr_1296
1297,55,615.9893603887913,purchase,dev_1297,addr_1297
1297,75,2936.2782889663554,purchase,dev_1297,addr_1297
1297,87,3037.9552204186516,purchase,dev_1297,addr_1297
1297,95,2950.806829447004,purchase,dev_1297,addr_1297
1298,30,2032.915114221901,purchase,dev_1298,addr_1298
1298,47,1333.3168353786882,purchase,dev_1298,addr_1298
1299,56,650.3339963528415,purchase,dev_1299,addr_1299
1299,80,2666.8447951524,purchase,dev_1299,addr_1299
1299,103,1251.4591813409727,purchase,dev_1299,addr_1299
1300,60,2963.1347218773385,purchase,dev_1300,addr_1300
1300,84,815.3560897207221,purchase,dev_1300,addr_1300
1300,99,1642.8932713808567,purchase,dev_1300,addr_1300
1300,121,2010.6395325035792,purchase,dev_1300,addr_1300
1301,29,1542.3363737011614,purchase,dev_1301,addr_1301
1301,50,1945.233407757148,purchase,dev_1301,addr_1301
1301,60,688.4502641848792,purchase,dev_1301,addr_1301
1301,82,1619.7315483457014,purchase,dev_1301,addr_1301
1302,12,2418.7327524019324,purchase,dev_1302,addr_1302
1302,25,962.4299016837675,purchase,dev_1302,addr_1302
1302,45,1226.614140048327,purchase,dev_1302,addr_1302
1302,61,778.1804498986696,purchase,dev_1302,addr_1302
1303,22,893.9522322848451,purchase,dev_1303,addr_1303
1303,27,893.9522322848451,return,dev_1303,addr_1303
1303,40,2418.011171390447,purchase,dev_1303,addr_1303
1303,45,1335.1435906118868,purchase,dev_1303,addr_1303
1303,51,1154.5463132120158,purchase,dev_1303,addr_1303
1303,56,2910.9536502102865,purchase,dev_1303,addr_1303
1304,16,1243.8636555240776,purchase,dev_1304,addr_1304
1304,24,911.0628301129058,purchase,dev_1304,addr_1304
1304,28,911.0628301129058,return,dev_1304,addr_1304
1304,28,1022.3606830333867,purchase,dev_1304,addr_1304
1304,31,1022.3606830333867,return,dev_1304,addr_1304
1305,31,3894.934109651205,purchase,dev_1305,addr_1305
1305,55,1039.7761089883234,purchase,dev_1305,addr_1305
1305,63,970.0456172927167,purchase,dev_1305,addr_1305
1305,79,1889.5189820324122,purchase,dev_1305,addr_1305
1306,12,1907.0610962472722,purchase,dev_1306,addr_1306
1306,25,626.5987953332614,purchase,dev_1306,addr_1306
1306,34,768.1876423305888,purchase,dev_1306,addr_1306
1307,46,3952.0581896938907,purchase,dev_1307,addr_1307
1308,40,247.51006633984628,purchase,dev_1308,addr_1308
1308,58,2349.724560520836,purchase,dev_1308,addr_1308
1308,82,1626.2059537594491,purchase,dev_1308,addr_1308
1308,99,1174.8190685283232,purchase,dev_1308,addr_1308
1308,122,1529.4959771761312,purchase,dev_1308,addr_1308
1309,50,1308.29582241542,purchase,dev_1309,addr_1309
1309,57,2226.9030972369724,purchase,dev_1309,addr_1309
1309,65,529.2128670962503,purchase,dev_1309,addr_1309
1309,75,1363.0810278238268,purchase,dev_1309,addr_1309
1310,17,1703.4145792035242,purchase,dev_1310,addr_1310
1310,36,2457.807989014576,purchase,dev_1310,addr_1310
1310,56,1293.344319915558,purchase,dev_1310,addr_1310
1310,74,210.59865653524682,purchase,dev_1310,addr_1310
1310,81,1030.04488566971,purchase,dev_1310,addr_1310
1310,103,1367.4901240823226,purchase,dev_1310,addr_1310
1310,126,2659.4428135311873,purchase,dev_1310,addr_1310
1310,135,1301.449006433006,purchase,dev_1310,addr_1310
1311,69,1804.3212152358626,purchase,dev_1311,addr_1311
1311,92,1628.0296058851713,purchase,dev_1311,addr_1311
1311,105,1935.6234779313186,purchase,dev_1311,addr_1311
1312,41,1382.6505002093609,purchase,dev_1312,addr_1312
1312,54,974.0898530601327,purchase,dev_1312,addr_1312
1313,60,1804.2469864091495,purchase,dev_1313,addr_1313
1313,69,770.8351880949177,purchase,dev_1313,addr_1313
1313,93,2699.115857871733,purchase,dev_1313,addr_1313
1313,105,780.5987226194562,purchase,dev_1313,addr_1313
1314,63,801.2034521601721,purchase,dev_1314,addr_1314
1314,67,2797.119712870695,purchase,dev_1314,addr_1314
1314,69,801.2034521601721,return,dev_1314,addr_1314
1314,87,1381.6963881830795,purchase,dev_1314,addr_1314
1314,105,1603.2662395824577,purchase,dev_1314,addr_1314
1314,128,1882.1086282124618,purchase,dev_1314,addr_1314
1314,146,1006.2705570242864,purchase,dev_1314,addr_1314
1315,30,1437.012731807222,purchase,dev_1315,addr_1315
1315,43,3393.327489319564,purchase,dev_1315,addr_1315
1315,66,2422.3465430722918,purchase,dev_1315,addr_1315
1316,35,2066.03476591561,purchase,dev_1316,addr_1316
1316,39,2066.03476591561,return,dev_1316,addr_1316
1316,54,2732.3229268668756,purchase,dev_1316,addr_1316
1316,70,1671.6098208225505,purchase,dev_1316,addr_1316
1316,79,904.7945324069251,purchase,dev_1316,addr_1316
1317,70,1008.1016271680527,purchase,dev_1317,addr_1317
1317,88,618.7451352127567,purchase,dev_1317,addr_1317
1317,95,1177.296911511016,purchase,dev_1317,addr_1317
1318,9,1704.5950840031314,purchase,dev_1318,addr_1318
1318,15,952.8537543182156,purchase,dev_1318,addr_1318
1319,58,1810.017982756696,purchase,dev_1319,addr_1319
1319,76,1853.108128483991,purchase,dev_1319,addr_1319
1320,22,1732.9860790165499,purchase,dev_1320,addr_1320
1320,26,1732.9860790165499,return,dev_1320,addr_1320
1320,28,2170.203024141455,purchase,dev_1320,addr_1320
1320,36,1302.4543244552183,purchase,dev_1320,addr_1320
1320,52,754.2199184291024,purchase,dev_1320,addr_1320
1321,31,1409.0674229052788,purchase,dev_1321,addr_1321
1321,45,1564.1954223194573,purchase,dev_1321,addr_1321
1321,55,2216.3592591727584,purchase,dev_1321,addr_1321
1321,59,1823.7382576611842,purchase,dev_1321,addr_1321
1322,15,1793.0376678718,purchase,dev_1322,addr_1322
1322,33,2318.6971944709653,purchase,dev_1322,addr_1322
1322,45,2228.2056684723507,purchase,dev_1322,addr_1322
1323,52,1685.2680712747829,purchase,dev_1323,addr_1323
1323,58,2208.3557628974686,purchase,dev_1323,addr_1323
1324,65,579.7752724718669,purchase,dev_1324,addr_1324
1324,70,1579.1338700564588,purchase,dev_1324,addr_1324
1324,81,1863.733776089637,purchase,dev_1324,addr_1324
1325,42,1445.1785644470665,purchase,dev_1325,addr_1325
1325,66,982.1523068004037,purchase,dev_1325,addr_1325
1325,82,1269.1471676215087,purchase,dev_1325,addr_1325
1325,91,1355.268824386254,purchase,dev_1325,addr_1325
1325,104,1203.3508077737135,purchase,dev_1325,addr_1325
1326,30,3640.356502386146,purchase,dev_1326,addr_1326
1326,44,1983.865354211017,purchase,dev_1326,addr_1326
1326,65,2610.89254135826,purchase,dev_1326,addr_1326
1326,83,1264.3075248097296,purchase,dev_1326,addr_1326
1326,105,1295.9749634306922,purchase,dev_1326,addr_1326
1326,121,1801.9737219778149,purchase,dev_1326,addr_1326
1326,145,454.96839326115696,purchase,dev_1326,addr_1326
1326,150,2824.9536376854767,purchase,dev_1326,addr_1326
1327,63,1123.4904222418506,purchase,dev_1327,addr_1327
1327,82,1278.6010460017737,purchase,dev_1327,addr_1327
1327,101,1146.7449135292907,purchase,dev_1327,addr_1327
1327,103,1146.7449135292907,return,dev_1327,addr_1327
1327,108,2151.063862007015,purchase,dev_1327,addr_1327
1328,37,1371.316455569322,purchase,dev_1328,addr_1328
1328,51,870.0272139294617,purchase,dev_1328,addr_1328
1328,63,1788.1299135233694,purchase,dev_1328,addr_1328
1328,84,1847.2839362469504,purchase,dev_1328,addr_1328
1329,69,602.8927005975687,purchase,dev_1329,addr_1329
1329,93,3338.9850429223775,purchase,dev_1329,addr_1329
1329,100,1123.3232603596473,purchase,dev_1329,addr_1329
1329,117,1093.2202063485095,purchase,dev_1329,addr_1329
1330,23,1615.6579899566616,purchase,dev_1330,addr_1330
1330,46,620.41877355104,purchase,dev_1330,addr_1330
1331,70,3144.9126074153946,purchase,dev_1331,addr_1331
1331,82,1294.5014839851108,purchase,dev_1331,addr_1331
1332,38,2509.0234342547533,purchase,dev_1332,addr_1332
1332,43,829.4129715669496,purchase,dev_1332,addr_1332
1332,46,1376.09866560493,purchase,dev_1332,addr_1332
1333,26,1907.0741573669582,purchase,dev_1333,addr_1333
1333,30,859.698946127131,purchase,dev_1333,addr_1333
1333,45,647.3844048761472,purchase,dev_1333,addr_1333
1334,65,1844.0166164998525,purchase,dev_1334,addr_1334
1334,72,903.6557683968316,purchase,dev_1334,addr_1334
1334,75,2626.300905954159,purchase,dev_1334,addr_1334
1334,99,1567.2292981938513,purchase,dev_1334,addr_1334
1334,111,1669.652503181289,purchase,dev_1334,addr_1334
1335,6,948.6905163797569,purchase,dev_1335,addr_1335
1335,24,2131.1305447206587,purchase,dev_1335,addr_1335
1335,47,907.4118075109974,purchase,dev_1335,addr_1335
1335,61,1439.3094041393638,purchase,dev_1335,addr_1335
1335,73,1535.453675261488,purchase,dev_1335,addr_1335
1335,93,1626.4228630178409,purchase,dev_1335,addr_1335
1336,30,1158.2256422016846,purchase,dev_1336,addr_1336
1336,52,1099.5494765458457,purchase,dev_1336,addr_1336
1336,71,3717.3613912254323,purchase,dev_1336,addr_1336
1336,84,1504.2304324357829,purchase,dev_1336,addr_1336
1336,101,2184.3583977101785,purchase,dev_1336,addr_1336
1336,115,2497.1681954164324,purchase,dev_1336,addr_1336
1337,54,719.1028683451544,purchase,dev_1337,addr_1337
1338,21,774.2666959470439,purchase,dev_1338,addr_1338
1338,42,1085.1215707131669,purchase,dev_1338,addr_1338
1338,59,1996.2892240455021,purchase,dev_1338,addr_1338
1338,68,1333.885800767578,purchase,dev_1338,addr_1338
1338,86,627.8929850907208,purchase,dev_1338,addr_1338
1338,104,878.7808940549102,purchase,dev_1338,addr_1338
1339,19,2882.0207769029485,purchase,dev_1339,addr_1339
1339,38,1561.500454129459,purchase,dev_1339,addr_1339
1339,59,1356.6451154099166,purchase,dev_1339,addr_1339
1339,81,972.7650140664045,purchase,dev_1339,addr_1339
1340,54,1597.3306227515498,purchase,dev_1340,addr_1340
1340,76,4321.862743979029,purchase,dev_1340,addr_1340
1341,11,1077.91944334346,purchase,dev_1341,addr_1341
1342,54,469.69545746901116,purchase,dev_1342,addr_1342
1342,74,844.552248686041,purchase,dev_1342,addr_1342
1342,84,511.71577711812176,purchase,dev_1342,addr_1342
1342,98,1712.6071363426515,purchase,dev_1342,addr_1342
1343,58,1528.9087175033237,purchase,dev_1343,addr_1343
1343,82,2535.6157337695586,purchase,dev_1343,addr_1343
1343,95,931.3885902355161,purchase,dev_1343,addr_1343
1343,98,1990.920882826366,purchase,dev_1343,addr_1343
1343,102,931.3885902355161,return,dev_1343,addr_1343
1343,104,1140.3805052678142,purchase,dev_1343,addr_1343
1343,107,2498.3733469458202,purchase,dev_1343,addr_1343
1344,37,1387.3096268793104,purchase,dev_1344,addr_1344
1344,55,612.0690983763074,purchase,dev_1344,addr_1344
1344,76,2106.7209264364865,purchase,dev_1344,addr_1344
1344,87,5336.957061836389,purchase,dev_1344,addr_1344
1344,97,2554.4732201772304,purchase,dev_1344,addr_1344
1344,103,1858.515687943491,purchase,dev_1344,addr_1344
1345,73,617.9154805474379,purchase,dev_1345,addr_1345
1345,95,2629.072554312377,purchase,dev_1345,addr_1345
1345,113,529.4645699978328,purchase,dev_1345,addr_1345
1345,120,812.321086153811,purchase,dev_1345,addr_1345
1346,21,768.5569642881188,purchase,dev_1346,addr_1346
1346,36,3264.8298668238344,purchase,dev_1346,addr_1346
1346,56,1068.465784035564,purchase,dev_1346,addr_1346
1347,32,2126.849172294962,purchase,dev_1347,addr_1347
1347,51,712.0291691199649,purchase,dev_1347,addr_1347
1347,54,1410.3345750409171,purchase,dev_1347,addr_1347
1347,66,1503.9270303303597,purchase,dev_1347,addr_1347
1347,71,1503.9270303303597,return,dev_1347,addr_1347
1347,72,1699.7854762043482,purchase,dev_1347,addr_1347
1347,88,1057.6224974949118,purchase,dev_1347,addr_1347
1347,105,941.0202236938411,purchase,dev_1347,addr_1347
1348,71,1210.4426952828621,purchase,dev_1348,addr_1348
1348,81,714.8824557546849,purchase,dev_1348,addr_1348
1348,102,1090.9416793818855,purchase,dev_1348,addr_1348
1348,106,1569.7936259145165,purchase,dev_1348,addr_1348
1348,116,498.88851890445903,purchase,dev_1348,addr_1348
1349,30,1027.6007667098604,purchase,dev_1349,addr_1349
1349,43,1182.328377747005,purchase,dev_1349,addr_1349
1350,41,2071.892229032135,purchase,dev_1350,addr_1350
1350,50,2071.892229032135,return,dev_1350,addr_1350
1350,59,1310.9636009301216,purchase,dev_1350,addr_1350
1350,82,817.938849764743,purchase,dev_1350,addr_1350
1350,90,927.5738971487345,purchase,dev_1350,addr_1350
1350,98,927.5738971487345,return,dev_1350,addr_1350
1350,104,1237.770670779256,purchase,dev_1350,addr_1350
1350,124,1283.5890854486786,purchase,dev_1350,addr_1350
1350,135,1041.3474624166508,purchase,dev_1350,addr_1350
1351,65,1127.0982916807689,purchase,dev_1351,addr_1351
1351,86,605.7110755192283,purchase,dev_1351,addr_1351
1352,72,1297.0887262092056,purchase,dev_1352,addr_1352
1352,90,827.963566176774,purchase,dev_1352,addr_1352
1352,94,1917.4764442257679,purchase,dev_1352,addr_1352
1352,115,2654.9993026621196,purchase,dev_1352,addr_1352
1352,128,1598.2209514585604,purchase,dev_1352,addr_1352
1352,133,1598.2209514585604,return,dev_1352,addr_1352
1352,133,1349.786886670877,purchase,dev_1352,addr_1352
1353,33,1909.7918990523897,purchase,dev_1353,addr_1353
1353,39,1664.9129918146355,purchase,dev_1353,addr_1353
1353,62,760.0079915671714,purchase,dev_1353,addr_1353
1353,74,630.7629483975304,purchase,dev_1353,addr_1353
1353,82,630.7629483975304,return,dev_1353,addr_1353
1354,22,1049.6246630894216,purchase,dev_1354,addr_1354
1354,28,809.1543916503407,purchase,dev_1354,addr_1354
1354,49,856.3256868856193,purchase,dev_1354,addr_1354
1355,36,1319.9341088891827,purchase,dev_1355,addr_1355
1355,54,1318.6352709009286,purchase,dev_1355,addr_1355
1355,58,2116.603482091444,purchase,dev_1355,addr_1355
1355,62,979.4823216316638,purchase,dev_1355,addr_1355
1355,68,372.2735828530099,purchase,dev_1355,addr_1355
1355,80,1715.6650858534833,purchase,dev_1355,addr_1355
1355,98,2349.2665003858,purchase,dev_1355,addr_1355
1356,43,1200.410485760622,purchase,dev_1356,addr_1356
1357,45,1204.0717857053278,purchase,dev_1357,addr_1357
1357,61,1952.1892626266945,purchase,dev_1357,addr_1357
1357,81,1156.7459551981403,purchase,dev_1357,addr_1357
1357,95,1652.0022114526364,purchase,dev_1357,addr_1357
1357,111,1167.8782294936636,purchase,dev_1357,addr_1357
1357,128,1333.3216880899747,purchase,dev_1357,addr_1357
1358,48,970.1319948824955,purchase,dev_1358,addr_1358
1358,63,845.3889741388082,purchase,dev_1358,addr_1358
1358,81,2255.928374818277,purchase,dev_1358,addr_1358
1359,25,3639.863732813616,purchase,dev_1359,addr_1359
1359,46,2789.300346689161,purchase,dev_1359,addr_1359
1359,68,1741.1812829046569,purchase,dev_1359,addr_1359
1359,72,1721.5813620432318,purchase,dev_1359,addr_1359
1360,57,662.989981357846,purchase,dev_1360,addr_1360
1360,61,1985.1010985009266,purchase,dev_1360,addr_1360
1360,65,1750.3713199712363,purchase,dev_1360,addr_1360
1360,71,2818.777243445338,purchase,dev_1360,addr_1360
1361,28,1449.2662357009904,purchase,dev_1361,addr_1361
1361,47,5492.044622911498,purchase,dev_1361,addr_1361
1361,55,1581.9166240115032,purchase,dev_1361,addr_1361
1361,79,1469.3589112733039,purchase,dev_1361,addr_1361
1361,83,1569.3428486507241,purchase,dev_1361,addr_1361
1361,104,2287.9491041026254,purchase,dev_1361,addr_1361
1362,43,824.5078951449091,purchase,dev_1362,addr_1362
1362,45,824.5078951449091,return,dev_1362,addr_1362
1362,51,1771.1545854672324,purchase,dev_1362,addr_1362
1362,69,2745.0100331490357,purchase,dev_1362,addr_1362
1362,84,1128.6369509199903,purchase,dev_1362,addr_1362
1362,87,1128.6369509199903,return,dev_1362,addr_1362
1363,10,3114.7055286526484,purchase,dev_1363,addr_1363
1363,33,1185.6849441300774,purchase,dev_1363,addr_1363
1363,54,1572.0552133200895,purchase,dev_1363,addr_1363
1363,74,4720.254080392926,purchase,dev_1363,addr_1363
1363,88,1737.0240063903038,purchase,dev_1363,addr_1363
1363,91,1365.6399942422686,purchase,dev_1363,addr_1363
1363,108,1312.5135029683852,purchase,dev_1363,addr_1363
1364,29,1118.5967961923936,purchase,dev_1364,addr_1364
1364,51,1748.5938014118096,purchase,dev_1364,addr_1364
1364,64,1213.418332894603,purchase,dev_1364,addr_1364
1365,41,1608.2736994126321,purchase,dev_1365,addr_1365
1365,51,1586.241066566345,purchase,dev_1365,addr_1365
1365,56,637.3520062100264,purchase,dev_1365,addr_1365
1365,76,705.356959250407,purchase,dev_1365,addr_1365
1365,92,1661.2564500428007,purchase,dev_1365,addr_1365
1366,39,691.2988317749041,purchase,dev_1366,addr_1366
1366,58,1132.75739876378,purchase,dev_1366,addr_1366
1366,82,1961.9905111297364,purchase,dev_1366,addr_1366
1366,101,2011.5758874485316,purchase,dev_1366,addr_1366
1367,48,1845.7777981958072,purchase,dev_1367,addr_1367
1367,58,584.583527971497,purchase,dev_1367,addr_1367
1367,73,1301.1242752173287,purchase,dev_1367,addr_1367
1367,94,2249.3248725330914,purchase,dev_1367,addr_1367
1367,116,1256.4408378509568,purchase,dev_1367,addr_1367
1367,120,1951.8151797052783,purchase,dev_1367,addr_1367
1368,15,725.1287112917366,purchase,dev_1368,addr_1368
1368,36,1163.0765896002347,purchase,dev_1368,addr_1368
1368,58,7928.200713855535,purchase,dev_1368,addr_1368
1368,67,1627.1182178448735,purchase,dev_1368,addr_1368
1369,57,2632.935211066183,purchase,dev_1369,addr_1369
1369,80,3500.630514134186,purchase,dev_1369,addr_1369
1369,88,3500.630514134186,return,dev_1369,addr_1369
1369,94,2353.046047725663,purchase,dev_1369,addr_1369
1369,105,880.2018457006296,purchase,dev_1369,addr_1369
1370,50,1304.6334310888485,purchase,dev_1370,addr_1370
1370,54,3289.2341442394304,purchase,dev_1370,addr_1370
1370,55,1304.6334310888485,return,dev_1370,addr_1370
1370,73,2690.6489299280815,purchase,dev_1370,addr_1370
1370,93,1073.1062442494535,purchase,dev_1370,addr_1370
1371,54,1409.823584071529,purchase,dev_1371,addr_1371
1371,77,1530.324440189891,purchase,dev_1371,addr_1371
1371,80,1530.324440189891,return,dev_1371,addr_1371
1371,94,1660.5108998680412,purchase,dev_1371,addr_1371
1372,51,1475.2100411331128,purchase,dev_1372,addr_1372
1372,66,697.3155598570323,purchase,dev_1372,addr_1372
1372,77,1699.8442387932657,purchase,dev_1372,addr_1372
1372,90,1801.3230799240812,purchase,dev_1372,addr_1372
1372,103,1907.1959126543056,purchase,dev_1372,addr_1372
1372,121,1238.412539525921,purchase,dev_1372,addr_1372
1372,126,3006.776647344563,purchase,dev_1372,addr_1372
1373,30,1929.5335884975966,purchase,dev_1373,addr_1373
1373,35,5910.797814232207,purchase,dev_1373,addr_1373
1373,36,1929.5335884975966,return,dev_1373,addr_1373
1374,31,1661.3534639231614,purchase,dev_1374,addr_1374
1374,38,1661.3534639231614,return,dev_1374,addr_1374
1374,55,3251.2845660571033,purchase,dev_1374,addr_1374
1374,77,1848.842716872879,purchase,dev_1374,addr_1374
1374,98,2289.4962264442215,purchase,dev_1374,addr_1374
1374,102,410.2568064960251,purchase,dev_1374,addr_1374
1374,107,681.0095807911508,purchase,dev_1374,addr_1374
1374,116,3516.8349030947497,purchase,dev_1374,addr_1374
1375,75,1823.544871980548,purchase,dev_1375,addr_1375
1375,79,592.650922649001,purchase,dev_1375,addr_1375
1375,82,2138.983581790524,purchase,dev_1375,addr_1375
1375,84,1823.544871980548,return,dev_1375,addr_1375
1375,105,1735.9456476938358,purchase,dev_1375,addr_1375
1375,122,795.1508382866208,purchase,dev_1375,addr_1375
1376,37,916.5386873743674,purchase,dev_1376,addr_1376
1376,51,3570.810551459274,purchase,dev_1376,addr_1376
1377,70,1072.8379741123338,purchase,dev_1377,addr_1377
1377,77,1072.8379741123338,return,dev_1377,addr_1377
1377,77,305.9593609034461,purchase,dev_1377,addr_1377
1377,96,1254.7535520132176,purchase,dev_1377,addr_1377
1378,61,956.3194063964727,purchase,dev_1378,addr_1378
1378,78,1944.402753633624,purchase,dev_1378,addr_1378
1378,84,2481.7620154173533,purchase,dev_1378,addr_1378
1379,71,1295.3439677223696,purchase,dev_1379,addr_1379
1379,95,1123.9780253116792,purchase,dev_1379,addr_1379
1379,117,599.2800612176618,purchase,dev_1379,addr_1379
1379,134,722.9904090453099,purchase,dev_1379,addr_1379
1379,141,1092.7423098671184,purchase,dev_1379,addr_1379
1380,52,1244.3309899796036,purchase,dev_1380,addr_1380
1380,75,2199.6469769714718,purchase,dev_1380,addr_1380
1380,82,1525.1959818435048,purchase,dev_1380,addr_1380
1380,96,2073.1619955533497,purchase,dev_1380,addr_1380
1380,108,1618.8821016013717,purchase,dev_1380,addr_1380
1381,64,1078.364261309899,purchase,dev_1381,addr_1381
1381,87,1025.8147665504894,purchase,dev_1381,addr_1381
1381,102,1201.724882316302,purchase,dev_1381,addr_1381
1381,120,807.5944590584896,purchase,dev_1381,addr_1381
1381,142,1188.3968827053645,purchase,dev_1381,addr_1381
1382,68,1821.1373096195834,purchase,dev_1382,addr_1382
1382,82,692.969011722612,purchase,dev_1382,addr_1382
1382,88,913.7335855719474,purchase,dev_1382,addr_1382
1383,38,2221.47045037115,purchase,dev_1383,addr_1383
1383,58,3268.1507676115507,purchase,dev_1383,addr_1383
1383,82,1056.4904135066568,purchase,dev_1383,addr_1383
1383,88,1165.637275073342,purchase,dev_1383,addr_1383
1383,91,1268.0731831929436,purchase,dev_1383,addr_1383
1383,109,647.3669972338196,purchase,dev_1383,addr_1383
1383,112,647.3669972338196,return,dev_1383,addr_1383
1384,48,393.7774263180425,purchase,dev_1384,addr_1384
1384,52,1336.9823893483767,purchase,dev_1384,addr_1384
1384,76,3334.8113583934073,purchase,dev_1384,addr_1384
1384,81,843.3116801090526,purchase,dev_1384,addr_1384
1384,103,836.319042547025,purchase,dev_1384,addr_1384
1385,54,668.4235909806922,purchase,dev_1385,addr_1385
1385,69,741.7849641328179,purchase,dev_1385,addr_1385
1385,87,1607.4070754965367,purchase,dev_1385,addr_1385
1385,95,1231.1208677300863,purchase,dev_1385,addr_1385
1385,100,1171.6658686256899,purchase,dev_1385,addr_1385
1385,115,922.9042863977215,purchase,dev_1385,addr_1385
1385,133,1096.7790256087605,purchase,dev_1385,addr_1385
1385,151,1181.2397114570424,purchase,dev_1385,addr_1385
1385,167,947.8966947686313,purchase,dev_1385,addr_1385
1386,78,1017.816039685373,purchase,dev_1386,addr_1386
1386,84,1042.886021865999,purchase,dev_1386,addr_1386
1386,88,942.9310565244514,purchase,dev_1386,addr_1386
1386,103,1317.144651510971,purchase,dev_1386,addr_1386
1386,119,2151.4382033169973,purchase,dev_1386,addr_1386
1387,27,2062.217625205151,purchase,dev_1387,addr_1387
1387,50,1498.2357169154275,purchase,dev_1387,addr_1387
1387,66,1936.7939199929517,purchase,dev_1387,addr_1387
1387,70,1041.1390178038023,purchase,dev_1387,addr_1387
1387,88,1579.2607095757346,purchase,dev_1387,addr_1387
1388,73,2762.0713973587235,purchase,dev_1388,addr_1388
1388,90,1015.3812786026446,purchase,dev_1388,addr_1388
1388,114,1709.5516601221263,purchase,dev_1388,addr_1388
1388,135,978.2059033719424,purchase,dev_1388,addr_1388
1389,52,608.2940816332068,purchase,dev_1389,addr_1389
1389,63,3024.9248216557153,purchase,dev_1389,addr_1389
1390,70,1222.7821305952693,purchase,dev_1390,addr_1390
1390,77,778.5451391129845,purchase,dev_1390,addr_1390
1391,25,1665.4532097818571,purchase,dev_1391,addr_1391
1391,33,2149.9506314135397,purchase,dev_1391,addr_1391
1391,51,1399.36707325169,purchase,dev_1391,addr_1391
1391,64,3827.3692326558266,purchase,dev_1391,addr_1391
1392,38,2691.5983528205456,purchase,dev_1392,addr_1392
1392,41,2786.07447488666,purchase,dev_1392,addr_1392
1392,65,1333.8423913486677,purchase,dev_1392,addr_1392
1392,69,1314.152198962611,purchase,dev_1392,addr_1392
1392,71,1333.8423913486677,return,dev_1392,addr_1392
1393,37,781.8784165291495,purchase,dev_1393,addr_1393
1393,57,1707.5049919338187,purchase,dev_1393,addr_1393
1393,65,1707.5049919338187,return,dev_1393,addr_1393
1393,75,524.2388692421348,purchase,dev_1393,addr_1393
1394,60,1694.2547419640212,purchase,dev_1394,addr_1394
1394,74,1301.063807769326,purchase,dev_1394,addr_1394
1394,90,1366.6719031937143,purchase,dev_1394,addr_1394
1395,43,1687.8774773680589,purchase,dev_1395,addr_1395
1395,55,1587.2602537663497,purchase,dev_1395,addr_1395
1395,75,1138.388375376213,purchase,dev_1395,addr_1395
1395,98,2230.7676005704493,purchase,dev_1395,addr_1395
1396,69,650.8829193438274,purchase,dev_1396,addr_1396
1396,73,532.8084628363799,purchase,dev_1396,addr_1396
1396,96,1584.5839266108956,purchase,dev_1396,addr_1396
1396,104,2349.581657177852,purchase,dev_1396,addr_1396
1396,118,1518.1024232818659,purchase,dev_1396,addr_1396
1396,140,1832.5136099638235,purchase,dev_1396,addr_1396
1396,144,2368.453836017119,purchase,dev_1396,addr_1396
1396,163,902.790716831836,purchase,dev_1396,addr_1396
1396,172,1758.6465286271532,purchase,dev_1396,addr_1396
1397,9,2320.03946997352,purchase,dev_1397,addr_1397
1397,25,1850.6953792067156,purchase,dev_1397,addr_1397
1397,43,1311.76015781485,purchase,dev_1397,addr_1397
1397,65,1632.478060137099,purchase,dev_1397,addr_1397
1397,86,1353.3040873920563,purchase,dev_1397,addr_1397
1398,19,401.03394962818777,purchase,dev_1398,addr_1398
1398,39,1920.2659893423772,purchase,dev_1398,addr_1398
1398,63,1310.6281593231217,purchase,dev_1398,addr_1398
1399,73,751.8266901441162,purchase,dev_1399,addr_1399
1399,96,2559.0517398407014,purchase,dev_1399,addr_1399
1399,100,1393.121199947767,purchase,dev_1399,addr_1399
1399,122,1851.5641547835426,purchase,dev_1399,addr_1399
1399,131,2123.0647567679484,purchase,dev_1399,addr_1399
1399,152,987.330483152722,purchase,dev_1399,addr_1399
1400,47,818.453845255475,purchase,dev_1400,addr_1400
1400,57,1169.3978359516748,purchase,dev_1400,addr_1400
1400,61,2215.468468094167,purchase,dev_1400,addr_1400
1400,67,1911.745235040857,purchase,dev_1400,addr_1400
1400,86,1216.3180871134998,purchase,dev_1400,addr_1400
1400,106,1876.3785225271442,purchase,dev_1400,addr_1400
1400,128,1146.0410652313374,purchase,dev_1400,addr_1400
1401,21,1791.8930546382007,purchase,dev_1401,addr_1401
1401,31,930.9298523364871,purchase,dev_1401,addr_1401
1402,62,946.144510281694,purchase,dev_1402,addr_1402
1402,85,717.3982257786712,purchase,dev_1402,addr_1402
1402,108,1269.5232964281804,purchase,dev_1402,addr_1402
1402,126,1771.9184756767295,purchase,dev_1402,addr_1402
1402,137,663.2665522870233,purchase,dev_1402,addr_1402
1403,71,1071.076989550734,purchase,dev_1403,addr_1403
1403,81,1313.1345709236164,purchase,dev_1403,addr_1403
1403,101,959.3481064518745,purchase,dev_1403,addr_1403
1404,62,1249.6594163483053,purchase,dev_1404,addr_1404
1404,86,1085.8038883443576,purchase,dev_1404,addr_1404
1404,106,2262.9530414918618,purchase,dev_1404,addr_1404
1404,125,684.7369254693352,purchase,dev_1404,addr_1404
1405,37,2688.991516400207,purchase,dev_1405,addr_1405
1405,58,1074.1393022307127,purchase,dev_1405,addr_1405
1405,76,2152.6292960120245,purchase,dev_1405,addr_1405
1406,49,2074.6376185060612,purchase,dev_1406,addr_1406
1406,61,940.0101006953712,purchase,dev_1406,addr_1406
1406,70,1244.9830691018042,purchase,dev_1406,addr_1406
1407,58,972.0569524692739,purchase,dev_1407,addr_1407
1407,72,435.6665094867794,purchase,dev_1407,addr_1407
1407,82,1164.7998937381826,purchase,dev_1407,addr_1407
1407,88,341.4632973697753,purchase,dev_1407,addr_1407
1407,111,2269.5546010304406,purchase,dev_1407,addr_1407
1407,122,1723.639763892855,purchase,dev_1407,addr_1407
1407,145,975.6062486135773,purchase,dev_1407,addr_1407
1408,56,1462.4781292277748,purchase,dev_1408,addr_1408
1408,64,471.92338913452943,purchase,dev_1408,addr_1408
1409,63,547.2796425270009,purchase,dev_1409,addr_1409
1409,86,952.5356000968602,purchase,dev_1409,addr_1409
1410,54,2028.8825547071633,purchase,dev_1410,addr_1410
1410,60,1323.2677572645089,purchase,dev_1410,addr_1410
1411,68,1211.6706835374698,purchase,dev_1411,addr_1411
1411,91,1172.3328898151403,purchase,dev_1411,addr_1411
1411,98,1487.18211260365,purchase,dev_1411,addr_1411
1411,113,915.6141609959784,purchase,dev_1411,addr_1411
1411,123,1414.9084340696647,purchase,dev_1411,addr_1411
1412,22,2577.9586715554615,purchase,dev_1412,addr_1412
1412,30,580.1014551432004,purchase,dev_1412,addr_1412
1412,54,1034.996093706443,purchase,dev_1412,addr_1412
1412,61,1034.996093706443,return,dev_1412,addr_1412
1412,64,1642.1734701686112,purchase,dev_1412,addr_1412
1412,84,1474.8769257485512,purchase,dev_1412,addr_1412
1412,102,562.0688415454186,purchase,dev_1412,addr_1412
1413,44,1324.4783804149804,purchase,dev_1413,addr_1413
1413,47,493.5019794525206,purchase,dev_1413,addr_1413
1413,61,1191.0224318442538,purchase,dev_1413,addr_1413
1414,53,1922.7466524869726,purchase,dev_1414,addr_1414
1414,77,1306.409577801073,purchase,dev_1414,addr_1414
1415,45,2402.757708995144,purchase,dev_1415,addr_1415
1415,48,460.39636959760435,purchase,dev_1415,addr_1415
1416,33,1971.5197806091055,purchase,dev_1416,addr_1416
1416,48,1799.9583585148819,purchase,dev_1416,addr_1416
1416,60,2332.3179958258934,purchase,dev_1416,addr_1416
1416,84,1543.877525303236,purchase,dev_1416,addr_1416
1416,103,763.033485757823,purchase,dev_1416,addr_1416
1417,42,974.6550723936392,purchase,dev_1417,addr_1417
1417,66,1369.8194145188015,purchase,dev_1417,addr_1417
1417,78,780.3395794573731,purchase,dev_1417,addr_1417
1418,15,1721.608081040771,purchase,dev_1418,addr_1418
1418,25,899.0845401256511,purchase,dev_1418,addr_1418
1418,32,2267.366089825957,purchase,dev_1418,addr_1418
1418,53,1199.6341218892014,purchase,dev_1418,addr_1418
1418,71,960.0030992337438,purchase,dev_1418,addr_1418
1419,39,1759.6337989922522,purchase,dev_1419,addr_1419
1419,58,1087.0899866632894,purchase,dev_1419,addr_1419
1419,65,1289.5851772230253,purchase,dev_1419,addr_1419
1420,42,1093.4876523867028,purchase,dev_1420,addr_1420
1420,60,1537.2827403296644,purchase,dev_1420,addr_1420
1420,76,602.2873380207695,purchase,dev_1420,addr_1420
1420,100,1957.839315841887,purchase,dev_1420,addr_1420
1421,37,4035.7262930089983,purchase,dev_1421,addr_1421
1421,45,557.7707452681834,purchase,dev_1421,addr_1421
1421,55,970.3001439860346,purchase,dev_1421,addr_1421
1421,68,1576.8951637315631,purchase,dev_1421,addr_1421
1421,80,962.4607932065167,purchase,dev_1421,addr_1421
1422,66,1915.9722738701848,purchase,dev_1422,addr_1422
1422,70,1306.9811502056573,purchase,dev_1422,addr_1422
1422,92,906.7208935537865,purchase,dev_1422,addr_1422
1422,101,937.8270560583585,purchase,dev_1422,addr_1422
1422,110,1305.4833632617974,purchase,dev_1422,addr_1422
1423,46,3136.449553685019,purchase,dev_1423,addr_1423
1423,69,2004.0799989926454,purchase,dev_1423,addr_1423
1423,75,2004.0799989926454,return,dev_1423,addr_1423
1423,86,1267.643437021696,purchase,dev_1423,addr_1423
1423,89,823.3582491049278,purchase,dev_1423,addr_1423
1423,95,1859.6184057262985,purchase,dev_1423,addr_1423
1424,18,1707.988658559354,purchase,dev_1424,addr_1424
1424,30,1816.7168045106998,purchase,dev_1424,addr_1424
1424,45,1615.7087638110374,purchase,dev_1424,addr_1424
1424,51,2108.0936006756656,purchase,dev_1424,addr_1424
1424,75,1061.2808936617666,purchase,dev_1424,addr_1424
1425,40,1308.588793891789,purchase,dev_1425,addr_1425
1425,51,2355.54896339714,purchase,dev_1425,addr_1425
1425,62,1541.076333942021,purchase,dev_1425,addr_1425
1426,20,2031.7406703915258,purchase,dev_1426,addr_1426
1426,31,1015.2628089048551,purchase,dev_1426,addr_1426
1427,43,1105.4987704244131,purchase,dev_1427,addr_1427
1427,61,1190.7772590768848,purchase,dev_1427,addr_1427
1427,85,1798.19433455355,purchase,dev_1427,addr_1427
1427,103,1364.4945865791353,purchase,dev_1427,addr_1427
1427,122,2373.0885830157044,purchase,dev_1427,addr_1427
1428,46,2487.3504604697664,purchase,dev_1428,addr_1428
1428,66,990.6694523745858,purchase,dev_1428,addr_1428
1428,70,2276.9043595806575,purchase,dev_1428,addr_1428
1428,76,773.7924301729395,purchase,dev_1428,addr_1428
1428,97,1534.6828325300094,purchase,dev_1428,addr_1428
1428,103,1311.6790852759284,purchase,dev_1428,addr_1428
1429,34,1120.565069351247,purchase,dev_1429,addr_1429
1429,50,2415.4562928253517,purchase,dev_1429,addr_1429
1430,43,1817.7332905590376,purchase,dev_1430,addr_1430
1430,63,1039.4636796573745,purchase,dev_1430,addr_1430
1430,76,1031.7144580982738,purchase,dev_1430,addr_1430
1430,83,2486.0240057678084,purchase,dev_1430,addr_1430
1431,46,1717.119204626907,purchase,dev_1431,addr_1431
1431,53,681.5614453914183,purchase,dev_1431,addr_1431
1431,71,1109.6268729569008,purchase,dev_1431,addr_1431
1431,82,493.60160794967294,purchase,dev_1431,addr_1431
1432,23,1791.1694467242178,purchase,dev_1432,addr_1432
1432,40,1365.2098167941824,purchase,dev_1432,addr_1432
1432,48,1376.266678342237,purchase,dev_1432,addr_1432
1432,54,1988.955030094929,purchase,dev_1432,addr_1432
1433,56,541.4030718200327,purchase,dev_1433,addr_1433
1433,64,2397.255542257335,purchase,dev_1433,addr_1433
1433,68,1628.1777515637643,purchase,dev_1433,addr_1433
1433,76,1225.5591772189246,purchase,dev_1433,addr_1433
1433,81,4299.067068605949,purchase,dev_1433,addr_1433
1434,20,1471.7130566330031,purchase,dev_1434,addr_1434
1434,34,1905.5432280840614,purchase,dev_1434,addr_1434
1434,37,2810.805233174756,purchase,dev_1434,addr_1434
1434,59,524.8875902664556,purchase,dev_1434,addr_1434
1434,78,781.5854784951683,purchase,dev_1434,addr_1434
1434,95,1245.9029513108558,purchase,dev_1434,addr_1434
1434,98,598.6378760465266,purchase,dev_1434,addr_1434
1435,65,2631.485749701847,purchase,dev_1435,addr_1435
1435,70,2631.485749701847,return,dev_1435,addr_1435
1435,71,1508.329500734873,purchase,dev_1435,addr_1435
1435,78,1508.329500734873,return,dev_1435,addr_1435
1435,90,790.2187943243822,purchase,dev_1435,addr_1435
1435,92,790.2187943243822,return,dev_1435,addr_1435
1435,95,1907.832194537593,purchase,dev_1435,addr_1435
1436,64,1454.8937504561236,purchase,dev_1436,addr_1436
1436,88,1314.0193617880334,purchase,dev_1436,addr_1436
1436,93,2060.083878064512,purchase,dev_1436,addr_1436
1437,26,3198.6343215898437,purchase,dev_1437,addr_1437
1437,36,604.1322093155267,purchase,dev_1437,addr_1437
1437,44,2778.6127634726104,purchase,dev_1437,addr_1437
1438,44,2886.7100325860133,purchase,dev_1438,addr_1438
1438,57,890.76186372597,purchase,dev_1438,addr_1438
1438,63,3278.9857190447588,purchase,dev_1438,addr_1438
1438,83,2820.584454182668,purchase,dev_1438,addr_1438
1438,95,796.66923847396,purchase,dev_1438,addr_1438
1439,45,728.1373498938497,purchase,dev_1439,addr_1439
1439,59,1732.726377196941,purchase,dev_1439,addr_1439
1439,73,1404.6220352902565,purchase,dev_1439,addr_1439
1439,88,1444.6233986097325,purchase,dev_1439,addr_1439
1440,26,1915.526536596639,purchase,dev_1440,addr_1440
1440,35,882.1375767199311,purchase,dev_1440,addr_1440
1440,49,1131.4259868281822,purchase,dev_1440,addr_1440
1440,53,1131.4259868281822,return,dev_1440,addr_1440
1440,62,1532.552894291969,purchase,dev_1440,addr_1440
1440,70,1179.6549863973655,purchase,dev_1440,addr_1440
1440,90,605.010841747339,purchase,dev_1440,addr_1440
1441,53,817.8742482784755,purchase,dev_1441,addr_1441
1441,66,593.2352619039175,purchase,dev_1441,addr_1441
1441,86,1115.7739648368376,purchase,dev_1441,addr_1441
1441,108,1436.963723850597,purchase,dev_1441,addr_1441
1442,58,2041.5413650446785,purchase,dev_1442,addr_1442
1442,71,537.5622525430624,purchase,dev_1442,addr_1442
1442,86,4481.983456278963,purchase,dev_1442,addr_1442
1442,106,1943.9011788659163,purchase,dev_1442,addr_1442
1442,109,1323.7642850813395,purchase,dev_1442,addr_1442
1443,34,1966.3732904304143,purchase,dev_1443,addr_1443
1443,41,845.9893876344195,purchase,dev_1443,addr_1443
1443,47,2019.933950377172,purchase,dev_1443,addr_1443
1443,57,1428.1042837162495,purchase,dev_1443,addr_1443
1443,60,1908.8968570212833,purchase,dev_1443,addr_1443
1444,69,2610.5746169575878,purchase,dev_1444,addr_1444
1444,78,557.2904608500924,purchase,dev_1444,addr_1444
1445,32,790.6420907731988,purchase,dev_1445,addr_1445
1445,40,540.4934693550367,purchase,dev_1445,addr_1445
1445,61,386.2412575263679,purchase,dev_1445,addr_1445
1445,73,1905.9860032024408,purchase,dev_1445,addr_1445
1445,88,1314.7985323646137,purchase,dev_1445,addr_1445
1446,40,684.9737420012156,purchase,dev_1446,addr_1446
1446,43,1051.5147788314507,purchase,dev_1446,addr_1446
1447,17,2153.03472924524,purchase,dev_1447,addr_1447
1447,28,1126.3658793076959,purchase,dev_1447,addr_1447
1447,47,2089.8352427039385,purchase,dev_1447,addr_1447
1447,56,1221.987902169678,purchase,dev_1447,addr_1447
1447,64,1926.2966139543164,purchase,dev_1447,addr_1447
1447,87,930.1687385783944,purchase,dev_1447,addr_1447
1448,79,3336.866403676735,purchase,dev_1448,addr_1448
1448,85,3336.866403676735,return,dev_1448,addr_1448
1448,102,955.5907941095884,purchase,dev_1448,addr_1448
1448,125,1688.4114713203094,purchase,dev_1448,addr_1448
1448,128,1070.1317344820993,purchase,dev_1448,addr_1448
1449,79,1503.6513253611804,purchase,dev_1449,addr_1449
1449,87,2852.4089773277387,purchase,dev_1449,addr_1449
1449,109,1234.8854334500475,purchase,dev_1449,addr_1449
1449,114,1343.851711266855,purchase,dev_1449,addr_1449
1449,137,1777.1775212084588,purchase,dev_1449,addr_1449
1449,154,1037.373742064379,purchase,dev_1449,addr_1449
1450,25,2803.873886815418,purchase,dev_1450,addr_1450
1450,30,2803.873886815418,return,dev_1450,addr_1450
1450,40,917.029309145313,purchase,dev_1450,addr_1450
1450,52,1401.8146455204503,purchase,dev_1450,addr_1450
1450,69,1550.3449372875164,purchase,dev_1450,addr_1450
1450,83,658.3568832899566,purchase,dev_1450,addr_1450
1451,52,451.50460402824547,purchase,dev_1451,addr_1451
1451,58,662.196561393765,purchase,dev_1451,addr_1451
1451,64,2263.4789508043364,purchase,dev_1451,addr_1451
1451,75,421.8780061382077,purchase,dev_1451,addr_1451
1451,81,3645.5717444802326,purchase,dev_1451,addr_1451
1451,105,775.6195203700341,purchase,dev_1451,addr_1451
1451,120,1257.1035852583375,purchase,dev_1451,addr_1451
1451,126,1403.1875262697324,purchase,dev_1451,addr_1451
1452,41,1126.554704255857,purchase,dev_1452,addr_1452
1452,65,1651.7629639570114,purchase,dev_1452,addr_1452
1452,88,2010.1870328151365,purchase,dev_1452,addr_1452
1453,25,1937.3463564116266,purchase,dev_1453,addr_1453
1453,32,1937.3463564116266,return,dev_1453,addr_1453
1454,25,2511.4513700661096,purchase,dev_1454,addr_1454
1454,33,3769.1284177140005,purchase,dev_1454,addr_1454
1454,48,1588.159203507444,purchase,dev_1454,addr_1454
1454,68,1346.7289385560828,purchase,dev_1454,addr_1454
1454,75,1346.7289385560828,return,dev_1454,addr_1454
1455,43,1455.1228697715997,purchase,dev_1455,addr_1455
1455,52,3153.6087039434574,purchase,dev_1455,addr_1455
1455,60,1468.3266395005787,purchase,dev_1455,addr_1455
1455,64,1752.3298824129622,purchase,dev_1455,addr_1455
1456,66,1299.1973693899997,purchase,dev_1456,addr_1456
1456,87,3099.443024956408,purchase,dev_1456,addr_1456
1456,92,479.94787180701144,purchase,dev_1456,addr_1456
1456,115,1897.0865562737613,purchase,dev_1456,addr_1456
1457,59,3698.345592674713,purchase,dev_1457,addr_1457
1457,83,610.8246813654899,purchase,dev_1457,addr_1457
1457,93,756.6057440264344,purchase,dev_1457,addr_1457
1457,115,1280.2117917969447,purchase,dev_1457,addr_1457
1457,137,3352.2200927098665,purchase,dev_1457,addr_1457
1457,144,3352.2200927098665,return,dev_1457,addr_1457
1458,79,1346.7048424505174,purchase,dev_1458,addr_1458
1458,86,1815.4006199383493,purchase,dev_1458,addr_1458
1458,98,492.81577680488454,purchase,dev_1458,addr_1458
1458,104,1555.6656624258337,purchase,dev_1458,addr_1458
1458,107,2818.2107321126114,purchase,dev_1458,addr_1458
1458,124,1271.0541409878767,purchase,dev_1458,addr_1458
1459,38,1246.4742977750705,purchase,dev_1459,addr_1459
1459,55,1640.1464827054965,purchase,dev_1459,addr_1459
1459,64,1640.1464827054965,return,dev_1459,addr_1459
1459,67,870.5837704377,purchase,dev_1459,addr_1459
1459,77,2126.519286892118,purchase,dev_1459,addr_1459
1460,37,1525.5350665066435,purchase,dev_1460,addr_1460
1460,43,1468.5545701010274,purchase,dev_1460,addr_1460
1460,46,1525.5350665066435,return,dev_1460,addr_1460
1460,65,1589.8865273065035,purchase,dev_1460,addr_1460
1461,42,1586.075773833218,purchase,dev_1461,addr_1461
1461,53,2191.506741916918,purchase,dev_1461,addr_1461
1461,74,894.2152950395032,purchase,dev_1461,addr_1461
1461,81,2186.199420360323,purchase,dev_1461,addr_1461
1461,97,446.3952202026194,purchase,dev_1461,addr_1461
1462,22,1036.13623256848,purchase,dev_1462,addr_1462
1462,37,958.0302754431775,purchase,dev_1462,addr_1462
1462,52,1632.3706653515553,purchase,dev_1462,addr_1462
1463,22,1847.9237680616118,purchase,dev_1463,addr_1463
1463,25,1847.9237680616118,return,dev_1463,addr_1463
1463,32,2236.068233156836,purchase,dev_1463,addr_1463
1463,39,670.7748375413126,purchase,dev_1463,addr_1463
1463,50,1878.9208114511207,purchase,dev_1463,addr_1463
1463,52,1878.9208114511207,return,dev_1463,addr_1463
1464,55,2704.5696489849815,purchase,dev_1464,addr_1464
1464,59,1474.288766823145,purchase,dev_1464,addr_1464
1465,53,816.7192283052218,purchase,dev_1465,addr_1465
1465,65,2500.0662880501304,purchase,dev_1465,addr_1465
1465,69,2500.0662880501304,return,dev_1465,addr_1465
1465,82,2294.398703754097,purchase,dev_1465,addr_1465
1465,105,3204.602846171359,purchase,dev_1465,addr_1465
1466,80,1466.8626879098622,purchase,dev_1466,addr_1466
1466,87,2691.5905556526773,purchase,dev_1466,addr_1466
1466,99,1183.5674534326133,purchase,dev_1466,addr_1466
1466,112,1100.4799672442523,purchase,dev_1466,addr_1466
1467,64,1700.06294587637,purchase,dev_1467,addr_1467
1467,76,809.1616803667184,purchase,dev_1467,addr_1467
1467,96,2060.9840045472156,purchase,dev_1467,addr_1467
1468,62,1054.5100233028356,purchase,dev_1468,addr_1468
1468,68,1054.5100233028356,return,dev_1468,addr_1468
1468,83,1787.2027865742537,purchase,dev_1468,addr_1468
1468,99,347.7135368388668,purchase,dev_1468,addr_1468
1468,107,667.3448266535145,purchase,dev_1468,addr_1468
1468,118,396.53466254995016,purchase,dev_1468,addr_1468
1468,131,2027.9583072153823,purchase,dev_1468,addr_1468
1469,75,2519.9956516948455,purchase,dev_1469,addr_1469
1469,80,1315.9858004645243,purchase,dev_1469,addr_1469
1469,93,1080.69689194883,purchase,dev_1469,addr_1469
1469,110,3507.7722635749906,purchase,dev_1469,addr_1469
1469,122,2650.0961965184333,purchase,dev_1469,addr_1469
1470,69,1247.484053984642,purchase,dev_1470,addr_1470
1470,79,2163.8172795407545,purchase,dev_1470,addr_1470
1470,92,820.9799004808144,purchase,dev_1470,addr_1470
1470,97,900.9581813691138,purchase,dev_1470,addr_1470
1470,114,1722.6371152950694,purchase,dev_1470,addr_1470
1470,118,1100.321528116614,purchase,dev_1470,addr_1470
1471,40,3565.5317045420097,purchase,dev_1471,addr_1471
1471,63,2160.2026514242425,purchase,dev_1471,addr_1471
1471,71,1181.723058077067,purchase,dev_1471,addr_1471
1471,75,2875.535495181559,purchase,dev_1471,addr_1471
1472,9,2414.7375550717247,purchase,dev_1472,addr_1472
1472,31,1952.5461938663207,purchase,dev_1472,addr_1472
1472,52,1460.8566260854298,purchase,dev_1472,addr_1472
1473,35,1819.7063626855554,purchase,dev_1473,addr_1473
1473,59,1094.4387907121381,purchase,dev_1473,addr_1473
1473,79,1181.9387521524939,purchase,dev_1473,addr_1473
1474,63,1381.9429993036679,purchase,dev_1474,addr_1474
1474,84,2780.60947679745,purchase,dev_1474,addr_1474
1474,98,2626.8329406835524,purchase,dev_1474,addr_1474
1475,45,1579.2817823704308,purchase,dev_1475,addr_1475
1475,64,1890.2957588459437,purchase,dev_1475,addr_1475
1476,74,3798.5624760034434,purchase,dev_1476,addr_1476
1476,82,1459.0936846707853,purchase,dev_1476,addr_1476
1476,85,1888.3185974111339,purchase,dev_1476,addr_1476
1476,90,953.4208731606144,purchase,dev_1476,addr_1476
1477,27,1086.6411112360804,purchase,dev_1477,addr_1477
1477,39,1452.9264985267362,purchase,dev_1477,addr_1477
1477,59,4666.9320819257055,purchase,dev_1477,addr_1477
1477,65,621.5285694831604,purchase,dev_1477,addr_1477
1477,80,1098.3523284784335,purchase,dev_1477,addr_1477
1477,91,497.0744656489811,purchase,dev_1477,addr_1477
1478,33,1343.5796469669206,purchase,dev_1478,addr_1478
1478,37,2781.526505494932,purchase,dev_1478,addr_1478
1478,46,2825.6749728356303,purchase,dev_1478,addr_1478
1478,51,1971.9602624077968,purchase,dev_1478,addr_1478
1479,38,1045.8658252293608,purchase,dev_1479,addr_1479
1479,40,1045.8658252293608,return,dev_1479,addr_1479
1479,58,886.6869732527192,purchase,dev_1479,addr_1479
1479,63,1269.2118695897775,purchase,dev_1479,addr_1479
1480,26,1794.5004569605705,purchase,dev_1480,addr_1480
1480,36,1017.5166869379203,purchase,dev_1480,addr_1480
1480,39,1017.5166869379203,return,dev_1480,addr_1480
1480,45,1198.9168428713897,purchase,dev_1480,addr_1480
1480,67,1145.4812402587133,purchase,dev_1480,addr_1480
1481,46,1447.546252812611,purchase,dev_1481,addr_1481
1481,63,951.0129734607599,purchase,dev_1481,addr_1481
1481,69,1122.526869221337,purchase,dev_1481,addr_1481
1481,85,950.8288596506251,purchase,dev_1481,addr_1481
1481,95,563.8768031227936,purchase,dev_1481,addr_1481
1481,100,2230.7543253246286,purchase,dev_1481,addr_1481
1482,35,3565.9535689854456,purchase,dev_1482,addr_1482
1482,58,1260.2177571175332,purchase,dev_1482,addr_1482
1482,82,1047.7331049533036,purchase,dev_1482,addr_1482
1482,106,1429.9013236221215,purchase,dev_1482,addr_1482
1482,125,1722.914693220232,purchase,dev_1482,addr_1482
1482,137,1564.2909363942258,purchase,dev_1482,addr_1482
1482,144,1072.8264425709856,purchase,dev_1482,addr_1482
1483,67,1161.1880999833945,purchase,dev_1483,addr_1483
1483,86,2305.474799438529,purchase,dev_1483,addr_1483
1483,102,1347.1258754058708,purchase,dev_1483,addr_1483
1483,105,1347.1258754058708,return,dev_1483,addr_1483
1483,105,2058.1444098151746,purchase,dev_1483,addr_1483
1484,51,989.4591368327426,purchase,dev_1484,addr_1484
1484,73,1003.7986864721463,purchase,dev_1484,addr_1484
1484,77,1157.336447764056,purchase,dev_1484,addr_1484
1484,92,1533.8422676134205,purchase,dev_1484,addr_1484
1484,96,1817.652489832044,purchase,dev_1484,addr_1484
1485,59,414.0600579580534,purchase,dev_1485,addr_1485
1485,78,1272.9929243984034,purchase,dev_1485,addr_1485
1485,86,384.6074674736504,purchase,dev_1485,addr_1485
1485,89,932.4436396306621,purchase,dev_1485,addr_1485
1485,106,800.6541034934967,purchase,dev_1485,addr_1485
1486,55,647.4050874210329,purchase,dev_1486,addr_1486
1486,71,1584.8966554551148,purchase,dev_1486,addr_1486
1486,76,661.7605728431537,purchase,dev_1486,addr_1486
1486,82,2022.2673746344965,purchase,dev_1486,addr_1486
1487,68,716.3657675239845,purchase,dev_1487,addr_1487
1487,90,1613.0686744027114,purchase,dev_1487,addr_1487
1487,96,1863.9053925116925,purchase,dev_1487,addr_1487
1487,113,1289.9835476469593,purchase,dev_1487,addr_1487
1487,133,896.5665941866332,purchase,dev_1487,addr_1487
1488,65,1388.7075532402548,purchase,dev_1488,addr_1488
1488,81,1306.4039324908529,purchase,dev_1488,addr_1488
1489,43,682.7998860406262,purchase,dev_1489,addr_1489
1489,53,2025.7006064789298,purchase,dev_1489,addr_1489
1489,61,623.0360850909655,purchase,dev_1489,addr_1489
1489,66,623.0360850909655,return,dev_1489,addr_1489
1489,75,1279.978996911179,purchase,dev_1489,addr_1489
1489,89,1555.586782003841,purchase,dev_1489,addr_1489
1490,65,963.6454978514998,purchase,dev_1490,addr_1490
1490,83,1238.5904308658332,purchase,dev_1490,addr_1490
1490,101,1073.9401494551769,purchase,dev_1490,addr_1490
1490,115,1410.6515743027544,purchase,dev_1490,addr_1490
1491,78,771.7227890860386,purchase,dev_1491,addr_1491
1491,82,3093.976609851704,purchase,dev_1491,addr_1491
1491,104,735.119216538048,purchase,dev_1491,addr_1491
1491,113,1162.4757612912372,purchase,dev_1491,addr_1491
1492,6,509.235566886973,purchase,dev_1492,addr_1492
1492,26,1264.5813820940557,purchase,dev_1492,addr_1492
1492,35,972.9146286185903,purchase,dev_1492,addr_1492
1493,72,807.8111949329312,purchase,dev_1493,addr_1493
1493,77,1009.0092248578018,purchase,dev_1493,addr_1493
1493,86,888.3118310044173,purchase,dev_1493,addr_1493
1493,103,1699.219463576779,purchase,dev_1493,addr_1493
1493,125,818.0481525503602,purchase,dev_1493,addr_1493
1494,57,1320.4188502591328,purchase,dev_1494,addr_1494
1494,70,1856.1086141753651,purchase,dev_1494,addr_1494
1494,79,464.2119760912704,purchase,dev_1494,addr_1494
1495,5,2398.218822969184,purchase,dev_1495,addr_1495
1495,13,2398.218822969184,return,dev_1495,addr_1495
1495,25,1286.1471524519218,purchase,dev_1495,addr_1495
1495,30,1672.5513842808036,purchase,dev_1495,addr_1495
1495,54,808.722906536289,purchase,dev_1495,addr_1495
1496,61,1146.2928182204632,purchase,dev_1496,addr_1496
1496,78,2079.9256546744136,purchase,dev_1496,addr_1496
1496,98,1755.7659521833182,purchase,dev_1496,addr_1496
1496,113,2389.6317401048655,purchase,dev_1496,addr_1496
1496,120,2389.6317401048655,return,dev_1496,addr_1496
1496,133,612.403737172825,purchase,dev_1496,addr_1496
1497,77,922.0466381901193,purchase,dev_1497,addr_1497
1497,94,1275.1193080212274,purchase,dev_1497,addr_1497
1497,113,1703.147942355329,purchase,dev_1497,addr_1497
1497,135,1459.1894375501165,purchase,dev_1497,addr_1497
1497,154,2216.594928369512,purchase,dev_1497,addr_1497
1498,63,1294.8759307721666,purchase,dev_1498,addr_1498
1498,80,622.4472070742969,purchase,dev_1498,addr_1498
1498,86,2067.4097739624212,purchase,dev_1498,addr_1498
1498,107,3474.3517675713924,purchase,dev_1498,addr_1498
1499,47,1317.5835888611111,purchase,dev_1499,addr_1499
1499,66,1466.9986797428242,purchase,dev_1499,addr_1499
1500,32,1028.9211549583902,purchase,dev_1500,addr_1500
1500,43,1107.124354398576,purchase,dev_1500,addr_1500
1500,52,1022.8877368551211,purchase,dev_1500,addr_1500
1500,60,1022.8877368551211,return,dev_1500,addr_1500
1500,74,978.4460456796035,purchase,dev_1500,addr_1500
1500,88,1501.902741515324,purchase,dev_1500,addr_1500
1501,57,1313.1428869300976,purchase,dev_1501,addr_1501
1502,34,1047.0489288380304,purchase,dev_1502,addr_1502
1502,50,2377.955866290125,purchase,dev_1502,addr_1502
1502,55,3552.8041431805505,purchase,dev_1502,addr_1502
1502,65,1402.1113233126457,purchase,dev_1502,addr_1502
1502,88,3157.537839850218,purchase,dev_1502,addr_1502
1502,108,2281.2564040226625,purchase,dev_1502,addr_1502
1502,111,2281.2564040226625,return,dev_1502,addr_1502
1503,67,1451.7216429876096,purchase,dev_1503,addr_1503
1503,88,902.5103189274645,purchase,dev_1503,addr_1503
1503,93,759.7196326940345,purchase,dev_1503,addr_1503
1504,30,1230.858277785144,purchase,dev_1504,addr_1504
1504,47,1454.9856783695743,purchase,dev_1504,addr_1504
1505,43,906.6972019879784,purchase,dev_1505,addr_1505
1505,60,1428.8286694736714,purchase,dev_1505,addr_1505
1505,83,1202.8065009789293,purchase,dev_1505,addr_1505
1505,103,4496.672570567693,purchase,dev_1505,addr_1505
1505,115,2472.564348954264,purchase,dev_1505,addr_1505
1505,131,1212.5297628653568,purchase,dev_1505,addr_1505
1506,44,1250.919039528458,purchase,dev_1506,addr_1506
1506,50,1310.546667333796,purchase,dev_1506,addr_1506
1507,22,2527.1098428498544,purchase,dev_1507,addr_1507
1507,45,1237.1651544946428,purchase,dev_1507,addr_1507
1507,54,3195.466732003725,purchase,dev_1507,addr_1507
1508,19,1256.815714572262,purchase,dev_1508,addr_1508
1508,43,1692.9113280277559,purchase,dev_1508,addr_1508
1508,49,1730.033579151999,purchase,dev_1508,addr_1508
1508,64,1331.2303227917694,purchase,dev_1508,addr_1508
1508,85,864.1867443728464,purchase,dev_1508,addr_1508
1508,108,872.3441099951078,purchase,dev_1508,addr_1508
1508,128,780.8666915655372,purchase,dev_1508,addr_1508
1508,146,402.5167073863882,purchase,dev_1508,addr_1508
1509,19,1759.3040801196362,purchase,dev_1509,addr_1509
1509,25,1070.9387263813842,purchase,dev_1509,addr_1509
1509,42,2428.980709137812,purchase,dev_1509,addr_1509
1509,54,2264.382417189321,purchase,dev_1509,addr_1509
1509,68,1445.083276301781,purchase,dev_1509,addr_1509
1510,31,1811.0475074836331,purchase,dev_1510,addr_1510
1510,49,1129.421543516313,purchase,dev_1510,addr_1510
1510,64,1159.8350884845727,purchase,dev_1510,addr_1510
1510,77,2000.9054735245504,purchase,dev_1510,addr_1510
1510,89,1154.1582137168757,purchase,dev_1510,addr_1510
1511,31,3881.7372164063745,purchase,dev_1511,addr_1511
1511,39,2874.9472002360735,purchase,dev_1511,addr_1511
1511,56,727.8860498728651,purchase,dev_1511,addr_1511
1511,73,784.808532983333,purchase,dev_1511,addr_1511
1511,95,1277.8809665875121,purchase,dev_1511,addr_1511
1511,108,1761.2462596095422,purchase,dev_1511,addr_1511
1512,79,1335.0891610606166,purchase,dev_1512,addr_1512
1512,90,1968.3965861947993,purchase,dev_1512,addr_1512
1512,111,2810.479765750218,purchase,dev_1512,addr_1512
1512,115,1343.9664133369702,purchase,dev_1512,addr_1512
1512,119,1343.9664133369702,return,dev_1512,addr_1512
1513,43,734.6254252913038,purchase,dev_1513,addr_1513
1513,66,835.673076300811,purchase,dev_1513,addr_1513
1513,73,986.2897544661272,purchase,dev_1513,addr_1513
1513,82,1007.5089791941558,purchase,dev_1513,addr_1513
1513,89,1336.8004049352664,purchase,dev_1513,addr_1513
1513,107,2103.6369262364574,purchase,dev_1513,addr_1513
1513,119,466.7161932687506,purchase,dev_1513,addr_1513
1514,76,1364.2573480332262,purchase,dev_1514,addr_1514
1514,85,1364.2573480332262,return,dev_1514,addr_1514
1514,90,3023.431408939354,purchase,dev_1514,addr_1514
1514,96,1540.135523751937,purchase,dev_1514,addr_1514
1514,112,1000.4913740959767,purchase,dev_1514,addr_1514
1514,115,1000.4913740959767,return,dev_1514,addr_1514
1514,136,1056.2763040877933,purchase,dev_1514,addr_1514
1515,59,1403.1814192593324,purchase,dev_1515,addr_1515
1515,64,2132.5159032271486,purchase,dev_1515,addr_1515
1515,69,2132.5159032271486,return,dev_1515,addr_1515
1515,79,855.8014830330558,purchase,dev_1515,addr_1515
1515,103,1163.037677045072,purchase,dev_1515,addr_1515
1515,123,2693.971584745424,purchase,dev_1515,addr_1515
1516,52,1432.0164851192492,purchase,dev_1516,addr_1516
1516,65,1119.3603310042604,purchase,dev_1516,addr_1516
1516,83,1270.277830042752,purchase,dev_1516,addr_1516
1516,106,733.0323184869856,purchase,dev_1516,addr_1516
1516,109,2280.810172250405,purchase,dev_1516,addr_1516
1517,45,1655.228164612083,purchase,dev_1517,addr_1517
1517,58,647.3154831592544,purchase,dev_1517,addr_1517
1517,80,983.6571052020487,purchase,dev_1517,addr_1517
1517,93,1872.2465322520093,purchase,dev_1517,addr_1517
1517,97,1547.5613311976183,purchase,dev_1517,addr_1517
1517,100,1318.9933461248495,purchase,dev_1517,addr_1517
1518,50,625.2855588656009,purchase,dev_1518,addr_1518
1518,73,782.5389656207582,purchase,dev_1518,addr_1518
1518,83,1089.9490147071633,purchase,dev_1518,addr_1518
1518,90,898.5350010216865,purchase,dev_1518,addr_1518
1518,109,1928.3031386845707,purchase,dev_1518,addr_1518
1518,118,936.7923116426759,purchase,dev_1518,addr_1518
1518,121,3410.988226058805,purchase,dev_1518,addr_1518
1519,57,1184.5480586433018,purchase,dev_1519,addr_1519
1519,69,2562.7429515219533,purchase,dev_1519,addr_1519
1519,81,2381.917584163412,purchase,dev_1519,addr_1519
1519,88,1587.5326292526654,purchase,dev_1519,addr_1519
1519,92,898.0656364539697,purchase,dev_1519,addr_1519
1519,100,3069.0478481423975,purchase,dev_1519,addr_1519
1519,110,1360.5525075830044,purchase,dev_1519,addr_1519
1519,127,831.9453201465577,purchase,dev_1519,addr_1519
1520,37,1271.207066421424,purchase,dev_1520,addr_1520
1520,50,1898.1368031906907,purchase,dev_1520,addr_1520
1521,18,1389.7746716263284,purchase,dev_1521,addr_1521
1521,26,1524.8884170667839,purchase,dev_1521,addr_1521
1521,36,660.499569200191,purchase,dev_1521,addr_1521
1521,57,989.1727378048791,purchase,dev_1521,addr_1521
1522,59,1551.2824261899486,purchase,dev_1522,addr_1522
1522,79,3611.3324289383227,purchase,dev_1522,addr_1522
1522,90,1284.430125439574,purchase,dev_1522,addr_1522
1523,63,1529.626153259757,purchase,dev_1523,addr_1523
1523,81,2512.540067137559,purchase,dev_1523,addr_1523
1524,32,1320.192539970586,purchase,dev_1524,addr_1524
1524,39,1320.192539970586,return,dev_1524,addr_1524
1524,39,1053.800384066172,purchase,dev_1524,addr_1524
1525,42,833.6117353051832,purchase,dev_1525,addr_1525
1525,45,689.8974162960902,purchase,dev_1525,addr_1525
1525,52,1150.081311227741,purchase,dev_1525,addr_1525
1525,63,1829.4225778473296,purchase,dev_1525,addr_1525
1525,74,975.6567479540504,purchase,dev_1525,addr_1525
1525,83,1453.157040302975,purchase,dev_1525,addr_1525
1525,96,1083.4997982234195,purchase,dev_1525,addr_1525
1525,117,1341.4112140860207,purchase,dev_1525,addr_1525
1525,134,1269.6565488812896,purchase,dev_1525,addr_1525
1526,63,1161.2675534593855,purchase,dev_1526,addr_1526
1526,72,2983.2623892929423,purchase,dev_1526,addr_1526
1527,65,624.6927488601045,purchase,dev_1527,addr_1527
1527,76,1474.014481288068,purchase,dev_1527,addr_1527
1527,93,1292.403034203489,purchase,dev_1527,addr_1527
1527,95,1292.403034203489,return,dev_1527,addr_1527
1528,63,1427.8400592051223,purchase,dev_1528,addr_1528
1528,78,1030.5645729990808,purchase,dev_1528,addr_1528
1528,83,670.3764579479199,purchase,dev_1528,addr_1528
1528,94,1696.679227161959,purchase,dev_1528,addr_1528
1528,103,1696.679227161959,return,dev_1528,addr_1528
1529,71,755.709284384183,purchase,dev_1529,addr_1529
1529,77,1192.0483651729528,purchase,dev_1529,addr_1529
1529,86,2127.037317482913,purchase,dev_1529,addr_1529
1529,106,947.5390838762311,purchase,dev_1529,addr_1529
1530,50,1943.8254024536607,purchase,dev_1530,addr_1530
1530,56,2513.5536927672683,purchase,dev_1530,addr_1530
1530,72,856.6537252195263,purchase,dev_1530,addr_1530
1530,76,852.359160441584,purchase,dev_1530,addr_1530
1530,94,2271.7218796625184,purchase,dev_1530,addr_1530
1530,115,1915.073327172329,purchase,dev_1530,addr_1530
1531,47,1890.8719072543836,purchase,dev_1531,addr_1531
1531,56,1326.2080733270727,purchase,dev_1531,addr_1531
1531,68,1408.076770749359,purchase,dev_1531,addr_1531
1531,80,1194.6488990489447,purchase,dev_1531,addr_1531
1531,101,1195.9122719427678,purchase,dev_1531,addr_1531
1531,105,1195.9122719427678,return,dev_1531,addr_1531
1531,117,1839.432567558856,purchase,dev_1531,addr_1531
1532,36,744.4941555741415,purchase,dev_1532,addr_1532
1532,50,640.0696013471564,purchase,dev_1532,addr_1532
1532,61,1169.5122370047088,purchase,dev_1532,addr_1532
1532,64,2582.064484475524,purchase,dev_1532,addr_1532
1532,87,1062.4610408326532,purchase,dev_1532,addr_1532
1532,102,780.732233354859,purchase,dev_1532,addr_1532
1533,29,807.9337019338075,purchase,dev_1533,addr_1533
1533,45,1263.0877654720114,purchase,dev_1533,addr_1533
1533,55,1736.6175102188197,purchase,dev_1533,addr_1533
1533,75,1229.9649455132878,purchase,dev_1533,addr_1533
1534,52,683.3304772225342,purchase,dev_1534,addr_1534
1534,74,1363.2455259535404,purchase,dev_1534,addr_1534
1535,42,2599.908744339644,purchase,dev_1535,addr_1535
1535,48,463.12778475672775,purchase,dev_1535,addr_1535
1535,51,781.1680270563812,purchase,dev_1535,addr_1535
1536,56,1313.3508812719385,purchase,dev_1536,addr_1536
1536,76,2480.3376398408245,purchase,dev_1536,addr_1536
1536,85,1783.3953239797204,purchase,dev_1536,addr_1536
1537,34,3137.1714045084414,purchase,dev_1537,addr_1537
1537,53,1150.6748290203107,purchase,dev_1537,addr_1537
1538,19,1040.8339940362332,purchase,dev_1538,addr_1538
1538,23,1720.1763677270687,purchase,dev_1538,addr_1538
1538,45,1476.6804783425132,purchase,dev_1538,addr_1538
1538,62,1040.0207075435424,purchase,dev_1538,addr_1538
1538,70,1162.3845367334563,purchase,dev_1538,addr_1538
1539,24,1221.3332949210333,purchase,dev_1539,addr_1539
1539,32,1221.3332949210333,return,dev_1539,addr_1539
1539,43,2628.650906944505,purchase,dev_1539,addr_1539
1539,53,1494.6616767857813,purchase,dev_1539,addr_1539
1540,56,1087.794872442881,purchase,dev_1540,addr_1540
1540,66,378.2233647494563,purchase,dev_1540,addr_1540
1541,18,1691.1850839247004,purchase,dev_1541,addr_1541
1541,29,1160.236877172554,purchase,dev_1541,addr_1541
1541,53,958.2703435470579,purchase,dev_1541,addr_1541
1541,75,2030.5412125951107,purchase,dev_1541,addr_1541
1542,34,1601.6889787938735,purchase,dev_1542,addr_1542
1542,47,1034.5904172224184,purchase,dev_1542,addr_1542
1542,51,1066.7581141835135,purchase,dev_1542,addr_1542
1543,41,930.9455905417525,purchase,dev_1543,addr_1543
1543,53,1220.9912268618132,purchase,dev_1543,addr_1543
1543,70,302.9222945103895,purchase,dev_1543,addr_1543
1543,79,1064.7021848304119,purchase,dev_1543,addr_1543
1543,95,656.9750508842844,purchase,dev_1543,addr_1543
1543,98,1749.7855165639276,purchase,dev_1543,addr_1543
1544,49,1552.674457749783,purchase,dev_1544,addr_1544
1544,51,1552.674457749783,return,dev_1544,addr_1544
1544,70,1552.5330577234906,purchase,dev_1544,addr_1544
1544,83,1932.2742682344292,purchase,dev_1544,addr_1544
1544,100,541.9867655978901,purchase,dev_1544,addr_1544
1545,13,791.4655040092929,purchase,dev_1545,addr_1545
1545,37,695.4850840258131,purchase,dev_1545,addr_1545
1545,55,3422.1310940617136,purchase,dev_1545,addr_1545
1545,66,1129.169393247148,purchase,dev_1545,addr_1545
1545,86,2109.681939482427,purchase,dev_1545,addr_1545
1545,107,1162.1555040998112,purchase,dev_1545,addr_1545
1545,111,2491.0092766582056,purchase,dev_1545,addr_1545
1545,134,2189.7009485305643,purchase,dev_1545,addr_1545
1546,6,3233.9931120102096,purchase,dev_1546,addr_1546
1546,27,1803.1951327768975,purchase,dev_1546,addr_1546
1546,40,1208.0237161319053,purchase,dev_1546,addr_1546
1546,59,1740.47615195856,purchase,dev_1546,addr_1546
1546,75,798.3105289469067,purchase,dev_1546,addr_1546
1547,24,1158.9822624978838,purchase,dev_1547,addr_1547
1547,43,2690.7559781367377,purchase,dev_1547,addr_1547
1547,58,2164.793066255839,purchase,dev_1547,addr_1547
1547,69,2419.975856347504,purchase,dev_1547,addr_1547
1548,71,2262.203960316682,purchase,dev_1548,addr_1548
1548,95,819.7565938595568,purchase,dev_1548,addr_1548
1548,110,921.468115983271,purchase,dev_1548,addr_1548
1548,118,1025.0544520594335,purchase,dev_1548,addr_1548
1548,123,1354.5164911151717,purchase,dev_1548,addr_1548
1548,126,1354.5164911151717,return,dev_1548,addr_1548
1549,42,1345.151791275452,purchase,dev_1549,addr_1549
1549,48,1014.1699354678165,purchase,dev_1549,addr_1549
1549,64,1555.0467378772876,purchase,dev_1549,addr_1549
1549,78,441.33382274980613,purchase,dev_1549,addr_1549
1550,47,2147.6990504555947,purchase,dev_1550,addr_1550
1550,57,1186.474537337992,purchase,dev_1550,addr_1550
1550,60,816.872364109359,purchase,dev_1550,addr_1550
1551,54,1154.739014461181,purchase,dev_1551,addr_1551
1551,65,1263.7675385275083,purchase,dev_1551,addr_1551
1551,68,1426.9508564760795,purchase,dev_1551,addr_1551
1552,35,2818.8530966478856,purchase,dev_1552,addr_1552
1552,44,1998.77734240119,purchase,dev_1552,addr_1552
1552,56,1215.5871524071727,purchase,dev_1552,addr_1552
1552,74,1116.290473450232,purchase,dev_1552,addr_1552
1552,84,1127.909942456573,purchase,dev_1552,addr_1552
1552,100,1396.5096582139734,purchase,dev_1552,addr_1552
1552,109,1555.2376499492034,purchase,dev_1552,addr_1552
1552,123,919.7085732923874,purchase,dev_1552,addr_1552
1552,133,1727.8055228941287,purchase,dev_1552,addr_1552
1553,64,1574.0665638825442,purchase,dev_1553,addr_1553
1554,48,1105.4996280180603,purchase,dev_1554,addr_1554
1554,55,1105.4996280180603,return,dev_1554,addr_1554
1554,71,2697.989500859715,purchase,dev_1554,addr_1554
1554,91,1244.2674135261666,purchase,dev_1554,addr_1554
1554,109,1605.6775718312626,purchase,dev_1554,addr_1554
1555,60,1127.2103636165932,purchase,dev_1555,addr_1555
1555,80,3179.2811300405556,purchase,dev_1555,addr_1555
1555,87,1457.8723100343561,purchase,dev_1555,addr_1555
1555,105,715.5622535396072,purchase,dev_1555,addr_1555
1556,34,475.32148648669397,purchase,dev_1556,addr_1556
1556,46,865.885177276909,purchase,dev_1556,addr_1556
1557,28,886.4932011800367,purchase,dev_1557,addr_1557
1557,47,1913.920106939574,purchase,dev_1557,addr_1557
1557,62,648.9019970235962,purchase,dev_1557,addr_1557
1558,29,4450.848975506317,purchase,dev_1558,addr_1558
1558,53,1118.6565747522234,purchase,dev_1558,addr_1558
1558,60,1118.6565747522234,return,dev_1558,addr_1558
1558,60,839.8362771194385,purchase,dev_1558,addr_1558
1559,52,2188.590196661221,purchase,dev_1559,addr_1559
1559,62,649.0989131500457,purchase,dev_1559,addr_1559
1559,82,2620.5195090952757,purchase,dev_1559,addr_1559
1559,103,1302.6179850486656,purchase,dev_1559,addr_1559
1560,20,2657.749055261601,purchase,dev_1560,addr_1560
1560,24,1458.6828286409661,purchase,dev_1560,addr_1560
1560,31,911.3906731031278,purchase,dev_1560,addr_1560
1560,44,1559.29874271386,purchase,dev_1560,addr_1560
1561,63,1240.941187763379,purchase,dev_1561,addr_1561
1561,68,1602.465665519456,purchase,dev_1561,addr_1561
1561,84,1546.169423141311,purchase,dev_1561,addr_1561
1561,89,770.0058234133304,purchase,dev_1561,addr_1561
1562,62,1282.1596399271182,purchase,dev_1562,addr_1562
1562,70,992.7204191397532,purchase,dev_1562,addr_1562
1562,90,3909.663623997499,purchase,dev_1562,addr_1562
1563,22,860.1430510449085,purchase,dev_1563,addr_1563
1563,29,860.1430510449085,return,dev_1563,addr_1563
1563,32,1444.0344788849022,purchase,dev_1563,addr_1563
1563,50,3233.18871975109,purchase,dev_1563,addr_1563
1564,44,4894.959618647355,purchase,dev_1564,addr_1564
1564,55,1554.2976732769719,purchase,dev_1564,addr_1564
1564,71,1280.6946011847344,purchase,dev_1564,addr_1564
1564,83,1435.4100933365062,purchase,dev_1564,addr_1564
1564,86,1294.4218506703633,purchase,dev_1564,addr_1564
1564,90,1435.4100933365062,return,dev_1564,addr_1564
1565,49,1827.185880959946,purchase,dev_1565,addr_1565
1565,72,2102.092839545135,purchase,dev_1565,addr_1565
1565,82,1692.2473361006228,purchase,dev_1565,addr_1565
1565,85,3099.243863415778,purchase,dev_1565,addr_1565
1565,101,941.9468554203412,purchase,dev_1565,addr_1565
1565,114,1488.5824922134561,purchase,dev_1565,addr_1565
1566,33,1213.4616603863917,purchase,dev_1566,addr_1566
1566,41,1213.4616603863917,return,dev_1566,addr_1566
1566,45,2068.4081254363805,purchase,dev_1566,addr_1566
1567,47,1988.6507434698592,purchase,dev_1567,addr_1567
1567,68,2103.5212201041822,purchase,dev_1567,addr_1567
1567,72,1311.354740561708,purchase,dev_1567,addr_1567
1567,75,2452.151741595557,purchase,dev_1567,addr_1567
1567,80,2452.151741595557,return,dev_1567,addr_1567
1567,90,2125.8873117291496,purchase,dev_1567,addr_1567
1568,62,1088.0725358040409,purchase,dev_1568,addr_1568
1568,82,1174.4642824243074,purchase,dev_1568,addr_1568
1568,89,646.4427875934915,purchase,dev_1568,addr_1568
1568,93,1613.2597824311883,purchase,dev_1568,addr_1568
1569,62,894.1764314633808,purchase,dev_1569,addr_1569
1569,74,1191.3047206429976,purchase,dev_1569,addr_1569
1569,97,1274.8814715483115,purchase,dev_1569,addr_1569
1570,17,1006.9667052642209,purchase,dev_1570,addr_1570
1570,23,1823.8298590957327,purchase,dev_1570,addr_1570
1570,32,2161.6694218367707,purchase,dev_1570,addr_1570
1570,35,1547.4134474122072,purchase,dev_1570,addr_1570
1570,47,2959.865855062036,purchase,dev_1570,addr_1570
1570,65,1433.84161066206,purchase,dev_1570,addr_1570
1570,84,1970.209664876821,purchase,dev_1570,addr_1570
1571,27,2273.0132195535416,purchase,dev_1571,addr_1571
1571,33,1533.4900421302063,purchase,dev_1571,addr_1571
1571,36,2273.0132195535416,return,dev_1571,addr_1571
1572,48,2145.361386906809,purchase,dev_1572,addr_1572
1572,51,867.2333835819712,purchase,dev_1572,addr_1572
1572,68,534.9896088135362,purchase,dev_1572,addr_1572
1573,41,1730.3055509669366,purchase,dev_1573,addr_1573
1573,55,784.7658662659697,purchase,dev_1573,addr_1573
1573,71,723.2801693258451,purchase,dev_1573,addr_1573
1573,78,1800.202758868788,purchase,dev_1573,addr_1573
1573,102,2197.17718103474,purchase,dev_1573,addr_1573
1574,57,1357.5188358323699,purchase,dev_1574,addr_1574
1574,80,1614.8482521716799,purchase,dev_1574,addr_1574
1575,59,1291.2349365213424,purchase,dev_1575,addr_1575
1575,74,2346.015232310882,purchase,dev_1575,addr_1575
1575,89,1589.3163936766841,purchase,dev_1575,addr_1575
1575,109,1331.9816945430257,purchase,dev_1575,addr_1575
1575,119,987.2987960110603,purchase,dev_1575,addr_1575
1575,132,668.7982435110713,purchase,dev_1575,addr_1575
1576,54,1023.1158348778694,purchase,dev_1576,addr_1576
1576,58,1162.1556460483403,purchase,dev_1576,addr_1576
1576,67,1111.269675493345,purchase,dev_1576,addr_1576
1576,81,1089.7469737522679,purchase,dev_1576,addr_1576
1576,92,4383.151496040375,purchase,dev_1576,addr_1576
1576,99,1248.0851259740095,purchase,dev_1576,addr_1576
1576,121,1066.107829730863,purchase,dev_1576,addr_1576
1577,29,700.9495882756314,purchase,dev_1577,addr_1577
1577,33,3356.2371956079633,purchase,dev_1577,addr_1577
1577,55,1535.0925903954492,purchase,dev_1577,addr_1577
1577,61,995.8810665832104,purchase,dev_1577,addr_1577
1577,73,2246.347576712813,purchase,dev_1577,addr_1577
1578,43,984.4066522596007,purchase,dev_1578,addr_1578
1578,58,1526.2202545270077,purchase,dev_1578,addr_1578
1578,78,1953.7251883318868,purchase,dev_1578,addr_1578
1578,88,3844.3206443455615,purchase,dev_1578,addr_1578
1578,93,1250.8306804306005,purchase,dev_1578,addr_1578
1579,47,1097.3680781831097,purchase,dev_1579,addr_1579
1579,57,1241.3434380716155,purchase,dev_1579,addr_1579
1579,75,811.4974816335899,purchase,dev_1579,addr_1579
1580,48,2520.1304704020977,purchase,dev_1580,addr_1580
1580,55,937.5935015987,purchase,dev_1580,addr_1580
1581,40,871.3296077787204,purchase,dev_1581,addr_1581
1581,46,871.3296077787204,return,dev_1581,addr_1581
1581,55,1349.4101570461196,purchase,dev_1581,addr_1581
1582,61,1669.7698298493199,purchase,dev_1582,addr_1582
1582,65,2284.731380420641,purchase,dev_1582,addr_1582
1582,68,2183.564759759674,purchase,dev_1582,addr_1582
1583,60,643.9745413705795,purchase,dev_1583,addr_1583
1583,67,1553.319857714686,purchase,dev_1583,addr_1583
1584,52,1168.5474371956454,purchase,dev_1584,addr_1584
1584,71,1959.6168665656069,purchase,dev_1584,addr_1584
1585,48,1007.8673161576422,purchase,dev_1585,addr_1585
1585,54,1879.919578818685,purchase,dev_1585,addr_1585
1586,41,1686.7089016060315,purchase,dev_1586,addr_1586
1587,28,603.7811362411228,purchase,dev_1587,addr_1587
1588,54,980.246478783224,purchase,dev_1588,addr_1588
1588,73,1228.1404204870341,purchase,dev_1588,addr_1588
1588,85,976.183011974988,purchase,dev_1588,addr_1588
1588,91,976.183011974988,return,dev_1588,addr_1588
1589,46,471.7916765864199,purchase,dev_1589,addr_1589
1589,57,1282.9034232879476,purchase,dev_1589,addr_1589
1590,41,734.4060380645594,purchase,dev_1590,addr_1590
1590,52,1805.820743343738,purchase,dev_1590,addr_1590
1590,71,970.6054308597281,purchase,dev_1590,addr_1590
1590,89,1895.0220491567104,purchase,dev_1590,addr_1590
1590,107,4117.86010375411,purchase,dev_1590,addr_1590
1591,54,1006.7757612697558,purchase,dev_1591,addr_1591
1591,59,2169.6302322012066,purchase,dev_1591,addr_1591
1591,82,2142.4040908362913,purchase,dev_1591,addr_1591
1591,92,1287.913895123109,purchase,dev_1591,addr_1591
1591,101,1673.544317993688,purchase,dev_1591,addr_1591
1591,114,1281.3166802365588,purchase,dev_1591,addr_1591
1591,123,905.0411073404942,purchase,dev_1591,addr_1591
1591,145,1912.1138440186426,purchase,dev_1591,addr_1591
1592,14,785.9393070602032,purchase,dev_1592,addr_1592
1592,23,4050.1819363553022,purchase,dev_1592,addr_1592
1592,47,810.2321446194488,purchase,dev_1592,addr_1592
1592,62,752.9135543618268,purchase,dev_1592,addr_1592
1592,71,3495.8727904891566,purchase,dev_1592,addr_1592
1592,87,1348.6489714438083,purchase,dev_1592,addr_1592
1593,52,1380.0926217313038,purchase,dev_1593,addr_1593
1593,66,1668.223619109185,purchase,dev_1593,addr_1593
1593,72,1098.9091466803666,purchase,dev_1593,addr_1593
1593,90,2789.127910269095,purchase,dev_1593,addr_1593
1593,110,1203.3109015366126,purchase,dev_1593,addr_1593
1593,131,969.5967896507709,purchase,dev_1593,addr_1593
1593,138,2460.378508472973,purchase,dev_1593,addr_1593
1593,141,2460.378508472973,return,dev_1593,addr_1593
1594,26,4642.186065016602,purchase,dev_1594,addr_1594
1595,34,829.462843722806,purchase,dev_1595,addr_1595
1595,52,536.081487309157,purchase,dev_1595,addr_1595
1595,59,2578.430891819772,purchase,dev_1595,addr_1595
1595,78,762.1196098809929,purchase,dev_1595,addr_1595
1596,53,2134.4709473863895,purchase,dev_1596,addr_1596
1596,69,2425.9592392643885,purchase,dev_1596,addr_1596
1596,93,1554.100379290837,purchase,dev_1596,addr_1596
1596,99,1435.0227198946666,purchase,dev_1596,addr_1596
1597,48,5947.189241035405,purchase,dev_1597,addr_1597
1597,59,1072.4726980484393,purchase,dev_1597,addr_1597
1597,77,1234.7293055803536,purchase,dev_1597,addr_1597
1597,93,2104.2207232931037,purchase,dev_1597,addr_1597
1597,113,1209.943466234646,purchase,dev_1597,addr_1597
1598,61,1241.975283002004,purchase,dev_1598,addr_1598
1598,78,1125.0577043868045,purchase,dev_1598,addr_1598
1598,87,770.0972843276193,purchase,dev_1598,addr_1598
1599,56,1264.2511206832946,purchase,dev_1599,addr_1599
1599,72,1242.4686931464264,purchase,dev_1599,addr_1599
1599,80,4577.16154239749,purchase,dev_1599,addr_1599
1599,83,3105.03451553573,purchase,dev_1599,addr_1599
1599,93,2180.7948044245654,purchase,dev_1599,addr_1599
1600,36,1723.6319074514643,purchase,dev_1600,addr_1600
1600,40,1844.204425002202,purchase,dev_1600,addr_1600
1600,61,2267.231743021585,purchase,dev_1600,addr_1600
1600,73,2714.462007403184,purchase,dev_1600,addr_1600
1601,34,1305.751217908028,purchase,dev_1601,addr_1601
1601,42,2108.537899096724,purchase,dev_1601,addr_1601
1601,45,2391.9196161162686,purchase,dev_1601,addr_1601
1602,72,1994.7283940032319,purchase,dev_1602,addr_1602
1602,77,1994.7283940032319,return,dev_1602,addr_1602
1603,23,731.0524329830549,purchase,dev_1603,addr_1603
1603,42,1247.3437409578407,purchase,dev_1603,addr_1603
1603,49,3458.733760566663,purchase,dev_1603,addr_1603
1604,65,838.6986100411433,purchase,dev_1604,addr_1604
1604,86,1456.2627268599788,purchase,dev_1604,addr_1604
1604,99,1141.2502724338326,purchase,dev_1604,addr_1604
1605,7,1271.246300090378,purchase,dev_1605,addr_1605
1605,15,3033.813830673754,purchase,dev_1605,addr_1605
1605,37,1723.6890355260261,purchase,dev_1605,addr_1605
1605,55,1167.4746542622304,purchase,dev_1605,addr_1605
1605,77,1852.8361263468253,purchase,dev_1605,addr_1605
1606,38,5113.203299565468,purchase,dev_1606,addr_1606
1606,56,2250.7162728518038,purchase,dev_1606,addr_1606
1606,58,2250.7162728518038,return,dev_1606,addr_1606
1606,75,3194.183107550453,purchase,dev_1606,addr_1606
1606,96,1570.8077028807122,purchase,dev_1606,addr_1606
1606,119,1307.7095908472145,purchase,dev_1606,addr_1606
1607,56,1220.0738763889913,purchase,dev_1607,addr_1607
1607,64,1238.169498209535,purchase,dev_1607,addr_1607
1608,10,1370.7039796539334,purchase,dev_1608,addr_1608
1608,14,1370.7039796539334,return,dev_1608,addr_1608
1608,32,931.9706888216225,purchase,dev_1608,addr_1608
1609,64,1374.8662315170325,purchase,dev_1609,addr_1609
1609,79,1865.3234225422968,purchase,dev_1609,addr_1609
1609,103,1075.4611389722334,purchase,dev_1609,addr_1609
1610,45,940.1367518907299,purchase,dev_1610,addr_1610
1610,55,871.8933309855352,purchase,dev_1610,addr_1610
1610,76,480.6799607364771,purchase,dev_1610,addr_1610
1610,99,1256.5492955847149,purchase,dev_1610,addr_1610
1611,45,1117.973951234329,purchase,dev_1611,addr_1611
1611,55,1646.4808854152516,purchase,dev_1611,addr_1611
1612,33,3705.106277631641,purchase,dev_1612,addr_1612
1612,44,1074.3510319133222,purchase,dev_1612,addr_1612
1612,50,463.64879831593925,purchase,dev_1612,addr_1612
1612,71,1029.5577324794822,purchase,dev_1612,addr_1612
1613,62,1181.4507060857477,purchase,dev_1613,addr_1613
1613,85,1410.4888182467116,purchase,dev_1613,addr_1613
1613,88,776.1410556518063,purchase,dev_1613,addr_1613
1614,33,2063.285463412006,purchase,dev_1614,addr_1614
1614,39,1510.8417963439817,purchase,dev_1614,addr_1614
1614,41,1510.8417963439817,return,dev_1614,addr_1614
1614,62,2380.69574445347,purchase,dev_1614,addr_1614
1614,76,978.3836152134078,purchase,dev_1614,addr_1614
1614,83,1332.1920155855044,purchase,dev_1614,addr_1614
1615,19,1301.1270470442585,purchase,dev_1615,addr_1615
1615,40,1424.443143191005,purchase,dev_1615,addr_1615
1616,21,885.6898282620095,purchase,dev_1616,addr_1616
1616,23,885.6898282620095,return,dev_1616,addr_1616
1616,24,1327.006500867445,purchase,dev_1616,addr_1616
1616,36,719.5406749254382,purchase,dev_1616,addr_1616
1616,55,1935.8074639312604,purchase,dev_1616,addr_1616
1616,70,1312.6144626931748,purchase,dev_1616,addr_1616
1616,85,1408.956225787103,purchase,dev_1616,addr_1616
1616,89,802.7984224650035,purchase,dev_1616,addr_1616
1617,25,1312.5333364032956,purchase,dev_1617,addr_1617
1617,33,2242.356361317172,purchase,dev_1617,addr_1617
1617,47,493.34155634013797,purchase,dev_1617,addr_1617
1617,71,2893.1313132415635,purchase,dev_1617,addr_1617
1617,74,1168.898145860805,purchase,dev_1617,addr_1617
1618,53,706.1581459582995,purchase,dev_1618,addr_1618
1618,57,1229.3392212435117,purchase,dev_1618,addr_1618
1618,65,1394.7446946290631,purchase,dev_1618,addr_1618
1618,86,556.4254237688249,purchase,dev_1618,addr_1618
1619,70,2093.3561052547566,purchase,dev_1619,addr_1619
1619,90,1150.449493271098,purchase,dev_1619,addr_1619
1619,102,1512.8877949781213,purchase,dev_1619,addr_1619
1620,51,857.5308230251173,purchase,dev_1620,addr_1620
1620,58,1789.8723585744688,purchase,dev_1620,addr_1620
1621,49,3198.1717316895015,purchase,dev_1621,addr_1621
1621,52,3198.1717316895015,return,dev_1621,addr_1621
1621,53,1589.4523103484264,purchase,dev_1621,addr_1621
1621,66,1196.4942542034125,purchase,dev_1621,addr_1621
1621,88,880.3145640366473,purchase,dev_1621,addr_1621
1622,17,774.8667015446777,purchase,dev_1622,addr_1622
1622,27,1087.3322638044526,purchase,dev_1622,addr_1622
1622,35,1101.5947698180987,purchase,dev_1622,addr_1622
1622,43,1538.0182777832888,purchase,dev_1622,addr_1622
1622,61,2606.81014232375,purchase,dev_1622,addr_1622
1623,44,1706.9531503461797,purchase,dev_1623,addr_1623
1623,67,2071.8601238146157,purchase,dev_1623,addr_1623
1623,73,2071.8601238146157,return,dev_1623,addr_1623
1623,81,919.9212664428838,purchase,dev_1623,addr_1623
1623,104,1276.4380372873168,purchase,dev_1623,addr_1623
1623,116,2116.3140045878836,purchase,dev_1623,addr_1623
1623,122,1513.6419109110639,purchase,dev_1623,addr_1623
1624,62,1534.919994698837,purchase,dev_1624,addr_1624
1624,73,1278.9782801533038,purchase,dev_1624,addr_1624
1624,93,2677.9364887273346,purchase,dev_1624,addr_1624
1624,116,1758.7006223590638,purchase,dev_1624,addr_1624
1624,134,1119.7185160386136,purchase,dev_1624,addr_1624
1624,142,1335.6597635067951,purchase,dev_1624,addr_1624
1625,27,1357.996791654751,purchase,dev_1625,addr_1625
1625,45,1444.5655039078993,purchase,dev_1625,addr_1625
1626,73,1465.051738299981,purchase,dev_1626,addr_1626
1626,77,1465.051738299981,return,dev_1626,addr_1626
1626,78,1515.2305239847512,purchase,dev_1626,addr_1626
1626,84,2888.943572664692,purchase,dev_1626,addr_1626
1626,87,1748.9986961322322,purchase,dev_1626,addr_1626
1627,41,1163.1731470923373,purchase,dev_1627,addr_1627
1627,58,2278.9263016384534,purchase,dev_1627,addr_1627
1627,68,2241.8713682569687,purchase,dev_1627,addr_1627
1627,76,1257.4872523869078,purchase,dev_1627,addr_1627
1628,72,1510.2486852367376,purchase,dev_1628,addr_1628
1628,92,1157.620688819026,purchase,dev_1628,addr_1628
1628,101,1208.9999635404724,purchase,dev_1628,addr_1628
1628,110,806.1373276885494,purchase,dev_1628,addr_1628
1628,119,1999.661534973246,purchase,dev_1628,addr_1628
1628,139,1256.9002362856793,purchase,dev_1628,addr_1628
1628,158,1510.5019998147989,purchase,dev_1628,addr_1628
1629,16,2631.8787331919025,purchase,dev_1629,addr_1629
1629,27,917.0654063565787,purchase,dev_1629,addr_1629
1629,47,795.8555535849437,purchase,dev_1629,addr_1629
1630,53,1006.0362279077335,purchase,dev_1630,addr_1630
1630,71,1490.4845593813272,purchase,dev_1630,addr_1630
1630,92,1449.1093163932603,purchase,dev_1630,addr_1630
1630,98,976.0088627943844,purchase,dev_1630,addr_1630
1630,99,1449.1093163932603,return,dev_1630,addr_1630
1630,111,1715.379357937497,purchase,dev_1630,addr_1630
1630,119,1715.379357937497,return,dev_1630,addr_1630
1630,134,1752.4548558702922,purchase,dev_1630,addr_1630
1631,17,2542.841040089027,purchase,dev_1631,addr_1631
1631,31,996.8947489314021,purchase,dev_1631,addr_1631
1631,40,1194.7509561461236,purchase,dev_1631,addr_1631
1631,45,2938.327463124403,purchase,dev_1631,addr_1631
1631,55,920.0598708825524,purchase,dev_1631,addr_1631
1631,70,928.4087296814366,purchase,dev_1631,addr_1631
1632,18,1261.7118780566052,purchase,dev_1632,addr_1632
1632,25,2085.8907290830093,purchase,dev_1632,addr_1632
1632,40,464.05698187467607,purchase,dev_1632,addr_1632
1632,61,1274.5076873052913,purchase,dev_1632,addr_1632
1632,74,921.3343408677633,purchase,dev_1632,addr_1632
1633,20,825.0022746238234,purchase,dev_1633,addr_1633
1633,41,2213.4450657234374,purchase,dev_1633,addr_1633
1633,53,3877.13600704213,purchase,dev_1633,addr_1633
1633,72,1483.3209676124775,purchase,dev_1633,addr_1633
1633,83,2169.0812924470106,purchase,dev_1633,addr_1633
1633,105,466.7224564699103,purchase,dev_1633,addr_1633
1633,114,1940.9604773927133,purchase,dev_1633,addr_1633
1633,130,2146.415566917629,purchase,dev_1633,addr_1633
1633,135,1130.0102551320745,purchase,dev_1633,addr_1633
1634,56,1570.0561219448655,purchase,dev_1634,addr_1634
1634,65,1554.757567291246,purchase,dev_1634,addr_1634
1634,75,1592.5590648874386,purchase,dev_1634,addr_1634
1634,98,510.40271432431365,purchase,dev_1634,addr_1634
1634,114,874.1752878727553,purchase,dev_1634,addr_1634
1635,22,2174.9798018359534,purchase,dev_1635,addr_1635
1635,26,1599.5617688636062,purchase,dev_1635,addr_1635
1635,43,1403.2109221129017,purchase,dev_1635,addr_1635
1635,59,724.2881015573452,purchase,dev_1635,addr_1635
1635,73,3070.536880665001,purchase,dev_1635,addr_1635
1636,19,639.1454672366677,purchase,dev_1636,addr_1636
1636,37,229.2459511174291,purchase,dev_1636,addr_1636
1636,51,835.1623990283505,purchase,dev_1636,addr_1636
1636,54,2261.576552244444,purchase,dev_1636,addr_1636
1637,61,549.6528752853221,purchase,dev_1637,addr_1637
1637,71,2231.8692608565693,purchase,dev_1637,addr_1637
1637,84,1782.286691060071,purchase,dev_1637,addr_1637
1637,101,1131.4769229784388,purchase,dev_1637,addr_1637
1637,113,1279.3837435086912,purchase,dev_1637,addr_1637
1637,130,5462.809200452246,purchase,dev_1637,addr_1637
1637,139,550.3864165356182,purchase,dev_1637,addr_1637
1638,12,416.32624049031506,purchase,dev_1638,addr_1638
1638,32,1373.5064466318684,purchase,dev_1638,addr_1638
1638,37,1512.373326935519,purchase,dev_1638,addr_1638
1639,37,1322.2798360773875,purchase,dev_1639,addr_1639
1639,52,928.5711692035894,purchase,dev_1639,addr_1639
1639,74,1164.9416803791835,purchase,dev_1639,addr_1639
1639,95,2506.7069716964725,purchase,dev_1639,addr_1639
1639,112,979.3774549121313,purchase,dev_1639,addr_1639
1639,115,855.3578562699163,purchase,dev_1639,addr_1639
1640,47,1432.5183549871776,purchase,dev_1640,addr_1640
1640,68,1987.357028747147,purchase,dev_1640,addr_1640
1640,92,619.553452169868,purchase,dev_1640,addr_1640
1641,19,2006.1942331591927,purchase,dev_1641,addr_1641
1641,38,2278.6045538992676,purchase,dev_1641,addr_1641
1642,15,1081.8632750141676,purchase,dev_1642,addr_1642
1642,26,806.5119044620265,purchase,dev_1642,addr_1642
1642,32,1053.0379113385497,purchase,dev_1642,addr_1642
1642,55,1605.940538905371,purchase,dev_1642,addr_1642
1642,74,1475.7047090706733,purchase,dev_1642,addr_1642
1642,94,611.9346554542408,purchase,dev_1642,addr_1642
1643,65,1190.9552471078446,purchase,dev_1643,addr_1643
1643,69,757.4947672076631,purchase,dev_1643,addr_1643
1644,57,2230.6485661830034,purchase,dev_1644,addr_1644
1644,81,1543.46361671956,purchase,dev_1644,addr_1644
1644,84,1521.6525586000664,purchase,dev_1644,addr_1644
1644,99,2015.3814202864705,purchase,dev_1644,addr_1644
1645,67,1637.49657377326,purchase,dev_1645,addr_1645
1645,85,5696.49459740363,purchase,dev_1645,addr_1645
1645,108,944.1378350606348,purchase,dev_1645,addr_1645
1645,116,894.4827124666548,purchase,dev_1645,addr_1645
1645,128,1895.2681567567613,purchase,dev_1645,addr_1645
1645,149,868.2581150904621,purchase,dev_1645,addr_1645
1645,159,666.0240264026357,purchase,dev_1645,addr_1645
1645,165,666.0240264026357,return,dev_1645,addr_1645
1646,26,912.2494320599154,purchase,dev_1646,addr_1646
1646,29,1020.8670216889136,purchase,dev_1646,addr_1646
1646,32,1020.8670216889136,return,dev_1646,addr_1646
1646,47,1320.3600782703631,purchase,dev_1646,addr_1646
1646,53,1320.3600782703631,return,dev_1646,addr_1646
1647,16,1986.5924603420829,purchase,dev_1647,addr_1647
1647,29,1917.794443668125,purchase,dev_1647,addr_1647
1647,51,1074.9405839397136,purchase,dev_1647,addr_1647
1648,73,437.2614865484726,purchase,dev_1648,addr_1648
1649,35,729.1360707126242,purchase,dev_1649,addr_1649
1649,41,1058.8626069209588,purchase,dev_1649,addr_1649
1649,45,1522.0084191763874,purchase,dev_1649,addr_1649
1649,52,1066.9620831945244,purchase,dev_1649,addr_1649
1650,68,1397.8276294272266,purchase,dev_1650,addr_1650
1650,84,1626.7719868221923,purchase,dev_1650,addr_1650
1650,91,1464.3400967793016,purchase,dev_1650,addr_1650
1650,110,660.1404239420973,purchase,dev_1650,addr_1650
1651,34,736.0951787484978,purchase,dev_1651,addr_1651
1651,44,2488.5311999871424,purchase,dev_1651,addr_1651
1651,54,1315.0069639033868,purchase,dev_1651,addr_1651
1651,57,382.41542790803135,purchase,dev_1651,addr_1651
1652,42,1531.2498890260172,purchase,dev_1652,addr_1652
1652,65,1308.0338047090547,purchase,dev_1652,addr_1652
1652,78,951.3064529320143,purchase,dev_1652,addr_1652
1653,46,1019.6004972624104,purchase,dev_1653,addr_1653
1653,69,1666.8452909497164,purchase,dev_1653,addr_1653
1653,72,916.85084230873,purchase,dev_1653,addr_1653
1653,95,2114.523865948711,purchase,dev_1653,addr_1653
1654,24,2237.0159109043757,purchase,dev_1654,addr_1654
1654,43,778.9860803486652,purchase,dev_1654,addr_1654
1655,28,890.1466613496904,purchase,dev_1655,addr_1655
1655,51,335.3197466297427,purchase,dev_1655,addr_1655
1655,67,1145.7798312226125,purchase,dev_1655,addr_1655
1655,77,4019.2157378685542,purchase,dev_1655,addr_1655
1655,84,4489.823910633946,purchase,dev_1655,addr_1655
1655,99,1307.625801106141,purchase,dev_1655,addr_1655
1656,53,2432.961175609128,purchase,dev_1656,addr_1656
1656,66,876.0971956083574,purchase,dev_1656,addr_1656
1656,73,2053.3814497711437,purchase,dev_1656,addr_1656
1656,92,2905.0463269677493,purchase,dev_1656,addr_1656
1657,62,1166.3648435652756,purchase,dev_1657,addr_1657
1657,84,1690.9972074549169,purchase,dev_1657,addr_1657
1657,104,2622.3674227363767,purchase,dev_1657,addr_1657
1657,107,998.9251479265214,purchase,dev_1657,addr_1657
1657,131,638.370017147727,purchase,dev_1657,addr_1657
1657,135,638.370017147727,return,dev_1657,addr_1657
1657,155,1706.417867197558,purchase,dev_1657,addr_1657
1658,76,1100.268987743686,purchase,dev_1658,addr_1658
1658,80,2352.543649070877,purchase,dev_1658,addr_1658
1659,50,2256.279419548605,purchase,dev_1659,addr_1659
1659,61,2451.66700974185,purchase,dev_1659,addr_1659
1660,40,2091.7202071943984,purchase,dev_1660,addr_1660
1660,44,2091.7202071943984,return,dev_1660,addr_1660
1660,52,2319.0274708475517,purchase,dev_1660,addr_1660
1660,56,4199.992744940983,purchase,dev_1660,addr_1660
1661,14,2427.056388316072,purchase,dev_1661,addr_1661
1661,17,1633.3148666128511,purchase,dev_1661,addr_1661
1662,46,1371.5047991025888,purchase,dev_1662,addr_1662
1662,54,508.0873431239153,purchase,dev_1662,addr_1662
1662,74,649.8158848689525,purchase,dev_1662,addr_1662
1662,87,1650.8132543616664,purchase,dev_1662,addr_1662
1662,104,1395.3642315142743,purchase,dev_1662,addr_1662
1662,115,793.4472228520323,purchase,dev_1662,addr_1662
1662,124,708.6769195531361,purchase,dev_1662,addr_1662
1662,128,708.6769195531361,return,dev_1662,addr_1662
1662,144,1425.0434598001168,purchase,dev_1662,addr_1662
1663,22,2322.462781148121,purchase,dev_1663,addr_1663
1663,44,581.9414357611407,purchase,dev_1663,addr_1663
1663,61,1282.2716048624961,purchase,dev_1663,addr_1663
1663,83,894.7318481885288,purchase,dev_1663,addr_1663
1664,58,3064.3108299419955,purchase,dev_1664,addr_1664
1664,78,2013.5361606650126,purchase,dev_1664,addr_1664
1664,95,1754.0269441609685,purchase,dev_1664,addr_1664
1664,106,1423.7211942216975,purchase,dev_1664,addr_1664
1664,113,1423.7211942216975,return,dev_1664,addr_1664
1664,123,1423.5739674007446,purchase,dev_1664,addr_1664
1664,129,939.2217073609661,purchase,dev_1664,addr_1664
1665,35,852.749078357011,purchase,dev_1665,addr_1665
1665,48,3688.2459127594925,purchase,dev_1665,addr_1665
1665,65,687.8479967399564,purchase,dev_1665,addr_1665
1665,80,1336.1816517019097,purchase,dev_1665,addr_1665
1665,84,3682.6114271398196,purchase,dev_1665,addr_1665
1665,88,950.832672320176,purchase,dev_1665,addr_1665
1665,108,1551.1112833640138,purchase,dev_1665,addr_1665
1666,71,1836.13264147803,purchase,dev_1666,addr_1666
1666,73,1836.13264147803,return,dev_1666,addr_1666
1666,88,2171.6468526220815,purchase,dev_1666,addr_1666
1666,102,3843.0709479641146,purchase,dev_1666,addr_1666
1666,120,1999.1601525410251,purchase,dev_1666,addr_1666
1666,124,1999.1601525410251,return,dev_1666,addr_1666
1666,125,1139.2413103566987,purchase,dev_1666,addr_1666
1667,27,2090.155945892241,purchase,dev_1667,addr_1667
1667,39,1713.7183360287222,purchase,dev_1667,addr_1667
1667,56,1331.9181615114771,purchase,dev_1667,addr_1667
1667,59,1331.9181615114771,return,dev_1667,addr_1667
1668,15,5138.5196003037645,purchase,dev_1668,addr_1668
1668,21,1971.846416904536,purchase,dev_1668,addr_1668
1668,43,1625.1817065978723,purchase,dev_1668,addr_1668
1668,61,1724.7863914980255,purchase,dev_1668,addr_1668
1669,64,1207.8927079826437,purchase,dev_1669,addr_1669
1669,83,700.7070767855105,purchase,dev_1669,addr_1669
1669,99,2450.764394064588,purchase,dev_1669,addr_1669
1670,50,2234.0957393045237,purchase,dev_1670,addr_1670
1671,21,1294.407476164573,purchase,dev_1671,addr_1671
1671,33,1097.7933403345319,purchase,dev_1671,addr_1671
1671,36,2878.450270282218,purchase,dev_1671,addr_1671
1671,55,1744.350385118093,purchase,dev_1671,addr_1671
1672,50,1604.3765299588174,purchase,dev_1672,addr_1672
1672,57,1545.2681355769942,purchase,dev_1672,addr_1672
1672,81,638.9331947372999,purchase,dev_1672,addr_1672
1672,93,2587.352242992715,purchase,dev_1672,addr_1672
1673,58,503.62248988881805,purchase,dev_1673,addr_1673
1673,81,1726.5207722323098,purchase,dev_1673,addr_1673
1673,88,1192.045945404984,purchase,dev_1673,addr_1673
1674,55,2731.9923226760407,purchase,dev_1674,addr_1674
1674,63,948.1537526468919,purchase,dev_1674,addr_1674
1675,71,1613.88586115135,purchase,dev_1675,addr_1675
1675,91,1231.7875981326943,purchase,dev_1675,addr_1675
1675,104,592.1961118403175,purchase,dev_1675,addr_1675
1675,117,1165.1846608505812,purchase,dev_1675,addr_1675
1675,133,1858.189372539623,purchase,dev_1675,addr_1675
1675,146,1493.0202454288817,purchase,dev_1675,addr_1675
1675,165,1102.0451054869316,purchase,dev_1675,addr_1675
1675,169,1743.4752565967804,purchase,dev_1675,addr_1675
1676,40,1486.9570326752582,purchase,dev_1676,addr_1676
1676,63,1465.109071751776,purchase,dev_1676,addr_1676
1676,73,1488.4978861495845,purchase,dev_1676,addr_1676
1677,82,2753.2019896242127,purchase,dev_1677,addr_1677
1678,38,1805.455626173604,purchase,dev_1678,addr_1678
1678,60,827.0256191955364,purchase,dev_1678,addr_1678
1678,81,1151.2965808304664,purchase,dev_1678,addr_1678
1678,84,1377.7786168643036,purchase,dev_1678,addr_1678
1678,87,1377.7786168643036,return,dev_1678,addr_1678
1679,25,1402.2713428529435,purchase,dev_1679,addr_1679
1679,40,1511.1929291167564,purchase,dev_1679,addr_1679
1679,61,3004.816561406553,purchase,dev_1679,addr_1679
1679,77,994.3187678658105,purchase,dev_1679,addr_1679
1679,88,1214.9555810878467,purchase,dev_1679,addr_1679
1679,97,1068.325269775875,purchase,dev_1679,addr_1679
1680,63,470.92682794809747,purchase,dev_1680,addr_1680
1680,79,1744.010232474565,purchase,dev_1680,addr_1680
1681,67,3247.733448480426,purchase,dev_1681,addr_1681
1681,84,863.3895835809785,purchase,dev_1681,addr_1681
1681,87,827.0399417610402,purchase,dev_1681,addr_1681
1681,90,1254.2609970024173,purchase,dev_1681,addr_1681
1681,98,654.2210479909097,purchase,dev_1681,addr_1681
1682,68,1207.8696355942436,purchase,dev_1682,addr_1682
1682,85,1142.3009260618717,purchase,dev_1682,addr_1682
1682,105,1737.7200140275459,purchase,dev_1682,addr_1682
1682,116,1393.3194592658965,purchase,dev_1682,addr_1682
1683,54,1441.5849667712464,purchase,dev_1683,addr_1683
1683,57,1800.47278377793,purchase,dev_1683,addr_1683
1684,17,1549.3899042996482,purchase,dev_1684,addr_1684
1684,40,4338.598904769572,purchase,dev_1684,addr_1684
1684,46,825.2089910125718,purchase,dev_1684,addr_1684
1684,56,1003.8136701324664,purchase,dev_1684,addr_1684
1684,75,2288.1622664229144,purchase,dev_1684,addr_1684
1684,80,2721.648888486726,purchase,dev_1684,addr_1684
1684,92,1065.79422442035,purchase,dev_1684,addr_1684
1684,98,1065.79422442035,return,dev_1684,addr_1684
1684,112,4725.723693544362,purchase,dev_1684,addr_1684
1684,115,632.4285187819634,purchase,dev_1684,addr_1684
1684,125,1160.316477457076,purchase,dev_1684,addr_1684
1685,14,835.3133540369414,purchase,dev_1685,addr_1685
1685,36,1449.3827522692459,purchase,dev_1685,addr_1685
1685,39,1024.9968791454835,purchase,dev_1685,addr_1685
1686,35,1409.1453542844436,purchase,dev_1686,addr_1686
1686,39,1621.8355334112448,purchase,dev_1686,addr_1686
1686,45,760.9710712530346,purchase,dev_1686,addr_1686
1686,62,2542.9904571726925,purchase,dev_1686,addr_1686
1686,84,3818.998579298457,purchase,dev_1686,addr_1686
1687,52,744.8041154528491,purchase,dev_1687,addr_1687
1687,68,1198.4196668343636,purchase,dev_1687,addr_1687
1687,89,1814.7367836489111,purchase,dev_1687,addr_1687
1687,98,1074.8788632322178,purchase,dev_1687,addr_1687
1687,108,1679.6989235633575,purchase,dev_1687,addr_1687
1688,60,1790.5977002916718,purchase,dev_1688,addr_1688
1688,79,575.0901173648834,purchase,dev_1688,addr_1688
1689,54,1368.6110029603492,purchase,dev_1689,addr_1689
1689,67,1989.013878217006,purchase,dev_1689,addr_1689
1689,77,888.7945047414553,purchase,dev_1689,addr_1689
1689,83,1403.0686028686966,purchase,dev_1689,addr_1689
1689,96,1302.2347400854942,purchase,dev_1689,addr_1689
1690,68,3457.925890936916,purchase,dev_1690,addr_1690
1690,73,2561.681393520393,purchase,dev_1690,addr_1690
1691,34,3018.3959278819075,purchase,dev_1691,addr_1691
1691,49,528.8565757469211,purchase,dev_1691,addr_1691
1691,62,1804.1552805297913,purchase,dev_1691,addr_1691
1691,75,905.7130720957821,purchase,dev_1691,addr_1691
1691,94,2900.8337737314796,purchase,dev_1691,addr_1691
1692,17,1088.6097649524509,purchase,dev_1692,addr_1692
1692,26,492.2657927533481,purchase,dev_1692,addr_1692
1692,45,2013.806236445634,purchase,dev_1692,addr_1692
1692,66,727.5275293070864,purchase,dev_1692,addr_1692
1692,85,1855.5841224866203,purchase,dev_1692,addr_1692
1693,32,1944.361993134911,purchase,dev_1693,addr_1693
1693,42,1563.7341929517493,purchase,dev_1693,addr_1693
1693,56,1257.4571747331197,purchase,dev_1693,addr_1693
1693,76,2116.7521508315913,purchase,dev_1693,addr_1693
1693,87,1067.5574562874606,purchase,dev_1693,addr_1693
1693,107,2494.5725153864487,purchase,dev_1693,addr_1693
1694,29,561.1722757627149,purchase,dev_1694,addr_1694
1694,31,561.1722757627149,return,dev_1694,addr_1694
1694,34,744.4354312108004,purchase,dev_1694,addr_1694
1694,41,1584.0698619237444,purchase,dev_1694,addr_1694
1695,66,939.7611842436786,purchase,dev_1695,addr_1695
1695,76,1350.5413645991189,purchase,dev_1695,addr_1695
1695,83,2043.8042363131003,purchase,dev_1695,addr_1695
1695,104,525.774621869398,purchase,dev_1695,addr_1695
1696,41,814.8095553544622,purchase,dev_1696,addr_1696
1696,50,2045.0003287014088,purchase,dev_1696,addr_1696
1696,57,567.775030849113,purchase,dev_1696,addr_1696
1696,79,1253.177205064672,purchase,dev_1696,addr_1696
1697,42,427.07072964688876,purchase,dev_1697,addr_1697
1697,47,1444.355892223185,purchase,dev_1697,addr_1697
1698,37,762.6720159364986,purchase,dev_1698,addr_1698
1699,7,2298.283432325087,purchase,dev_1699,addr_1699
1700,42,1723.753963759671,purchase,dev_1700,addr_1700
1700,45,809.0428602705143,purchase,dev_1700,addr_1700
1700,63,2030.6559745814734,purchase,dev_1700,addr_1700
1700,87,1341.4985339799482,purchase,dev_1700,addr_1700
1701,53,1779.4376093230826,purchase,dev_1701,addr_1701
1701,67,1341.6849121141902,purchase,dev_1701,addr_1701
1701,76,1502.4981155135222,purchase,dev_1701,addr_1701
1701,89,1402.848353448847,purchase,dev_1701,addr_1701
1701,93,970.7743654159875,purchase,dev_1701,addr_1701
1701,97,1124.5042129024991,purchase,dev_1701,addr_1701
1701,99,970.7743654159875,return,dev_1701,addr_1701
1701,121,919.5846628749662,purchase,dev_1701,addr_1701
1702,21,1518.8766928599973,purchase,dev_1702,addr_1702
1702,39,1611.8782563828672,purchase,dev_1702,addr_1702
1703,53,2183.024275591207,purchase,dev_1703,addr_1703
1703,69,1154.9473433954404,purchase,dev_1703,addr_1703
1703,87,1363.6752005281332,purchase,dev_1703,addr_1703
1703,98,2660.230721651775,purchase,dev_1703,addr_1703
1704,11,1794.8271317530362,purchase,dev_1704,addr_1704
1704,26,1521.470290395274,purchase,dev_1704,addr_1704
1705,53,1453.1902447548462,purchase,dev_1705,addr_1705
1705,57,976.5476721528989,purchase,dev_1705,addr_1705
1705,60,2417.61267451007,purchase,dev_1705,addr_1705
1706,18,914.1667510322826,purchase,dev_1706,addr_1706
1706,33,2687.296787028977,purchase,dev_1706,addr_1706
1706,50,670.9036639564212,purchase,dev_1706,addr_1706
1707,20,1327.0657364143005,purchase,dev_1707,addr_1707
1707,33,847.4129199971093,purchase,dev_1707,addr_1707
1707,39,763.7320126613903,purchase,dev_1707,addr_1707
1707,63,761.3624231807867,purchase,dev_1707,addr_1707
1708,31,1487.0478932120468,purchase,dev_1708,addr_1708
1708,50,1701.6700524952284,purchase,dev_1708,addr_1708
1708,69,2408.7296361333174,purchase,dev_1708,addr_1708
1708,93,1573.8041823516633,purchase,dev_1708,addr_1708
1708,97,1071.1604147122146,purchase,dev_1708,addr_1708
1709,62,529.8664252446569,purchase,dev_1709,addr_1709
1709,80,890.962601971151,purchase,dev_1709,addr_1709
1709,82,890.962601971151,return,dev_1709,addr_1709
1709,92,909.0677403588902,purchase,dev_1709,addr_1709
1709,98,909.0677403588902,return,dev_1709,addr_1709
1709,108,1082.239293754234,purchase,dev_1709,addr_1709
1709,124,897.627678643418,purchase,dev_1709,addr_1709
1709,135,1322.0071972866765,purchase,dev_1709,addr_1709
1710,37,1114.234563685625,purchase,dev_1710,addr_1710
1711,47,677.2281627953114,purchase,dev_1711,addr_1711
1711,70,1368.716533716303,purchase,dev_1711,addr_1711
1711,80,1259.9739385403795,purchase,dev_1711,addr_1711
1712,17,735.6338479762696,purchase,dev_1712,addr_1712
1712,27,1541.4918366751783,purchase,dev_1712,addr_1712
1712,46,933.9351754572514,purchase,dev_1712,addr_1712
1712,53,932.3517940549193,purchase,dev_1712,addr_1712
1713,62,776.9137117887626,purchase,dev_1713,addr_1713
1713,86,1397.2348270481157,purchase,dev_1713,addr_1713
1713,92,1072.9406923931635,purchase,dev_1713,addr_1713
1713,115,866.5525429944353,purchase,dev_1713,addr_1713
1714,22,2106.816943233,purchase,dev_1714,addr_1714
1714,33,705.0641290874737,purchase,dev_1714,addr_1714
1714,45,2767.8704731544203,purchase,dev_1714,addr_1714
1714,50,1485.1973949751973,purchase,dev_1714,addr_1714
1715,66,2121.4489650859105,purchase,dev_1715,addr_1715
1715,85,1183.4394331756275,purchase,dev_1715,addr_1715
1715,90,1183.4394331756275,return,dev_1715,addr_1715
1715,94,1867.9172896249547,purchase,dev_1715,addr_1715
1715,106,1098.385873143286,purchase,dev_1715,addr_1715
1715,111,1444.4060506905137,purchase,dev_1715,addr_1715
1715,120,2349.034426483494,purchase,dev_1715,addr_1715
1715,124,2349.034426483494,return,dev_1715,addr_1715
1716,56,1294.5681391077967,purchase,dev_1716,addr_1716
1716,79,3346.3554254503397,purchase,dev_1716,addr_1716
1716,99,1170.6054676553904,purchase,dev_1716,addr_1716
1716,112,2422.15399356266,purchase,dev_1716,addr_1716
1716,116,992.3601620283711,purchase,dev_1716,addr_1716
1716,125,1392.0024141357737,purchase,dev_1716,addr_1716
1717,63,1131.5283532653154,purchase,dev_1717,addr_1717
1717,75,628.6127149062812,purchase,dev_1717,addr_1717
1718,39,4980.242279074524,purchase,dev_1718,addr_1718
1718,50,1908.6059184604826,purchase,dev_1718,addr_1718
1719,47,1466.9085300850722,purchase,dev_1719,addr_1719
1719,56,1466.9085300850722,return,dev_1719,addr_1719
1719,68,1287.5063857978512,purchase,dev_1719,addr_1719
1719,79,1657.2728729783903,purchase,dev_1719,addr_1719
1720,12,642.0479098173452,purchase,dev_1720,addr_1720
1720,27,1058.9134561746434,purchase,dev_1720,addr_1720
1720,44,2737.430036465515,purchase,dev_1720,addr_1720
1720,58,1252.8049298567091,purchase,dev_1720,addr_1720
1720,78,1839.9522203783297,purchase,dev_1720,addr_1720
1721,63,1279.067688285443,purchase,dev_1721,addr_1721
1722,71,1053.2798010851086,purchase,dev_1722,addr_1722
1722,85,6641.963800780709,purchase,dev_1722,addr_1722
1722,95,1559.6288882829,purchase,dev_1722,addr_1722
1723,28,1687.0481640505438,purchase,dev_1723,addr_1723
1723,32,5483.898003650445,purchase,dev_1723,addr_1723
1723,34,1687.0481640505438,return,dev_1723,addr_1723
1723,55,1039.0880927208912,purchase,dev_1723,addr_1723
1723,68,1466.749546179261,purchase,dev_1723,addr_1723
1723,74,927.440205131324,purchase,dev_1723,addr_1723
1724,48,799.949058208071,purchase,dev_1724,addr_1724
1724,52,659.9715596938242,purchase,dev_1724,addr_1724
1724,68,1004.3018411190324,purchase,dev_1724,addr_1724
1724,86,1080.8679515115127,purchase,dev_1724,addr_1724
1725,47,2283.591489920691,purchase,dev_1725,addr_1725
1725,65,955.985047879053,purchase,dev_1725,addr_1725
1725,74,771.767771570978,purchase,dev_1725,addr_1725
1725,98,1718.4719118044584,purchase,dev_1725,addr_1725
1726,82,1056.7257868591264,purchase,dev_1726,addr_1726
1726,96,1591.7435965531326,purchase,dev_1726,addr_1726
1726,120,518.7162333108297,purchase,dev_1726,addr_1726
1726,138,671.0647510476439,purchase,dev_1726,addr_1726
1726,141,1245.0742100082373,purchase,dev_1726,addr_1726
1727,42,1796.845677413332,purchase,dev_1727,addr_1727
1727,65,894.7261168770341,purchase,dev_1727,addr_1727
1727,82,1185.077067422178,purchase,dev_1727,addr_1727
1727,98,2708.123575782866,purchase,dev_1727,addr_1727
1727,107,2708.123575782866,return,dev_1727,addr_1727
1728,63,1761.4922926433019,purchase,dev_1728,addr_1728
1728,68,736.5571267447531,purchase,dev_1728,addr_1728
1728,74,487.12620046610584,purchase,dev_1728,addr_1728
1728,94,2292.2025267882127,purchase,dev_1728,addr_1728
1729,37,3479.2433256674262,purchase,dev_1729,addr_1729
1729,55,1544.6079605315274,purchase,dev_1729,addr_1729
1729,68,2816.0604526888937,purchase,dev_1729,addr_1729
1730,27,1087.6324157819754,purchase,dev_1730,addr_1730
1730,31,2002.5469989436033,purchase,dev_1730,addr_1730
1730,39,954.5400165004912,purchase,dev_1730,addr_1730
1730,61,941.3414295211278,purchase,dev_1730,addr_1730
1730,70,941.3414295211278,return,dev_1730,addr_1730
1730,74,1388.4004564606994,purchase,dev_1730,addr_1730
1731,42,1016.5251266665547,purchase,dev_1731,addr_1731
1731,54,1707.824885993934,purchase,dev_1731,addr_1731
1731,66,2331.632768071805,purchase,dev_1731,addr_1731
1732,51,1434.1125974066692,purchase,dev_1732,addr_1732
1732,69,1078.3717033410828,purchase,dev_1732,addr_1732
1732,73,2017.7841399225724,purchase,dev_1732,addr_1732
1732,81,1480.6075615029058,purchase,dev_1732,addr_1732
1733,45,1686.7913307378847,purchase,dev_1733,addr_1733
1733,55,955.6499088251251,purchase,dev_1733,addr_1733
1733,76,744.6100569097181,purchase,dev_1733,addr_1733
1733,82,2641.436514283011,purchase,dev_1733,addr_1733
1734,61,738.8026854432981,purchase,dev_1734,addr_1734
1734,75,745.1118624561454,purchase,dev_1734,addr_1734
1734,80,1043.2160655565776,purchase,dev_1734,addr_1734
1734,104,617.4516795746056,purchase,dev_1734,addr_1734
1735,28,3061.718424519574,purchase,dev_1735,addr_1735
1735,40,1775.516035528164,purchase,dev_1735,addr_1735
1735,56,1499.5142110543945,purchase,dev_1735,addr_1735
1735,58,1499.5142110543945,return,dev_1735,addr_1735
1735,74,2203.9359963846914,purchase,dev_1735,addr_1735
1735,88,1055.3455277556723,purchase,dev_1735,addr_1735
1736,31,618.0952169883566,purchase,dev_1736,addr_1736
1736,54,1928.0646113334526,purchase,dev_1736,addr_1736
1736,72,509.65783906289806,purchase,dev_1736,addr_1736
1736,82,2651.8784082833495,purchase,dev_1736,addr_1736
1737,69,2061.559453130364,purchase,dev_1737,addr_1737
1737,85,1804.017955457505,purchase,dev_1737,addr_1737
1737,88,1999.3015977604464,purchase,dev_1737,addr_1737
1738,44,2519.3872449591327,purchase,dev_1738,addr_1738
1738,63,1375.6186537750232,purchase,dev_1738,addr_1738
1739,66,2054.053501368903,purchase,dev_1739,addr_1739
1740,26,1700.665624523065,purchase,dev_1740,addr_1740
1740,47,978.1060930624077,purchase,dev_1740,addr_1740
1740,68,466.08025898504434,purchase,dev_1740,addr_1740
1741,62,1123.8810500080513,purchase,dev_1741,addr_1741
1741,76,1797.0508726218875,purchase,dev_1741,addr_1741
1741,86,702.2096663941971,purchase,dev_1741,addr_1741
1741,99,1537.1094031986745,purchase,dev_1741,addr_1741
1742,26,2675.1936930501793,purchase,dev_1742,addr_1742
1742,42,1621.2359966869828,purchase,dev_1742,addr_1742
1742,59,992.6117439509358,purchase,dev_1742,addr_1742
1742,76,2922.519599046543,purchase,dev_1742,addr_1742
1743,20,2476.5797160536017,purchase,dev_1743,addr_1743
1743,37,2668.3601058318977,purchase,dev_1743,addr_1743
1744,48,3150.8389830556216,purchase,dev_1744,addr_1744
1744,63,1836.588957796072,purchase,dev_1744,addr_1744
1744,85,2379.6501339316515,purchase,dev_1744,addr_1744
1745,32,1237.9726768935357,purchase,dev_1745,addr_1745
1745,51,3538.524851219966,purchase,dev_1745,addr_1745
1746,21,1364.7248166857594,purchase,dev_1746,addr_1746
1746,28,1852.141917431823,purchase,dev_1746,addr_1746
1746,46,2228.840580117611,purchase,dev_1746,addr_1746
1746,51,1627.4906272120895,purchase,dev_1746,addr_1746
1747,23,1688.0217846401758,purchase,dev_1747,addr_1747
1747,40,943.248189606349,purchase,dev_1747,addr_1747
1747,43,2036.1491986094616,purchase,dev_1747,addr_1747
1747,61,688.4782678949765,purchase,dev_1747,addr_1747
1747,80,2131.9355677154645,purchase,dev_1747,addr_1747
1747,93,1069.3143321171292,purchase,dev_1747,addr_1747
1748,42,2330.0561537689073,purchase,dev_1748,addr_1748
1748,45,2330.0561537689073,return,dev_1748,addr_1748
1749,46,861.4437660875476,purchase,dev_1749,addr_1749
1749,49,764.3754741221679,purchase,dev_1749,addr_1749
1750,35,1393.3739947211673,purchase,dev_1750,addr_1750
1750,41,1705.3149675292566,purchase,dev_1750,addr_1750
1750,50,1083.0960542127982,purchase,dev_1750,addr_1750
1750,67,1185.05061150453,purchase,dev_1750,addr_1750
1750,76,342.74291881879736,purchase,dev_1750,addr_1750
1750,95,2159.1624789376997,purchase,dev_1750,addr_1750
1751,20,721.3448734624694,purchase,dev_1751,addr_1751
1751,25,2266.3964225437494,purchase,dev_1751,addr_1751
1751,31,1452.6774923208452,purchase,dev_1751,addr_1751
1751,35,2728.4835579612427,purchase,dev_1751,addr_1751
1752,42,1564.3432467152913,purchase,dev_1752,addr_1752
1752,61,1243.2819987519524,purchase,dev_1752,addr_1752
1752,75,936.6989700388314,purchase,dev_1752,addr_1752
1752,88,1446.1936261943927,purchase,dev_1752,addr_1752
1752,111,451.0231687210164,purchase,dev_1752,addr_1752
1753,71,1562.2111087418943,purchase,dev_1753,addr_1753
1753,91,763.2724712880224,purchase,dev_1753,addr_1753
1753,99,1790.1038187565523,purchase,dev_1753,addr_1753
1753,119,925.1584614273231,purchase,dev_1753,addr_1753
1753,127,886.6723926203144,purchase,dev_1753,addr_1753
1754,38,642.6880175739321,purchase,dev_1754,addr_1754
1754,42,1419.0411783543293,purchase,dev_1754,addr_1754
1754,51,1241.8185604718576,purchase,dev_1754,addr_1754
1755,67,888.8353313629451,purchase,dev_1755,addr_1755
1755,83,1827.1702930684883,purchase,dev_1755,addr_1755
1755,91,1558.7116603443449,purchase,dev_1755,addr_1755
1756,44,1294.5605390865699,purchase,dev_1756,addr_1756
1756,55,1018.7038714345022,purchase,dev_1756,addr_1756
1756,64,891.4955505979963,purchase,dev_1756,addr_1756
1756,67,891.4955505979963,return,dev_1756,addr_1756
1757,77,3130.0580595391643,purchase,dev_1757,addr_1757
1757,97,1368.1510343180867,purchase,dev_1757,addr_1757
1757,118,1709.2189143941273,purchase,dev_1757,addr_1757
1757,138,2017.571333438042,purchase,dev_1757,addr_1757
1757,150,643.1150352021372,purchase,dev_1757,addr_1757
1758,35,703.2621720012273,purchase,dev_1758,addr_1758
1758,38,703.2621720012273,return,dev_1758,addr_1758
1758,56,2510.1156973410043,purchase,dev_1758,addr_1758
1758,69,2263.907728841986,purchase,dev_1758,addr_1758
1759,27,1384.7626824796903,purchase,dev_1759,addr_1759
1759,32,2251.3709337166815,purchase,dev_1759,addr_1759
1759,38,4168.432684927383,purchase,dev_1759,addr_1759
1759,43,4168.432684927383,return,dev_1759,addr_1759
1759,48,1173.068204800666,purchase,dev_1759,addr_1759
1759,53,1173.068204800666,return,dev_1759,addr_1759
1760,29,1385.9757832962214,purchase,dev_1760,addr_1760
1760,52,2286.90245188449,purchase,dev_1760,addr_1760
1760,63,1268.1369230838523,purchase,dev_1760,addr_1760
1760,76,2124.903280241286,purchase,dev_1760,addr_1760
1761,67,933.2431307713192,purchase,dev_1761,addr_1761
1761,91,972.4889245509275,purchase,dev_1761,addr_1761
1762,15,801.4232955875959,purchase,dev_1762,addr_1762
1762,19,2555.4166667668433,purchase,dev_1762,addr_1762
1763,72,1091.194219902823,purchase,dev_1763,addr_1763
1763,92,1448.301883337188,purchase,dev_1763,addr_1763
1763,105,938.3692511511158,purchase,dev_1763,addr_1763
1763,127,743.0871707910824,purchase,dev_1763,addr_1763
1763,131,760.7787049410703,purchase,dev_1763,addr_1763
1763,136,662.1223207692487,purchase,dev_1763,addr_1763
1763,140,1419.9871249573653,purchase,dev_1763,addr_1763
1764,32,2726.173400188689,purchase,dev_1764,addr_1764
1764,44,2558.047803214309,purchase,dev_1764,addr_1764
1764,57,1271.6828310027481,purchase,dev_1764,addr_1764
1764,60,1360.538104229258,purchase,dev_1764,addr_1764
1764,72,1380.683907309408,purchase,dev_1764,addr_1764
1765,71,2087.423491430406,purchase,dev_1765,addr_1765
1765,81,2013.4053674374206,purchase,dev_1765,addr_1765
1765,104,1359.5345141327468,purchase,dev_1765,addr_1765
1765,128,1255.72602112534,purchase,dev_1765,addr_1765
1765,132,1432.9684354801,purchase,dev_1765,addr_1765
1765,155,964.976435897106,purchase,dev_1765,addr_1765
1766,38,433.9352778684518,purchase,dev_1766,addr_1766
1766,56,2100.549328642618,purchase,dev_1766,addr_1766
1766,74,1780.4814207193583,purchase,dev_1766,addr_1766
1766,84,1203.6909186738537,purchase,dev_1766,addr_1766
1766,107,1523.1105327704374,purchase,dev_1766,addr_1766
1766,128,991.5304268438899,purchase,dev_1766,addr_1766
1766,147,538.7833562905615,purchase,dev_1766,addr_1766
1766,168,3355.0097234242194,purchase,dev_1766,addr_1766
1767,38,1147.3978037649829,purchase,dev_1767,addr_1767
1767,54,2133.1524185464423,purchase,dev_1767,addr_1767
1767,60,2133.1524185464423,return,dev_1767,addr_1767
1767,70,1579.9493861355113,purchase,dev_1767,addr_1767
1767,91,1160.5431211367534,purchase,dev_1767,addr_1767
1768,22,1133.789430757787,purchase,dev_1768,addr_1768
1768,30,725.885364378279,purchase,dev_1768,addr_1768
1769,39,923.1063598459488,purchase,dev_1769,addr_1769
1769,53,1051.4504555138042,purchase,dev_1769,addr_1769
1769,74,1184.8618908374292,purchase,dev_1769,addr_1769
1770,30,1284.232014661496,purchase,dev_1770,addr_1770
1770,46,3135.494428616579,purchase,dev_1770,addr_1770
1770,51,4472.622217229242,purchase,dev_1770,addr_1770
1770,64,1013.6631199290882,purchase,dev_1770,addr_1770
1770,78,1381.155065085543,purchase,dev_1770,addr_1770
1770,92,1052.820726073462,purchase,dev_1770,addr_1770
1771,48,2047.6310762666083,purchase,dev_1771,addr_1771
1771,67,1305.967091319023,purchase,dev_1771,addr_1771
1771,72,1305.967091319023,return,dev_1771,addr_1771
1771,80,873.0305089978896,purchase,dev_1771,addr_1771
1772,45,1176.8450006699052,purchase,dev_1772,addr_1772
1772,63,1096.4189171943144,purchase,dev_1772,addr_1772
1772,81,729.8551038275601,purchase,dev_1772,addr_1772
1772,84,490.8212892324843,purchase,dev_1772,addr_1772
1772,97,1256.184890300217,purchase,dev_1772,addr_1772
1772,115,2910.8418435282197,purchase,dev_1772,addr_1772
1772,136,889.7312623933948,purchase,dev_1772,addr_1772
1772,146,1653.6000870664902,purchase,dev_1772,addr_1772
1772,165,1020.6266210680399,purchase,dev_1772,addr_1772
1773,59,479.9319103515818,purchase,dev_1773,addr_1773
1773,75,1393.1426075486463,purchase,dev_1773,addr_1773
1773,94,998.2488161927266,purchase,dev_1773,addr_1773
1773,106,1067.5897884607457,purchase,dev_1773,addr_1773
1773,114,1363.0291317535525,purchase,dev_1773,addr_1773
1774,37,2054.4196942121343,purchase,dev_1774,addr_1774
1774,60,3153.5228176548544,purchase,dev_1774,addr_1774
1774,76,2105.478707907469,purchase,dev_1774,addr_1774
1774,83,1953.1526040205263,purchase,dev_1774,addr_1774
1775,45,2110.52777755889,purchase,dev_1775,addr_1775
1775,54,789.4390928214175,purchase,dev_1775,addr_1775
1775,58,2391.6437229192047,purchase,dev_1775,addr_1775
1775,67,1649.1289589320513,purchase,dev_1775,addr_1775
1775,72,1649.1289589320513,return,dev_1775,addr_1775
1776,21,3393.0102812559066,purchase,dev_1776,addr_1776
1776,26,3393.0102812559066,return,dev_1776,addr_1776
1776,41,2146.304344668544,purchase,dev_1776,addr_1776
1776,48,1230.617836331463,purchase,dev_1776,addr_1776
1776,66,1206.9032094992513,purchase,dev_1776,addr_1776
1776,88,1261.643802686458,purchase,dev_1776,addr_1776
1776,110,2061.7082001132803,purchase,dev_1776,addr_1776
1776,123,3423.082950749355,purchase,dev_1776,addr_1776
1777,45,1765.9385451944984,purchase,dev_1777,addr_1777
1777,56,925.6487506378551,purchase,dev_1777,addr_1777
1777,63,1939.4153291543441,purchase,dev_1777,addr_1777
1777,84,1496.0143715342856,purchase,dev_1777,addr_1777
1778,66,2437.899884864648,purchase,dev_1778,addr_1778
1778,90,1219.8838272961975,purchase,dev_1778,addr_1778
1778,111,1805.917334208065,purchase,dev_1778,addr_1778
1779,62,596.3369244170121,purchase,dev_1779,addr_1779
1779,70,1828.957246059754,purchase,dev_1779,addr_1779
1780,58,1627.1329956769116,purchase,dev_1780,addr_1780
1780,71,1075.1093614448312,purchase,dev_1780,addr_1780
1780,88,2915.3532807574566,purchase,dev_1780,addr_1780
1780,93,1109.2073673694827,purchase,dev_1780,addr_1780
1780,111,1129.6720802710283,purchase,dev_1780,addr_1780
1781,24,1120.7496490348287,purchase,dev_1781,addr_1781
1781,28,956.2151270447723,purchase,dev_1781,addr_1781
1781,52,1683.386116550202,purchase,dev_1781,addr_1781
1781,71,1516.5692063435424,purchase,dev_1781,addr_1781
1782,23,2624.1639997983916,purchase,dev_1782,addr_1782
1782,42,654.3912808071807,purchase,dev_1782,addr_1782
1783,61,1780.2602411907992,purchase,dev_1783,addr_1783
1783,73,3220.5563455661154,purchase,dev_1783,addr_1783
1783,94,1475.6518992085246,purchase,dev_1783,addr_1783
1783,109,1782.769701933607,purchase,dev_1783,addr_1783
1784,21,1222.8672180748506,purchase,dev_1784,addr_1784
1784,37,1021.2440970538685,purchase,dev_1784,addr_1784
1784,46,1026.0138270137347,purchase,dev_1784,addr_1784
1784,60,679.9394844076302,purchase,dev_1784,addr_1784
1784,69,2525.3789946001534,purchase,dev_1784,addr_1784
1785,51,1488.1416607625063,purchase,dev_1785,addr_1785
1785,71,874.641231377253,purchase,dev_1785,addr_1785
1785,77,1318.7502795985033,purchase,dev_1785,addr_1785
1785,97,1593.1427982337814,purchase,dev_1785,addr_1785
1785,102,1580.6021700889671,purchase,dev_1785,addr_1785
1785,105,642.4510086535129,purchase,dev_1785,addr_1785
1786,30,2194.5988113901867,purchase,dev_1786,addr_1786
1786,47,2392.013139930757,purchase,dev_1786,addr_1786
1786,65,760.9453629727764,purchase,dev_1786,addr_1786
1786,80,1669.4906237611444,purchase,dev_1786,addr_1786
1787,72,1540.167058340479,purchase,dev_1787,addr_1787
1787,86,1569.5955784870266,purchase,dev_1787,addr_1787
1788,8,1929.557588973498,purchase,dev_1788,addr_1788
1788,12,1910.4025654393038,purchase,dev_1788,addr_1788
1788,20,575.209935071305,purchase,dev_1788,addr_1788
1788,42,1374.1607648557338,purchase,dev_1788,addr_1788
1788,65,1880.7294373774469,purchase,dev_1788,addr_1788
1789,41,1410.532472743199,purchase,dev_1789,addr_1789
1789,45,2966.7811615220007,purchase,dev_1789,addr_1789
1789,58,2028.9170551189907,purchase,dev_1789,addr_1789
1789,69,855.7825888293193,purchase,dev_1789,addr_1789
1789,74,1724.5873049116256,purchase,dev_1789,addr_1789
1790,41,736.698307773065,purchase,dev_1790,addr_1790
1790,48,314.02066123047894,purchase,dev_1790,addr_1790
1791,50,1330.7981815348403,purchase,dev_1791,addr_1791
1791,53,1047.9736780394603,purchase,dev_1791,addr_1791
1791,74,1474.3448993540835,purchase,dev_1791,addr_1791
1791,77,1447.1761989603747,purchase,dev_1791,addr_1791
1791,91,726.7729528422187,purchase,dev_1791,addr_1791
1792,28,1488.453593987332,purchase,dev_1792,addr_1792
1792,31,1668.447318978238,purchase,dev_1792,addr_1792
1792,52,6721.02910269197,purchase,dev_1792,addr_1792
1793,35,1083.7243871763737,purchase,dev_1793,addr_1793
1793,55,1832.3499839632143,purchase,dev_1793,addr_1793
1793,58,1090.8573588345776,purchase,dev_1793,addr_1793
1793,65,1090.8573588345776,return,dev_1793,addr_1793
1793,66,1615.8596818632425,purchase,dev_1793,addr_1793
1793,75,3751.9653398610003,purchase,dev_1793,addr_1793
1794,35,1608.4878942586363,purchase,dev_1794,addr_1794
1794,41,1139.986464616771,purchase,dev_1794,addr_1794
1794,65,942.0783181083218,purchase,dev_1794,addr_1794
1794,84,979.4549492006112,purchase,dev_1794,addr_1794
1794,94,796.3427882325169,purchase,dev_1794,addr_1794
1795,46,3930.4201829263534,purchase,dev_1795,addr_1795
1795,53,1039.7788579542648,purchase,dev_1795,addr_1795
1795,70,1180.9106285814348,purchase,dev_1795,addr_1795
1795,84,1340.5946497048772,purchase,dev_1795,addr_1795
1795,98,2241.6116157359756,purchase,dev_1795,addr_1795
1795,110,729.5012832918644,purchase,dev_1795,addr_1795
1795,113,1214.6795421020195,purchase,dev_1795,addr_1795
1795,133,1039.1538896051675,purchase,dev_1795,addr_1795
1795,141,1072.8569686204685,purchase,dev_1795,addr_1795
1796,32,1363.7642987929032,purchase,dev_1796,addr_1796
1796,52,1302.1308031151998,purchase,dev_1796,addr_1796
1797,76,702.4597698061782,purchase,dev_1797,addr_1797
1798,61,2428.0500553744387,purchase,dev_1798,addr_1798
1798,67,1081.2499486967238,purchase,dev_1798,addr_1798
1799,81,1070.2266291742287,purchase,dev_1799,addr_1799
1799,99,840.4941243590931,purchase,dev_1799,addr_1799
1799,117,2199.487718452025,purchase,dev_1799,addr_1799
1799,135,2011.3407686255684,purchase,dev_1799,addr_1799
1799,156,2945.360581764321,purchase,dev_1799,addr_1799
1799,160,2945.360581764321,return,dev_1799,addr_1799
1799,179,358.03683508975195,purchase,dev_1799,addr_1799
1799,183,2638.635357325667,purchase,dev_1799,addr_1799
1800,47,1688.3725495543358,purchase,dev_1800,addr_1800
1800,64,1794.0670387560124,purchase,dev_1800,addr_1800
1800,77,1608.8527684192454,purchase,dev_1800,addr_1800
1801,27,1479.2172105676066,purchase,dev_1801,addr_1801
1801,50,1857.2305247696124,purchase,dev_1801,addr_1801
1801,56,1131.1987951577507,purchase,dev_1801,addr_1801
1801,73,574.1119665048053,purchase,dev_1801,addr_1801
1801,83,1789.0116155539959,purchase,dev_1801,addr_1801
1802,61,923.8841595940637,purchase,dev_1802,addr_1802
1802,64,1469.5381440589576,purchase,dev_1802,addr_1802
1802,68,397.0768205296555,purchase,dev_1802,addr_1802
1802,85,2385.1644544322226,purchase,dev_1802,addr_1802
1802,92,2627.251117533682,purchase,dev_1802,addr_1802
1802,97,2627.251117533682,return,dev_1802,addr_1802
1803,9,1828.455329060069,purchase,dev_1803,addr_1803
1803,19,1194.7883927796936,purchase,dev_1803,addr_1803
1803,41,821.5868883738245,purchase,dev_1803,addr_1803
1803,49,853.8937022129949,purchase,dev_1803,addr_1803
1804,56,1571.083217940546,purchase,dev_1804,addr_1804
1804,79,1506.1307019750336,purchase,dev_1804,addr_1804
1804,103,1907.2404398544531,purchase,dev_1804,addr_1804
1805,24,1731.9202774624312,purchase,dev_1805,addr_1805
1805,36,859.6303116556684,purchase,dev_1805,addr_1805
1805,48,2536.707067181859,purchase,dev_1805,addr_1805
1805,68,1690.5433985348316,purchase,dev_1805,addr_1805
1805,71,707.1082899515236,purchase,dev_1805,addr_1805
1806,74,580.6694919272913,purchase,dev_1806,addr_1806
1806,94,3034.0054735613844,purchase,dev_1806,addr_1806
1806,108,678.6305300646939,purchase,dev_1806,addr_1806
1806,113,882.6070883766856,purchase,dev_1806,addr_1806
1806,125,4089.2366020668105,purchase,dev_1806,addr_1806
1807,26,1964.335626812934,purchase,dev_1807,addr_1807
1807,41,1900.3504315622101,purchase,dev_1807,addr_1807
1807,45,1120.502941694285,purchase,dev_1807,addr_1807
1807,47,1120.502941694285,return,dev_1807,addr_1807
1807,57,988.3263892323629,purchase,dev_1807,addr_1807
1807,77,1329.2559612139696,purchase,dev_1807,addr_1807
1808,36,1687.9099511975742,purchase,dev_1808,addr_1808
1808,58,1548.5900518862898,purchase,dev_1808,addr_1808
1808,76,2655.5038340887563,purchase,dev_1808,addr_1808
1808,79,5353.236473318735,purchase,dev_1808,addr_1808
1808,93,1729.0893374295572,purchase,dev_1808,addr_1808
1808,110,969.31223672458,purchase,dev_1808,addr_1808
1809,37,593.9511258461421,purchase,dev_1809,addr_1809
1809,40,554.9631867859166,purchase,dev_1809,addr_1809
1809,57,862.7538417639369,purchase,dev_1809,addr_1809
1810,23,1965.5724078267874,purchase,dev_1810,addr_1810
1810,28,1763.8882954066803,purchase,dev_1810,addr_1810
1810,33,1385.3995316758185,purchase,dev_1810,addr_1810
1810,48,1273.8162977335899,purchase,dev_1810,addr_1810
1810,63,932.072622931455,purchase,dev_1810,addr_1810
1811,62,3266.36546194524,purchase,dev_1811,addr_1811
1811,79,485.3840362002511,purchase,dev_1811,addr_1811
1811,92,1419.9393540284534,purchase,dev_1811,addr_1811
1811,102,4366.869647801942,purchase,dev_1811,addr_1811
1812,22,317.0354003945752,purchase,dev_1812,addr_1812
1812,36,2958.247194408244,purchase,dev_1812,addr_1812
1812,53,1125.9186372087686,purchase,dev_1812,addr_1812
1813,25,1053.1137261029935,purchase,dev_1813,addr_1813
1813,29,1392.3852628610266,purchase,dev_1813,addr_1813
1814,73,446.7716780917358,purchase,dev_1814,addr_1814
1814,82,528.472314622437,purchase,dev_1814,addr_1814
1814,89,907.6268752662901,purchase,dev_1814,addr_1814
1814,110,1097.3833522695218,purchase,dev_1814,addr_1814
1814,113,1254.0134667931952,purchase,dev_1814,addr_1814
1814,130,1307.0980567287666,purchase,dev_1814,addr_1814
1815,31,1422.1500982499483,purchase,dev_1815,addr_1815
1815,48,1210.543776403708,purchase,dev_1815,addr_1815
1815,52,1487.6787738568191,purchase,dev_1815,addr_1815
1815,54,1487.6787738568191,return,dev_1815,addr_1815
1816,59,915.7915760713157,purchase,dev_1816,addr_1816
1816,67,796.721698403427,purchase,dev_1816,addr_1816
1816,75,1356.9126424738085,purchase,dev_1816,addr_1816
1816,82,574.479818477185,purchase,dev_1816,addr_1816
1816,95,766.1436339007174,purchase,dev_1816,addr_1816
1816,119,1133.3545636954645,purchase,dev_1816,addr_1816
1817,16,1441.249397060531,purchase,dev_1817,addr_1817
1817,26,1504.715185490478,purchase,dev_1817,addr_1817
1817,39,979.3521259240239,purchase,dev_1817,addr_1817
1818,52,994.5726431827321,purchase,dev_1818,addr_1818
1818,62,1564.1580566776674,purchase,dev_1818,addr_1818
1818,78,1086.143934297767,purchase,dev_1818,addr_1818
1818,88,1101.8321791558615,purchase,dev_1818,addr_1818
1818,94,2877.585617131591,purchase,dev_1818,addr_1818
1818,115,2155.6059636268965,purchase,dev_1818,addr_1818
1819,35,2063.437803229004,purchase,dev_1819,addr_1819
1820,49,831.0457423450191,purchase,dev_1820,addr_1820
1820,58,1667.6580808228086,purchase,dev_1820,addr_1820
1820,71,1634.9849398410047,purchase,dev_1820,addr_1820
1821,57,2405.785193588685,purchase,dev_1821,addr_1821
1821,68,1374.156402539836,purchase,dev_1821,addr_1821
1821,91,547.6444900658281,purchase,dev_1821,addr_1821
1821,105,1489.4500561118468,purchase,dev_1821,addr_1821
1821,123,1659.9994030129144,purchase,dev_1821,addr_1821
1822,15,589.2154892385265,purchase,dev_1822,addr_1822
1822,22,928.547017133955,purchase,dev_1822,addr_1822
1822,46,1047.3120085774679,purchase,dev_1822,addr_1822
1823,34,1363.4621875250548,purchase,dev_1823,addr_1823
1823,48,843.7850927451003,purchase,dev_1823,addr_1823
1823,53,843.7850927451003,return,dev_1823,addr_1823
1823,59,1758.0321548306783,purchase,dev_1823,addr_1823
1823,66,1090.4318898986558,purchase,dev_1823,addr_1823
1824,40,673.9691653335929,purchase,dev_1824,addr_1824
1824,59,812.6883721739837,purchase,dev_1824,addr_1824
1824,73,1299.16671828844,purchase,dev_1824,addr_1824
1825,28,1737.001832832519,purchase,dev_1825,addr_1825
1826,22,1867.8280094333986,purchase,dev_1826,addr_1826
1827,74,527.9640736516558,purchase,dev_1827,addr_1827
1827,95,903.4155765655219,purchase,dev_1827,addr_1827
1827,115,1922.3148909035015,purchase,dev_1827,addr_1827
1827,129,1135.6109868393323,purchase,dev_1827,addr_1827
1827,140,811.6817788653166,purchase,dev_1827,addr_1827
1828,35,3518.6533591409407,purchase,dev_1828,addr_1828
1828,53,1480.969249321712,purchase,dev_1828,addr_1828
1828,58,1694.1058386577106,purchase,dev_1828,addr_1828
1828,78,905.5969718288593,purchase,dev_1828,addr_1828
1828,102,1105.913807112017,purchase,dev_1828,addr_1828
1828,118,794.8245403508163,purchase,dev_1828,addr_1828
1828,126,1138.683248321377,purchase,dev_1828,addr_1828
1829,51,874.3502159501547,purchase,dev_1829,addr_1829
1829,69,236.94269205848454,purchase,dev_1829,addr_1829
1830,22,2640.162757433067,purchase,dev_1830,addr_1830
1830,43,854.6824673739148,purchase,dev_1830,addr_1830
1830,67,3825.5100620624744,purchase,dev_1830,addr_1830
1830,71,4445.647220675091,purchase,dev_1830,addr_1830
1830,89,724.959649216233,purchase,dev_1830,addr_1830
1831,60,1163.1688250852558,purchase,dev_1831,addr_1831
1831,75,4596.529799076376,purchase,dev_1831,addr_1831
1831,78,1144.8232078554124,purchase,dev_1831,addr_1831
1831,97,2361.3179521249513,purchase,dev_1831,addr_1831
1831,109,3762.6279536809675,purchase,dev_1831,addr_1831
1832,43,2022.5334299444364,purchase,dev_1832,addr_1832
1832,52,1953.7274387129899,purchase,dev_1832,addr_1832
1832,75,2090.3936469233267,purchase,dev_1832,addr_1832
1832,95,1290.5262178578814,purchase,dev_1832,addr_1832
1833,72,707.3544904792591,purchase,dev_1833,addr_1833
1833,80,2022.4252234557716,purchase,dev_1833,addr_1833
1833,99,350.2744118027798,purchase,dev_1833,addr_1833
1834,31,2217.4995312469177,purchase,dev_1834,addr_1834
1834,49,1180.9146340574102,purchase,dev_1834,addr_1834
1834,62,576.4678422551065,purchase,dev_1834,addr_1834
1834,77,4597.745271260708,purchase,dev_1834,addr_1834
1834,83,2478.7177974768506,purchase,dev_1834,addr_1834
1834,105,1994.6715373976633,purchase,dev_1834,addr_1834
1834,129,901.304180301418,purchase,dev_1834,addr_1834
1835,53,1522.9174825609966,purchase,dev_1835,addr_1835
1835,74,539.8110322545158,purchase,dev_1835,addr_1835
1835,78,430.35485078297773,purchase,dev_1835,addr_1835
1835,83,1306.2348192012182,purchase,dev_1835,addr_1835
1836,34,2051.0230030846546,purchase,dev_1836,addr_1836
1836,44,1685.7605356099566,purchase,dev_1836,addr_1836
1836,50,1342.6068371304684,purchase,dev_1836,addr_1836
1837,7,1397.8200026115492,purchase,dev_1837,addr_1837
1837,14,3224.9532648489053,purchase,dev_1837,addr_1837
1837,36,1227.1240784603658,purchase,dev_1837,addr_1837
1837,52,5131.061327331447,purchase,dev_1837,addr_1837
1838,60,770.0580067769524,purchase,dev_1838,addr_1838
1838,77,2104.121295862655,purchase,dev_1838,addr_1838
1838,93,1731.3647386536127,purchase,dev_1838,addr_1838
1838,106,1515.18973504371,purchase,dev_1838,addr_1838
1839,55,1066.4586834058127,purchase,dev_1839,addr_1839
1839,63,1484.11967912541,purchase,dev_1839,addr_1839
1839,75,1009.2076417018725,purchase,dev_1839,addr_1839
1839,91,1261.510796931852,purchase,dev_1839,addr_1839
1840,72,480.42138335359226,purchase,dev_1840,addr_1840
1841,26,753.0646406640623,purchase,dev_1841,addr_1841
1841,35,753.0646406640623,return,dev_1841,addr_1841
1841,43,4916.595479817867,purchase,dev_1841,addr_1841
1841,61,2026.8259490354508,purchase,dev_1841,addr_1841
1842,21,1870.7654647853003,purchase,dev_1842,addr_1842
1842,31,3489.519556291703,purchase,dev_1842,addr_1842
1843,42,1323.7186480274697,purchase,dev_1843,addr_1843
1843,58,1507.6928730353595,purchase,dev_1843,addr_1843
1843,61,1749.7494948815752,purchase,dev_1843,addr_1843
1843,70,2045.4651917238332,purchase,dev_1843,addr_1843
1844,64,1920.2580698097368,purchase,dev_1844,addr_1844
1844,88,1254.2746093896844,purchase,dev_1844,addr_1844
1844,105,458.35895011108477,purchase,dev_1844,addr_1844
1844,111,2304.899698219839,purchase,dev_1844,addr_1844
1845,28,618.5807168446169,purchase,dev_1845,addr_1845
1845,44,3390.194091004727,purchase,dev_1845,addr_1845
1845,47,667.4802579118375,purchase,dev_1845,addr_1845
1845,52,1818.7770866945893,purchase,dev_1845,addr_1845
1846,28,487.8613398451714,purchase,dev_1846,addr_1846
1846,36,1762.5430524484682,purchase,dev_1846,addr_1846
1846,44,1045.3604468348233,purchase,dev_1846,addr_1846
1846,60,804.5740608134035,purchase,dev_1846,addr_1846
1847,27,1397.3178510824832,purchase,dev_1847,addr_1847
1847,35,1511.9470447268868,purchase,dev_1847,addr_1847
1847,42,1278.9643784540392,purchase,dev_1847,addr_1847
1848,29,2309.6715448518653,purchase,dev_1848,addr_1848
1848,32,887.7975080863011,purchase,dev_1848,addr_1848
1848,49,884.4714851457635,purchase,dev_1848,addr_1848
1848,58,1738.5577530253545,purchase,dev_1848,addr_1848
1849,73,2269.905714135533,purchase,dev_1849,addr_1849
1849,95,1047.5619486261558,purchase,dev_1849,addr_1849
1849,105,407.59438186067314,purchase,dev_1849,addr_1849
1850,75,1494.8753850611827,purchase,dev_1850,addr_1850
1850,86,1409.9134384643748,purchase,dev_1850,addr_1850
1850,96,1095.5389013723827,purchase,dev_1850,addr_1850
1850,105,1092.5183014890547,purchase,dev_1850,addr_1850
1850,115,1970.4431169767695,purchase,dev_1850,addr_1850
1850,135,931.4617846998069,purchase,dev_1850,addr_1850
1850,156,2156.8744642417832,purchase,dev_1850,addr_1850
1850,175,1168.8280599390257,purchase,dev_1850,addr_1850
1851,60,1653.0232909100125,purchase,dev_1851,addr_1851
1851,78,897.7046670529044,purchase,dev_1851,addr_1851
1851,82,1070.8626522920758,purchase,dev_1851,addr_1851
1851,86,1070.8626522920758,return,dev_1851,addr_1851
1851,93,789.6237052374643,purchase,dev_1851,addr_1851
1851,98,1802.6560935642608,purchase,dev_1851,addr_1851
1852,51,1576.4899470569069,purchase,dev_1852,addr_1852
1852,74,633.5404775957962,purchase,dev_1852,addr_1852
1852,98,1647.7631817344413,purchase,dev_1852,addr_1852
1852,120,2436.3710436246424,purchase,dev_1852,addr_1852
1853,72,2627.0644262706173,purchase,dev_1853,addr_1853
1853,86,3836.3289166722025,purchase,dev_1853,addr_1853
1853,103,2122.2108796150487,purchase,dev_1853,addr_1853
1853,127,2099.6501376687575,purchase,dev_1853,addr_1853
1854,46,1103.4149843865343,purchase,dev_1854,addr_1854
1854,51,1266.4382915977637,purchase,dev_1854,addr_1854
1854,67,1005.7110514767353,purchase,dev_1854,addr_1854
1855,43,786.8271941832991,purchase,dev_1855,addr_1855
1855,49,2219.6617290033123,purchase,dev_1855,addr_1855
1855,59,1633.6101792296838,purchase,dev_1855,addr_1855
1856,16,2261.583714875863,purchase,dev_1856,addr_1856
1856,40,2202.0197447272135,purchase,dev_1856,addr_1856
1856,50,1990.8255832826708,purchase,dev_1856,addr_1856
1856,62,1683.5479837283433,purchase,dev_1856,addr_1856
1856,81,1504.0471487504321,purchase,dev_1856,addr_1856
1857,17,2039.1747878452252,purchase,dev_1857,addr_1857
1857,31,2788.509252741841,purchase,dev_1857,addr_1857
1857,51,1540.4930617718662,purchase,dev_1857,addr_1857
1857,73,784.1262472879185,purchase,dev_1857,addr_1857
1857,77,1344.351519610452,purchase,dev_1857,addr_1857
1858,8,2819.201595731734,purchase,dev_1858,addr_1858
1858,12,668.1449383834166,purchase,dev_1858,addr_1858
1858,18,1174.6979639725216,purchase,dev_1858,addr_1858
1858,21,1503.1497621173023,purchase,dev_1858,addr_1858
1859,55,468.0119073081992,purchase,dev_1859,addr_1859
1859,70,935.9392735311055,purchase,dev_1859,addr_1859
1859,93,1611.5853825015472,purchase,dev_1859,addr_1859
1859,108,1348.0174244180603,purchase,dev_1859,addr_1859
1859,124,2346.414675857168,purchase,dev_1859,addr_1859
1860,51,462.7527702203352,purchase,dev_1860,addr_1860
1860,65,1043.087431469497,purchase,dev_1860,addr_1860
1860,86,1313.0181663331716,purchase,dev_1860,addr_1860
1860,89,1444.996989046447,purchase,dev_1860,addr_1860
1860,93,698.9695095580822,purchase,dev_1860,addr_1860
1860,114,1910.0764989578142,purchase,dev_1860,addr_1860
1861,31,1235.2134011511698,purchase,dev_1861,addr_1861
1861,54,1663.3533189275224,purchase,dev_1861,addr_1861
1861,66,2310.339143797781,purchase,dev_1861,addr_1861
1861,69,984.9484810084296,purchase,dev_1861,addr_1861
1862,27,1676.8392930205282,purchase,dev_1862,addr_1862
1862,35,1676.8392930205282,return,dev_1862,addr_1862
1862,41,1183.9664127761866,purchase,dev_1862,addr_1862
1862,58,1739.3814657522707,purchase,dev_1862,addr_1862
1862,64,1333.0543424658383,purchase,dev_1862,addr_1862
1862,72,2780.901255850963,purchase,dev_1862,addr_1862
1862,95,1394.835933992035,purchase,dev_1862,addr_1862
1862,106,1228.0647131263395,purchase,dev_1862,addr_1862
1862,112,1228.0647131263395,return,dev_1862,addr_1862
1862,122,1047.9162704446424,purchase,dev_1862,addr_1862
1862,136,1516.6805865661368,purchase,dev_1862,addr_1862
1863,48,1138.3090526686383,purchase,dev_1863,addr_1863
1863,52,1861.6826560738596,purchase,dev_1863,addr_1863
1863,68,1185.207920556827,purchase,dev_1863,addr_1863
1863,72,852.0784862312297,purchase,dev_1863,addr_1863
1863,84,1940.8540121034114,purchase,dev_1863,addr_1863
1864,46,804.9949005809823,purchase,dev_1864,addr_1864
1864,52,2096.070169097052,purchase,dev_1864,addr_1864
1864,58,2123.318740935807,purchase,dev_1864,addr_1864
1864,69,988.3772626416592,purchase,dev_1864,addr_1864
1865,51,1038.000760498592,purchase,dev_1865,addr_1865
1865,63,1884.1823059072153,purchase,dev_1865,addr_1865
1865,66,863.7970992835142,purchase,dev_1865,addr_1865
1865,88,2098.526744177188,purchase,dev_1865,addr_1865
1865,101,3728.3281718958824,purchase,dev_1865,addr_1865
1865,111,1184.4781962989907,purchase,dev_1865,addr_1865
1865,125,848.5354101347103,purchase,dev_1865,addr_1865
1866,78,496.3430233566626,purchase,dev_1866,addr_1866
1866,97,1875.591777226549,purchase,dev_1866,addr_1866
1866,118,423.21745696583434,purchase,dev_1866,addr_1866
1866,121,423.21745696583434,return,dev_1866,addr_1866
1867,73,1026.2004194614794,purchase,dev_1867,addr_1867
1867,84,3757.803350783163,purchase,dev_1867,addr_1867
1867,94,3295.0059609709033,purchase,dev_1867,addr_1867
1867,113,473.7020088531437,purchase,dev_1867,addr_1867
1868,38,719.996099800283,purchase,dev_1868,addr_1868
1868,57,3244.7417570202792,purchase,dev_1868,addr_1868
1868,62,1712.2481722357993,purchase,dev_1868,addr_1868
1868,84,1521.2296277165642,purchase,dev_1868,addr_1868
1869,78,1051.7570418842677,purchase,dev_1869,addr_1869
1869,91,669.4388668696963,purchase,dev_1869,addr_1869
1869,108,1990.273292241193,purchase,dev_1869,addr_1869
1869,125,2735.027670364704,purchase,dev_1869,addr_1869
1869,129,1159.1637798838387,purchase,dev_1869,addr_1869
1869,148,829.2691036697104,purchase,dev_1869,addr_1869
1870,53,2266.145499407752,purchase,dev_1870,addr_1870
1870,68,1460.2713787427926,purchase,dev_1870,addr_1870
1870,85,1151.4847961120718,purchase,dev_1870,addr_1870
1871,69,821.0004591013702,purchase,dev_1871,addr_1871
1871,80,2614.5292221087216,purchase,dev_1871,addr_1871
1871,103,1808.3386496914286,purchase,dev_1871,addr_1871
1871,111,1808.3386496914286,return,dev_1871,addr_1871
1872,51,661.6074797753275,purchase,dev_1872,addr_1872
1872,57,2518.2676227149373,purchase,dev_1872,addr_1872
1872,77,4823.277962532455,purchase,dev_1872,addr_1872
1873,41,623.9588392303963,purchase,dev_1873,addr_1873
1873,47,1627.1822567989234,purchase,dev_1873,addr_1873
1873,54,809.5172381469663,purchase,dev_1873,addr_1873
1873,60,1767.6786951900688,purchase,dev_1873,addr_1873
1874,68,1337.4138039115835,purchase,dev_1874,addr_1874
1874,76,1103.9544059519249,purchase,dev_1874,addr_1874
1875,40,899.503530044333,purchase,dev_1875,addr_1875
1875,55,2127.3327352627334,purchase,dev_1875,addr_1875
1875,60,1800.6389083639679,purchase,dev_1875,addr_1875
1875,64,1317.604500447889,purchase,dev_1875,addr_1875
1876,46,1151.427677843979,purchase,dev_1876,addr_1876
1876,51,3249.873373385046,purchase,dev_1876,addr_1876
1876,68,719.0661383965065,purchase,dev_1876,addr_1876
1876,90,1732.6124866116254,purchase,dev_1876,addr_1876
1876,106,2148.057357856384,purchase,dev_1876,addr_1876
1876,126,3031.249978145774,purchase,dev_1876,addr_1876
1877,29,679.389702899807,purchase,dev_1877,addr_1877
1877,41,1209.2276798497774,purchase,dev_1877,addr_1877
1877,45,1026.6574358386906,purchase,dev_1877,addr_1877
1877,65,1213.350294482435,purchase,dev_1877,addr_1877
1878,7,730.3226012700948,purchase,dev_1878,addr_1878
1878,23,2132.6158489609184,purchase,dev_1878,addr_1878
1879,44,1419.3268298190249,purchase,dev_1879,addr_1879
1879,58,700.7680828208144,purchase,dev_1879,addr_1879
1880,20,7145.954582131873,purchase,dev_1880,addr_1880
1880,24,1521.4932574875263,purchase,dev_1880,addr_1880
1880,44,1429.7342216331842,purchase,dev_1880,addr_1880
1880,54,1478.0172834566845,purchase,dev_1880,addr_1880
1881,53,706.6288720373686,purchase,dev_1881,addr_1881
1881,64,1002.652296030973,purchase,dev_1881,addr_1881
1881,68,955.9855810720785,purchase,dev_1881,addr_1881
1881,71,1755.6641256139503,purchase,dev_1881,addr_1881
1881,89,1516.9139447117625,purchase,dev_1881,addr_1881
1882,23,770.2732113504089,purchase,dev_1882,addr_1882
1882,35,2371.7265099660076,purchase,dev_1882,addr_1882
1882,53,577.3882245471041,purchase,dev_1882,addr_1882
1883,28,2077.9529777670846,purchase,dev_1883,addr_1883
1883,40,1376.3861711483582,purchase,dev_1883,addr_1883
1883,62,1207.5715710527838,purchase,dev_1883,addr_1883
1883,69,1207.5715710527838,return,dev_1883,addr_1883
1883,80,746.4706512265445,purchase,dev_1883,addr_1883
1883,83,1517.4873722658754,purchase,dev_1883,addr_1883
1884,52,959.8131878735568,purchase,dev_1884,addr_1884
1884,67,1634.6725937821993,purchase,dev_1884,addr_1884
1885,24,981.3402100070205,purchase,dev_1885,addr_1885
1885,32,1280.2918328629241,purchase,dev_1885,addr_1885
1885,35,1127.021794372092,purchase,dev_1885,addr_1885
1885,37,1127.021794372092,return,dev_1885,addr_1885
1885,39,1075.1420435904765,purchase,dev_1885,addr_1885
1885,48,2272.7383332797203,purchase,dev_1885,addr_1885
1885,71,1854.9076203611326,purchase,dev_1885,addr_1885
1885,79,1854.9076203611326,return,dev_1885,addr_1885
1885,92,801.9091927621159,purchase,dev_1885,addr_1885
1885,104,3865.8617298380627,purchase,dev_1885,addr_1885
1886,32,1885.0394232104095,purchase,dev_1886,addr_1886
1886,54,1538.3113016538227,purchase,dev_1886,addr_1886
1886,59,920.2681386270925,purchase,dev_1886,addr_1886
1886,81,1092.3067722670992,purchase,dev_1886,addr_1886
1887,35,3487.8887031860418,purchase,dev_1887,addr_1887
1887,59,1062.369935051349,purchase,dev_1887,addr_1887
1887,80,998.257830342632,purchase,dev_1887,addr_1887
1887,88,453.98527239662457,purchase,dev_1887,addr_1887
1887,108,1216.6571817341357,purchase,dev_1887,addr_1887
1888,25,564.7226577202944,purchase,dev_1888,addr_1888
1888,32,664.7257423149985,purchase,dev_1888,addr_1888
1888,49,2142.508231567931,purchase,dev_1888,addr_1888
1889,21,2245.06282845802,purchase,dev_1889,addr_1889
1889,35,1644.4804486827047,purchase,dev_1889,addr_1889
1889,42,1736.6394933421018,purchase,dev_1889,addr_1889
1889,59,2231.1576036396827,purchase,dev_1889,addr_1889
1890,24,292.1503118291455,purchase,dev_1890,addr_1890
1890,44,1734.3806722775428,purchase,dev_1890,addr_1890
1890,53,1223.2975654814616,purchase,dev_1890,addr_1890
1890,56,945.1103206954011,purchase,dev_1890,addr_1890
1890,65,945.1103206954011,return,dev_1890,addr_1890
1890,73,1988.0554407790653,purchase,dev_1890,addr_1890
1890,90,584.2840068125939,purchase,dev_1890,addr_1890
1891,71,2970.0590704808315,purchase,dev_1891,addr_1891
1891,80,2970.0590704808315,return,dev_1891,addr_1891
1891,86,3817.5819648348033,purchase,dev_1891,addr_1891
1891,102,1296.4615837633985,purchase,dev_1891,addr_1891
1891,119,1741.8626457955547,purchase,dev_1891,addr_1891
1892,58,1017.2299962876826,purchase,dev_1892,addr_1892
1892,68,1801.366067060613,purchase,dev_1892,addr_1892
1892,78,1216.9740273619382,purchase,dev_1892,addr_1892
1892,88,1335.6780461511387,purchase,dev_1892,addr_1892
1893,57,1243.3231544976145,purchase,dev_1893,addr_1893
1893,80,1148.611124921402,purchase,dev_1893,addr_1893
1893,101,1491.5867183262678,purchase,dev_1893,addr_1893
1893,119,923.6098284406498,purchase,dev_1893,addr_1893
1893,127,2592.6870898910424,purchase,dev_1893,addr_1893
1894,43,926.3316847589964,purchase,dev_1894,addr_1894
1894,53,694.7325247111072,purchase,dev_1894,addr_1894
1895,27,1340.761359777133,purchase,dev_1895,addr_1895
1895,32,1340.761359777133,return,dev_1895,addr_1895
1895,43,1334.0580571986613,purchase,dev_1895,addr_1895
1895,60,1933.4175648488747,purchase,dev_1895,addr_1895
1896,38,2085.118222480321,purchase,dev_1896,addr_1896
1896,56,5089.910466123135,purchase,dev_1896,addr_1896
1896,65,1033.3959111979439,purchase,dev_1896,addr_1896
1896,75,459.9540516038484,purchase,dev_1896,addr_1896
1896,96,3042.9808775974316,purchase,dev_1896,addr_1896
1896,112,1169.4078437482858,purchase,dev_1896,addr_1896
1897,61,787.9293513947529,purchase,dev_1897,addr_1897
1897,70,1036.0432528799442,purchase,dev_1897,addr_1897
1898,62,1155.931456667046,purchase,dev_1898,addr_1898
1898,85,1737.1285721706427,purchase,dev_1898,addr_1898
1898,104,1149.0044033612562,purchase,dev_1898,addr_1898
1898,123,1124.0064020370896,purchase,dev_1898,addr_1898
1899,56,1119.5299039996423,purchase,dev_1899,addr_1899
1899,68,740.1362132508018,purchase,dev_1899,addr_1899
1899,72,2368.206163449649,purchase,dev_1899,addr_1899
1899,94,476.14704134265037,purchase,dev_1899,addr_1899
1899,116,1533.4265855135156,purchase,dev_1899,addr_1899
1900,55,1578.473488842985,purchase,dev_1900,addr_1900
1900,77,2166.9503616098673,purchase,dev_1900,addr_1900
1900,101,3174.2797248643983,purchase,dev_1900,addr_1900
1900,120,1053.8098004929923,purchase,dev_1900,addr_1900
1900,144,2032.3698474640087,purchase,dev_1900,addr_1900
1901,41,1607.0542790372667,purchase,dev_1901,addr_1901
1901,46,862.9239293311292,purchase,dev_1901,addr_1901
1901,62,2198.793564628037,purchase,dev_1901,addr_1901
1902,43,2712.6120258664,purchase,dev_1902,addr_1902
1902,66,1344.925686686124,purchase,dev_1902,addr_1902
1902,69,967.922067071771,purchase,dev_1902,addr_1902
1902,81,1471.9959334818288,purchase,dev_1902,addr_1902
1902,101,1678.5992695625728,purchase,dev_1902,addr_1902
1903,49,528.2023830370471,purchase,dev_1903,addr_1903
1903,53,1973.7567323594478,purchase,dev_1903,addr_1903
1904,22,2412.8138215201657,purchase,dev_1904,addr_1904
1904,31,2493.368739461403,purchase,dev_1904,addr_1904
1904,50,1206.9890187564974,purchase,dev_1904,addr_1904
1904,71,1784.3397024722244,purchase,dev_1904,addr_1904
1905,27,2556.46116661743,purchase,dev_1905,addr_1905
1905,36,747.9279018426939,purchase,dev_1905,addr_1905
1905,55,441.34034159981917,purchase,dev_1905,addr_1905
1905,67,684.7461108528269,purchase,dev_1905,addr_1905
1906,77,1408.0170673920397,purchase,dev_1906,addr_1906
1906,90,1932.5486140523387,purchase,dev_1906,addr_1906
1906,102,717.268730081264,purchase,dev_1906,addr_1906
1907,34,413.05417080937775,purchase,dev_1907,addr_1907
1908,30,1638.7413508331167,purchase,dev_1908,addr_1908
1908,39,1433.6538128028803,purchase,dev_1908,addr_1908
1909,52,1187.0237182991953,purchase,dev_1909,addr_1909
1909,59,926.499974804625,purchase,dev_1909,addr_1909
1909,64,1230.2121779748713,purchase,dev_1909,addr_1909
1909,78,787.5410757844866,purchase,dev_1909,addr_1909
1909,99,577.9177262201808,purchase,dev_1909,addr_1909
1910,64,961.7507649269565,purchase,dev_1910,addr_1910
1910,74,810.434491747049,purchase,dev_1910,addr_1910
1910,96,1031.0549778391555,purchase,dev_1910,addr_1910
1910,117,1830.0097062238688,purchase,dev_1910,addr_1910
1911,16,714.157382656197,purchase,dev_1911,addr_1911
1911,24,714.157382656197,return,dev_1911,addr_1911
1911,31,1258.5088654854096,purchase,dev_1911,addr_1911
1911,42,631.4545722341502,purchase,dev_1911,addr_1911
1912,69,1511.2360957275853,purchase,dev_1912,addr_1912
1912,75,1939.2150493100917,purchase,dev_1912,addr_1912
1912,88,2069.27707117663,purchase,dev_1912,addr_1912
1912,100,1414.095036848176,purchase,dev_1912,addr_1912
1912,114,4752.8296080822065,purchase,dev_1912,addr_1912
1913,50,1200.4999483154922,purchase,dev_1913,addr_1913
1913,55,1246.5724586531114,purchase,dev_1913,addr_1913
1913,70,415.9360030794655,purchase,dev_1913,addr_1913
1913,75,537.5371074921111,purchase,dev_1913,addr_1913
1914,46,934.5341731677175,purchase,dev_1914,addr_1914
1914,57,2996.7123914802214,purchase,dev_1914,addr_1914
1915,27,1008.3539296332563,purchase,dev_1915,addr_1915
1915,32,1008.3539296332563,return,dev_1915,addr_1915
1915,41,699.3081857432657,purchase,dev_1915,addr_1915
1915,51,1329.983986373445,purchase,dev_1915,addr_1915
1915,74,784.0026936562664,purchase,dev_1915,addr_1915
1916,60,2057.471034740013,purchase,dev_1916,addr_1916
1916,65,1820.2548343977285,purchase,dev_1916,addr_1916
1916,72,1684.216844667007,purchase,dev_1916,addr_1916
1916,77,1000.3036819703937,purchase,dev_1916,addr_1916
1916,91,880.0139565160091,purchase,dev_1916,addr_1916
1916,114,1665.4020536414864,purchase,dev_1916,addr_1916
1916,121,1665.4020536414864,return,dev_1916,addr_1916
1917,52,1386.3769976180354,purchase,dev_1917,addr_1917
1918,38,757.9369351890792,purchase,dev_1918,addr_1918
1918,54,2833.629980614232,purchase,dev_1918,addr_1918
1918,69,443.8179291280593,purchase,dev_1918,addr_1918
1918,76,2013.045018850992,purchase,dev_1918,addr_1918
1918,89,1167.9390644773307,purchase,dev_1918,addr_1918
1918,110,718.2455303231658,purchase,dev_1918,addr_1918
1919,20,1026.45122262224,purchase,dev_1919,addr_1919
1919,27,1353.948460383459,purchase,dev_1919,addr_1919
1919,33,2000.0697648962582,purchase,dev_1919,addr_1919
1920,12,427.8492946843418,purchase,dev_1920,addr_1920
1920,17,1331.5511578793823,purchase,dev_1920,addr_1920
1921,38,1204.1576096695933,purchase,dev_1921,addr_1921
1921,49,1009.6514905068308,purchase,dev_1921,addr_1921
1922,42,3483.932697720067,purchase,dev_1922,addr_1922
1922,48,1238.6302976010948,purchase,dev_1922,addr_1922
1922,67,1519.8417885934714,purchase,dev_1922,addr_1922
1923,37,2809.391666678448,purchase,dev_1923,addr_1923
1923,50,854.6435150670363,purchase,dev_1923,addr_1923
1923,56,854.6435150670363,return,dev_1923,addr_1923
1923,60,1251.9569651327943,purchase,dev_1923,addr_1923
1924,45,2445.2301290728096,purchase,dev_1924,addr_1924
1924,57,1834.59404901088,purchase,dev_1924,addr_1924
1925,39,4119.736036331639,purchase,dev_1925,addr_1925
1925,44,1207.207392713185,purchase,dev_1925,addr_1925
1925,52,1146.9397400248777,purchase,dev_1925,addr_1925
1925,64,706.179111606765,purchase,dev_1925,addr_1925
1926,26,735.1779979742626,purchase,dev_1926,addr_1926
1926,31,742.7743158394459,purchase,dev_1926,addr_1926
1926,47,858.3344573827962,purchase,dev_1926,addr_1926
1926,71,1198.7097874878716,purchase,dev_1926,addr_1926
1926,76,1556.1250406468266,purchase,dev_1926,addr_1926
1927,25,1536.112885196088,purchase,dev_1927,addr_1927
1927,30,1536.112885196088,return,dev_1927,addr_1927
1927,44,751.6104880694365,purchase,dev_1927,addr_1927
1927,61,605.2740457958718,purchase,dev_1927,addr_1927
1927,78,611.1252838969435,purchase,dev_1927,addr_1927
1927,90,1342.164499087862,purchase,dev_1927,addr_1927
1927,96,1342.164499087862,return,dev_1927,addr_1927
1927,104,1985.4324936218027,purchase,dev_1927,addr_1927
1928,63,584.3453358340118,purchase,dev_1928,addr_1928
1928,72,2835.255638341901,purchase,dev_1928,addr_1928
1928,82,1238.7183092789362,purchase,dev_1928,addr_1928
1928,85,1238.7183092789362,return,dev_1928,addr_1928
1928,99,1987.3721287552419,purchase,dev_1928,addr_1928
1929,65,707.139471059218,purchase,dev_1929,addr_1929
1929,70,952.9062972392707,purchase,dev_1929,addr_1929
1929,82,1092.6290490528238,purchase,dev_1929,addr_1929
1930,29,2015.4700562359533,purchase,dev_1930,addr_1930
1930,42,902.0163769135813,purchase,dev_1930,addr_1930
1930,64,1411.392667212439,purchase,dev_1930,addr_1930
1930,69,2946.486412311392,purchase,dev_1930,addr_1930
1930,82,2506.184542292503,purchase,dev_1930,addr_1930
1930,88,1356.1979955203933,purchase,dev_1930,addr_1930
1930,90,1356.1979955203933,return,dev_1930,addr_1930
1930,96,600.9327993685341,purchase,dev_1930,addr_1930
1930,108,795.6709412377238,purchase,dev_1930,addr_1930
1930,120,768.9371229312866,purchase,dev_1930,addr_1930
1930,128,768.9371229312866,return,dev_1930,addr_1930
1931,61,1956.0276923844917,purchase,dev_1931,addr_1931
1932,60,1595.6901958817493,purchase,dev_1932,addr_1932
1932,74,1237.37155311416,purchase,dev_1932,addr_1932
1932,79,1337.7799752436845,purchase,dev_1932,addr_1932
1932,103,1876.521019184947,purchase,dev_1932,addr_1932
1932,115,690.6737241561914,purchase,dev_1932,addr_1932
1933,26,2027.4432805018419,purchase,dev_1933,addr_1933
1934,54,1127.8498669673977,purchase,dev_1934,addr_1934
1934,75,1948.7436532650736,purchase,dev_1934,addr_1934
1934,87,1446.9011335614744,purchase,dev_1934,addr_1934
1934,103,1572.0474112090994,purchase,dev_1934,addr_1934
1934,107,1572.0474112090994,return,dev_1934,addr_1934
1934,110,2119.8574520412317,purchase,dev_1934,addr_1934
1935,26,986.5521131289684,purchase,dev_1935,addr_1935
1936,33,965.8020812427283,purchase,dev_1936,addr_1936
1936,46,1681.0405430385122,purchase,dev_1936,addr_1936
1936,48,1681.0405430385122,return,dev_1936,addr_1936
1936,61,1329.7484138532643,purchase,dev_1936,addr_1936
1936,70,1046.3940112191883,purchase,dev_1936,addr_1936
1936,78,1046.3940112191883,return,dev_1936,addr_1936
1936,80,691.0528934680245,purchase,dev_1936,addr_1936
1936,89,1152.3296234195652,purchase,dev_1936,addr_1936
1937,19,1398.6481617046763,purchase,dev_1937,addr_1937
1937,23,1891.3154675295525,purchase,dev_1937,addr_1937
1937,27,1742.3708834791516,purchase,dev_1937,addr_1937
1937,41,977.3768660462958,purchase,dev_1937,addr_1937
1937,58,1192.7631050970942,purchase,dev_1937,addr_1937
1938,40,1347.3925156227665,purchase,dev_1938,addr_1938
1938,45,1700.3329430799542,purchase,dev_1938,addr_1938
1938,63,918.7984656933509,purchase,dev_1938,addr_1938
1939,37,742.1346589772977,purchase,dev_1939,addr_1939
1939,45,742.1346589772977,return,dev_1939,addr_1939
1939,54,1431.572887496372,purchase,dev_1939,addr_1939
1940,37,802.5267961576645,purchase,dev_1940,addr_1940
1940,46,1474.5897010478106,purchase,dev_1940,addr_1940
1940,64,1920.5442524252558,purchase,dev_1940,addr_1940
1940,72,999.2275431613184,purchase,dev_1940,addr_1940
1940,89,812.3818353219917,purchase,dev_1940,addr_1940
1940,97,1327.8820185171712,purchase,dev_1940,addr_1940
1940,109,1545.720427709207,purchase,dev_1940,addr_1940
1941,43,3929.6657533426387,purchase,dev_1941,addr_1941
1941,64,1772.2159393679276,purchase,dev_1941,addr_1941
1942,60,2246.365831788564,purchase,dev_1942,addr_1942
1942,69,539.5224610829889,purchase,dev_1942,addr_1942
1942,89,1707.3644604976,purchase,dev_1942,addr_1942
1942,110,530.6339775243772,purchase,dev_1942,addr_1942
1943,67,2064.991193617451,purchase,dev_1943,addr_1943
1943,87,1220.4979325990441,purchase,dev_1943,addr_1943
1943,103,1713.9963040126474,purchase,dev_1943,addr_1943
1944,71,1426.9568707458727,purchase,dev_1944,addr_1944
1944,83,1357.8105834757002,purchase,dev_1944,addr_1944
1944,89,1260.6222582812977,purchase,dev_1944,addr_1944
1944,99,1812.850984223099,purchase,dev_1944,addr_1944
1944,121,5053.0966095729855,purchase,dev_1944,addr_1944
1945,45,586.2831893859079,purchase,dev_1945,addr_1945
1945,63,1866.8064509268956,purchase,dev_1945,addr_1945
1945,78,2726.1271088269255,purchase,dev_1945,addr_1945
1946,44,1700.395706182401,purchase,dev_1946,addr_1946
1946,47,1102.038631107259,purchase,dev_1946,addr_1946
1946,66,1924.6567580558853,purchase,dev_1946,addr_1946
1947,30,1148.0603300195469,purchase,dev_1947,addr_1947
1947,37,913.0230266420326,purchase,dev_1947,addr_1947
1947,42,1971.4254211699722,purchase,dev_1947,addr_1947
1948,69,1637.5115051966027,purchase,dev_1948,addr_1948
1948,77,1637.5115051966027,return,dev_1948,addr_1948
1948,91,563.6507410531423,purchase,dev_1948,addr_1948
1948,110,1347.2330033636981,purchase,dev_1948,addr_1948
1949,6,1117.354629831234,purchase,dev_1949,addr_1949
1949,24,1190.0790162389535,purchase,dev_1949,addr_1949
1949,47,1831.6858280950944,purchase,dev_1949,addr_1949
1949,70,709.6151743722859,purchase,dev_1949,addr_1949
1949,76,1998.4653541580244,purchase,dev_1949,addr_1949
1950,46,2409.927459574077,purchase,dev_1950,addr_1950
1950,63,1344.759278637568,purchase,dev_1950,addr_1950
1950,74,2413.8151964402023,purchase,dev_1950,addr_1950
1950,77,1543.6172358866606,purchase,dev_1950,addr_1950
1951,73,1239.0184360568744,purchase,dev_1951,addr_1951
1951,96,1242.7497042899438,purchase,dev_1951,addr_1951
1951,102,1177.7073458306256,purchase,dev_1951,addr_1951
1951,115,1208.0279603536292,purchase,dev_1951,addr_1951
1951,138,848.1622606404287,purchase,dev_1951,addr_1951
1951,152,1160.4653618146792,purchase,dev_1951,addr_1951
1952,41,1318.4882615121899,purchase,dev_1952,addr_1952
1952,59,1668.801412618548,purchase,dev_1952,addr_1952
1952,71,1380.473772758531,purchase,dev_1952,addr_1952
1952,84,3034.7776458278126,purchase,dev_1952,addr_1952
1952,103,1485.0833323636473,purchase,dev_1952,addr_1952
1952,114,1663.3592008317867,purchase,dev_1952,addr_1952
1952,117,2270.1434329905546,purchase,dev_1952,addr_1952
1953,53,1065.6337043630751,purchase,dev_1953,addr_1953
1953,75,967.2588100262714,purchase,dev_1953,addr_1953
1953,97,2292.272316942584,purchase,dev_1953,addr_1953
1954,76,2016.4954983558048,purchase,dev_1954,addr_1954
1954,85,444.46963588663976,purchase,dev_1954,addr_1954
1954,87,444.46963588663976,return,dev_1954,addr_1954
1954,103,684.733378605932,purchase,dev_1954,addr_1954
1955,48,743.8516574379308,purchase,dev_1955,addr_1955
1955,57,993.2611777799467,purchase,dev_1955,addr_1955
1956,67,1961.2679134718808,purchase,dev_1956,addr_1956
1956,81,1941.7729061273087,purchase,dev_1956,addr_1956
1956,90,1843.5885258766912,purchase,dev_1956,addr_1956
1956,97,1336.3331168827685,purchase,dev_1956,addr_1956
1956,115,2173.570878564728,purchase,dev_1956,addr_1956
1956,131,1909.858838109901,purchase,dev_1956,addr_1956
1956,142,1814.1393242083313,purchase,dev_1956,addr_1956
1957,70,1093.3711939292425,purchase,dev_1957,addr_1957
1957,89,763.0031785297995,purchase,dev_1957,addr_1957
1957,113,681.2622182343026,purchase,dev_1957,addr_1957
1957,134,1479.1887257880262,purchase,dev_1957,addr_1957
1958,49,885.6890922038796,purchase,dev_1958,addr_1958
1959,19,1245.6067018705248,purchase,dev_1959,addr_1959
1959,41,947.2624968145296,purchase,dev_1959,addr_1959
1959,54,481.0895968257235,purchase,dev_1959,addr_1959
1959,74,933.672018125326,purchase,dev_1959,addr_1959
1960,29,1829.0677837656015,purchase,dev_1960,addr_1960
1960,39,3266.6176976333495,purchase,dev_1960,addr_1960
1960,43,1298.00933794075,purchase,dev_1960,addr_1960
1960,64,1185.2190040651496,purchase,dev_1960,addr_1960
1960,77,4862.984199515993,purchase,dev_1960,addr_1960
1961,27,2190.788110905752,purchase,dev_1961,addr_1961
1961,44,2308.1440369041516,purchase,dev_1961,addr_1961
1961,55,1426.6513142143745,purchase,dev_1961,addr_1961
1961,63,559.5358679018143,purchase,dev_1961,addr_1961
1962,40,574.6224918500844,purchase,dev_1962,addr_1962
1962,53,2745.62774123033,purchase,dev_1962,addr_1962
1962,71,2059.249565360642,purchase,dev_1962,addr_1962
1962,74,1817.7857714685042,purchase,dev_1962,addr_1962
1962,84,1218.133741894803,purchase,dev_1962,addr_1962
1962,87,1295.9181609039438,purchase,dev_1962,addr_1962
1962,91,1295.9181609039438,return,dev_1962,addr_1962
1963,75,1650.3261354420804,purchase,dev_1963,addr_1963
1963,88,1478.9710481947088,purchase,dev_1963,addr_1963
1964,53,1741.49563779991,purchase,dev_1964,addr_1964
1964,56,867.4195938502387,purchase,dev_1964,addr_1964
1964,77,696.7389189471858,purchase,dev_1964,addr_1964
1964,95,1946.4104248024637,purchase,dev_1964,addr_1964
1965,44,662.6188726470754,purchase,dev_1965,addr_1965
1965,60,1894.726570803733,purchase,dev_1965,addr_1965
1965,80,713.0227602356038,purchase,dev_1965,addr_1965
1965,82,713.0227602356038,return,dev_1965,addr_1965
1966,12,1731.2805404987553,purchase,dev_1966,addr_1966
1966,16,1154.9010761304712,purchase,dev_1966,addr_1966
1966,29,722.428506274772,purchase,dev_1966,addr_1966
1966,43,1124.2578561862283,purchase,dev_1966,addr_1966
1967,23,1217.4949348832065,purchase,dev_1967,addr_1967
1967,42,2304.141115522742,purchase,dev_1967,addr_1967
1967,54,2231.7298062974774,purchase,dev_1967,addr_1967
1967,77,2067.8204067309857,purchase,dev_1967,addr_1967
1968,54,853.2346790564465,purchase,dev_1968,addr_1968
1968,63,1512.7236285073884,purchase,dev_1968,addr_1968
1968,71,2571.628972092851,purchase,dev_1968,addr_1968
1969,46,725.9605331854394,purchase,dev_1969,addr_1969
1969,64,759.6711227756766,purchase,dev_1969,addr_1969
1969,78,690.7218078733877,purchase,dev_1969,addr_1969
1969,102,1247.4832406831356,purchase,dev_1969,addr_1969
1969,118,965.6221814571311,purchase,dev_1969,addr_1969
1969,129,771.0287032470092,purchase,dev_1969,addr_1969
1970,68,847.908493898464,purchase,dev_1970,addr_1970
1971,57,1052.6850645872144,purchase,dev_1971,addr_1971
1971,77,1195.5295196763068,purchase,dev_1971,addr_1971
1971,80,2086.2248734697787,purchase,dev_1971,addr_1971
1971,100,772.3930815651813,purchase,dev_1971,addr_1971
1971,105,1017.2794070027714,purchase,dev_1971,addr_1971
1971,116,1160.5206780063788,purchase,dev_1971,addr_1971
1971,124,1160.5206780063788,return,dev_1971,addr_1971
1972,61,1122.8806472664444,purchase,dev_1972,addr_1972
1972,74,1326.9186583574465,purchase,dev_1972,addr_1972
1972,94,1306.413867760069,purchase,dev_1972,addr_1972
1972,107,1090.9333517506986,purchase,dev_1972,addr_1972
1973,34,1430.1992449352936,purchase,dev_1973,addr_1973
1973,43,1548.5183536599434,purchase,dev_1973,addr_1973
1974,69,1398.839886195119,purchase,dev_1974,addr_1974
1974,81,1616.0579752991257,purchase,dev_1974,addr_1974
1974,89,664.1111319131503,purchase,dev_1974,addr_1974
1974,95,1867.0177114977448,purchase,dev_1974,addr_1974
1975,45,554.3782507249058,purchase,dev_1975,addr_1975
1975,59,664.1692640621674,purchase,dev_1975,addr_1975
1975,64,431.1685208220392,purchase,dev_1975,addr_1975
1975,75,2194.5500525437487,purchase,dev_1975,addr_1975
1975,79,2591.403365407113,purchase,dev_1975,addr_1975
1976,57,2747.134066861802,purchase,dev_1976,addr_1976
1976,69,410.89714366085155,purchase,dev_1976,addr_1976
1976,86,2822.0944050657963,purchase,dev_1976,addr_1976
1976,91,1496.390387852874,purchase,dev_1976,addr_1976
1976,101,1747.158774432806,purchase,dev_1976,addr_1976
1976,107,942.9318466018841,purchase,dev_1976,addr_1976
1976,123,1432.9762036632296,purchase,dev_1976,addr_1976
1977,16,1932.4327027812606,purchase,dev_1977,addr_1977
1977,20,1001.9122878652867,purchase,dev_1977,addr_1977
1977,39,2168.1042193241187,purchase,dev_1977,addr_1977
1977,45,2168.1042193241187,return,dev_1977,addr_1977
1978,17,1847.8238563998261,purchase,dev_1978,addr_1978
1978,38,2183.186854124513,purchase,dev_1978,addr_1978
1978,51,2029.526868129848,purchase,dev_1978,addr_1978
1978,55,1962.6417140082026,purchase,dev_1978,addr_1978
1978,58,712.2314919309002,purchase,dev_1978,addr_1978
1978,76,905.5298312656516,purchase,dev_1978,addr_1978
1978,97,719.2149546840067,purchase,dev_1978,addr_1978
1979,28,2359.0990491131083,purchase,dev_1979,addr_1979
1979,33,813.8034887316593,purchase,dev_1979,addr_1979
1979,34,2359.0990491131083,return,dev_1979,addr_1979
1979,38,1670.0808701913986,purchase,dev_1979,addr_1979
1979,46,1098.0580745227273,purchase,dev_1979,addr_1979
1979,56,1654.1937164026197,purchase,dev_1979,addr_1979
1980,69,530.1079634696499,purchase,dev_1980,addr_1980
1980,79,2841.7282498356585,purchase,dev_1980,addr_1980
1981,61,809.7582342016359,purchase,dev_1981,addr_1981
1981,73,767.4108943328388,purchase,dev_1981,addr_1981
1981,81,1433.2912118388222,purchase,dev_1981,addr_1981
1982,24,1461.4905018245604,purchase,dev_1982,addr_1982
1982,39,482.0589183956765,purchase,dev_1982,addr_1982
1982,63,1488.3897468286682,purchase,dev_1982,addr_1982
1982,85,2159.1102751510625,purchase,dev_1982,addr_1982
1982,109,2481.7391867820115,purchase,dev_1982,addr_1982
1982,115,1118.8538912270164,purchase,dev_1982,addr_1982
1982,122,621.1075689380259,purchase,dev_1982,addr_1982
1983,40,1807.831645886816,purchase,dev_1983,addr_1983
1983,59,2752.3688535127144,purchase,dev_1983,addr_1983
1984,57,795.8619112551992,purchase,dev_1984,addr_1984
1984,60,1356.2390363017166,purchase,dev_1984,addr_1984
1984,67,3777.657115686544,purchase,dev_1984,addr_1984
1984,81,1474.364364364194,purchase,dev_1984,addr_1984
1985,24,2055.652548764346,purchase,dev_1985,addr_1985
1985,41,1108.8384066052279,purchase,dev_1985,addr_1985
1985,57,814.479518884792,purchase,dev_1985,addr_1985
1985,70,943.2221927452171,purchase,dev_1985,addr_1985
1986,26,1174.3066900381582,purchase,dev_1986,addr_1986
1986,29,681.4693613923805,purchase,dev_1986,addr_1986
1986,51,1137.6568360895353,purchase,dev_1986,addr_1986
1986,55,859.1721754713747,purchase,dev_1986,addr_1986
1986,74,838.8924839764577,purchase,dev_1986,addr_1986
1986,83,838.8924839764577,return,dev_1986,addr_1986
1986,88,940.5421405825178,purchase,dev_1986,addr_1986
1987,73,1515.8557673670625,purchase,dev_1987,addr_1987
1987,77,1547.3823464996158,purchase,dev_1987,addr_1987
1987,95,602.7179047717094,purchase,dev_1987,addr_1987
1987,113,758.1497617200114,purchase,dev_1987,addr_1987
1987,120,1749.962075240604,purchase,dev_1987,addr_1987
1987,142,1032.9235853104992,purchase,dev_1987,addr_1987
1987,148,1032.9235853104992,return,dev_1987,addr_1987
1987,150,1461.3698357076614,purchase,dev_1987,addr_1987
1987,154,1461.3698357076614,return,dev_1987,addr_1987
1987,173,1125.9597273246816,purchase,dev_1987,addr_1987
1987,176,2028.5266286670933,purchase,dev_1987,addr_1987
1987,189,1991.3740052568357,purchase,dev_1987,addr_1987
1987,197,838.4785016018482,purchase,dev_1987,addr_1987
1988,65,1789.395012821064,purchase,dev_1988,addr_1988
1988,80,1285.8302715899306,purchase,dev_1988,addr_1988
1988,94,1306.6974592926317,purchase,dev_1988,addr_1988
1988,97,1151.21267267129,purchase,dev_1988,addr_1988
1988,106,958.6283231440362,purchase,dev_1988,addr_1988
1988,126,1578.8448518847522,purchase,dev_1988,addr_1988
1989,47,1628.3959829134324,purchase,dev_1989,addr_1989
1989,56,639.584947065105,purchase,dev_1989,addr_1989
1989,66,1193.1944738872048,purchase,dev_1989,addr_1989
1990,17,2222.784522236254,purchase,dev_1990,addr_1990
1990,34,2560.2682375027007,purchase,dev_1990,addr_1990
1990,47,773.6826276551825,purchase,dev_1990,addr_1990
1991,48,1930.477550105226,purchase,dev_1991,addr_1991
1991,69,1286.771889731956,purchase,dev_1991,addr_1991
1991,91,3118.5840789215117,purchase,dev_1991,addr_1991
1991,112,2329.253872396002,purchase,dev_1991,addr_1991
1991,118,1313.136651960973,purchase,dev_1991,addr_1991
1992,12,1954.3048214776354,purchase,dev_1992,addr_1992
1992,21,1755.6266407740864,purchase,dev_1992,addr_1992
1992,44,2737.9870086977053,purchase,dev_1992,addr_1992
1993,37,850.3737031244652,purchase,dev_1993,addr_1993
1993,55,1065.1921646512428,purchase,dev_1993,addr_1993
1993,65,1166.29572491513,purchase,dev_1993,addr_1993
1994,60,2372.770129529383,purchase,dev_1994,addr_1994
1994,68,2201.092824021238,purchase,dev_1994,addr_1994
1994,81,685.0333229796165,purchase,dev_1994,addr_1994
1995,52,1889.6510418523399,purchase,dev_1995,addr_1995
1995,69,445.49961106583504,purchase,dev_1995,addr_1995
1995,88,1453.7038028331317,purchase,dev_1995,addr_1995
1995,96,1722.4968775785617,purchase,dev_1995,addr_1995
1996,23,553.9477202188765,purchase,dev_1996,addr_1996
1996,33,1182.1864677312403,purchase,dev_1996,addr_1996
1996,38,2154.8916754230518,purchase,dev_1996,addr_1996
1996,47,2430.1331974329405,purchase,dev_1996,addr_1996
1997,7,835.878838393613,purchase,dev_1997,addr_1997
1997,30,1693.1036670830088,purchase,dev_1997,addr_1997
1997,47,1598.5825694402065,purchase,dev_1997,addr_1997
1998,42,645.5602155292014,purchase,dev_1998,addr_1998
1998,58,1076.81272253884,purchase,dev_1998,addr_1998
1999,33,1340.0932052563849,purchase,dev_1999,addr_1999
1999,47,980.0829963192572,purchase,dev_1999,addr_1999
2000,21,1386.6545600618279,purchase,dev_2000,addr_2000
2000,31,282.76192573926835,purchase,dev_2000,addr_2000
2000,41,753.0823170111363,purchase,dev_2000,addr_2000
2000,63,892.2229873011297,purchase,dev_2000,addr_2000
2000,76,1420.4523407970976,purchase,dev_2000,addr_2000
2001,70,1162.907286682342,purchase,dev_2001,addr_2001
2001,88,1823.884343760676,purchase,dev_2001,addr_2001
2001,91,1823.884343760676,return,dev_2001,addr_2001
2001,95,1471.7914859801258,purchase,dev_2001,addr_2001
2001,109,590.5030601854794,purchase,dev_2001,addr_2001
2001,131,1238.678705245251,purchase,dev_2001,addr_2001
2002,29,1178.0275984892342,purchase,dev_2002,addr_2002
2002,47,1313.8735060673364,purchase,dev_2002,addr_2002
2002,66,1602.410261006349,purchase,dev_2002,addr_2002
2002,73,1478.077475117888,purchase,dev_2002,addr_2002
2002,88,361.96470725507004,purchase,dev_2002,addr_2002
2002,109,1875.891174800312,purchase,dev_2002,addr_2002
2003,45,1219.9620912970786,purchase,dev_2003,addr_2003
2003,64,740.8730270121754,purchase,dev_2003,addr_2003
2004,65,1708.4400718914785,purchase,dev_2004,addr_2004
2004,87,762.567201970993,purchase,dev_2004,addr_2004
2004,95,762.567201970993,return,dev_2004,addr_2004
2005,45,986.9867795672319,purchase,dev_2005,addr_2005
2005,53,764.9473505119871,purchase,dev_2005,addr_2005
2005,58,2955.3097369051097,purchase,dev_2005,addr_2005
2005,62,1245.5131527315875,purchase,dev_2005,addr_2005
2006,30,515.6015417191187,purchase,dev_2006,addr_2006
2006,33,2063.210880337046,purchase,dev_2006,addr_2006
2006,35,2063.210880337046,return,dev_2006,addr_2006
2006,53,1531.4877246454027,purchase,dev_2006,addr_2006
2006,65,1130.1187414632636,purchase,dev_2006,addr_2006
2006,69,1130.1187414632636,return,dev_2006,addr_2006
2006,75,1394.4599044226559,purchase,dev_2006,addr_2006
2006,97,641.4443322701035,purchase,dev_2006,addr_2006
2007,64,1597.3214605059138,purchase,dev_2007,addr_2007
2007,82,884.4328255488948,purchase,dev_2007,addr_2007
2007,89,676.0406690575248,purchase,dev_2007,addr_2007
2007,108,1087.9156418558107,purchase,dev_2007,addr_2007
2007,115,1087.9156418558107,return,dev_2007,addr_2007
2007,131,574.6196491252573,purchase,dev_2007,addr_2007
2008,31,2240.8156256164884,purchase,dev_2008,addr_2008
2008,42,2750.549457949712,purchase,dev_2008,addr_2008
2008,55,1310.8504362042258,purchase,dev_2008,addr_2008
2008,68,912.2083851902054,purchase,dev_2008,addr_2008
2009,70,814.7507334487059,purchase,dev_2009,addr_2009
2009,81,1017.0600461809269,purchase,dev_2009,addr_2009
2009,86,809.6444797017438,purchase,dev_2009,addr_2009
2009,109,3142.0996519096116,purchase,dev_2009,addr_2009
2010,56,2301.578057067282,purchase,dev_2010,addr_2010
2010,62,2301.578057067282,return,dev_2010,addr_2010
2010,72,1412.4646326490638,purchase,dev_2010,addr_2010
2010,86,2389.3879545483696,purchase,dev_2010,addr_2010
2011,25,342.49403415874565,purchase,dev_2011,addr_2011
2011,38,675.4041287328765,purchase,dev_2011,addr_2011
2011,56,1026.6508727832713,purchase,dev_2011,addr_2011
2011,73,3706.8203671345723,purchase,dev_2011,addr_2011
2011,76,1748.4215487197034,purchase,dev_2011,addr_2011
2012,66,2759.9560071337473,purchase,dev_2012,addr_2012
2012,77,636.7632499083257,purchase,dev_2012,addr_2012
2013,20,1441.7517255756754,purchase,dev_2013,addr_2013
2013,43,1828.1932168440994,purchase,dev_2013,addr_2013
2013,54,1688.6579281252207,purchase,dev_2013,addr_2013
2013,76,1038.1833984969994,purchase,dev_2013,addr_2013
2013,80,1038.1833984969994,return,dev_2013,addr_2013
2013,86,1989.2008548416763,purchase,dev_2013,addr_2013
2013,103,1345.1848343734134,purchase,dev_2013,addr_2013
2013,107,1345.1848343734134,return,dev_2013,addr_2013
2013,126,466.3197288476839,purchase,dev_2013,addr_2013
2014,20,1601.8473619573467,purchase,dev_2014,addr_2014
2014,26,1679.9978268410637,purchase,dev_2014,addr_2014
2014,30,1795.1966202384483,purchase,dev_2014,addr_2014
2014,39,1379.4223372080098,purchase,dev_2014,addr_2014
2015,47,701.2287938226167,purchase,dev_2015,addr_2015
2015,66,1602.059908832152,purchase,dev_2015,addr_2015
2015,79,819.3317184524101,purchase,dev_2015,addr_2015
2015,87,1604.1378664273182,purchase,dev_2015,addr_2015
2016,58,553.0981421218025,purchase,dev_2016,addr_2016
2016,81,2759.0944571790783,purchase,dev_2016,addr_2016
2016,93,2011.9602994882937,purchase,dev_2016,addr_2016
2017,31,2090.985506612387,purchase,dev_2017,addr_2017
2018,14,699.1944643929417,purchase,dev_2018,addr_2018
2018,35,742.7961827661566,purchase,dev_2018,addr_2018
2018,38,2169.4971256548824,purchase,dev_2018,addr_2018
2018,47,3988.0158784684822,purchase,dev_2018,addr_2018
2018,53,2410.599755066015,purchase,dev_2018,addr_2018
2018,65,710.3511206150838,purchase,dev_2018,addr_2018
2018,75,2578.8789605980387,purchase,dev_2018,addr_2018
2018,88,1506.6008887094258,purchase,dev_2018,addr_2018
2019,48,1608.7608450658086,purchase,dev_2019,addr_2019
2019,63,1099.3552067747685,purchase,dev_2019,addr_2019
2019,68,1557.7815838847619,purchase,dev_2019,addr_2019
2019,88,2826.9416718625303,purchase,dev_2019,addr_2019
2020,64,1134.1267899914615,purchase,dev_2020,addr_2020
2021,41,2381.696211652482,purchase,dev_2021,addr_2021
2022,19,1479.5826437523024,purchase,dev_2022,addr_2022
2022,30,757.7433742130271,purchase,dev_2022,addr_2022
2022,45,1004.9332479229404,purchase,dev_2022,addr_2022
2022,52,2977.5586661027014,purchase,dev_2022,addr_2022
2023,61,2679.4852538832197,purchase,dev_2023,addr_2023
2023,72,1792.2595342749412,purchase,dev_2023,addr_2023
2024,62,1687.4748111878941,purchase,dev_2024,addr_2024
2024,69,688.6718608793637,purchase,dev_2024,addr_2024
2024,76,844.6028824480637,purchase,dev_2024,addr_2024
2024,86,752.0544428123277,purchase,dev_2024,addr_2024
2024,95,2144.2293446345416,purchase,dev_2024,addr_2024
2024,114,2524.3706745246864,purchase,dev_2024,addr_2024
2024,130,1645.320395416315,purchase,dev_2024,addr_2024
2025,70,2368.491405413182,purchase,dev_2025,addr_2025
2026,32,1634.1703930189447,purchase,dev_2026,addr_2026
2026,44,2178.631824901632,purchase,dev_2026,addr_2026
2026,59,398.7544008892896,purchase,dev_2026,addr_2026
2026,82,2556.351465837086,purchase,dev_2026,addr_2026
2026,106,1210.3329871508183,purchase,dev_2026,addr_2026
2026,109,1692.5762800874088,purchase,dev_2026,addr_2026
2026,110,1210.3329871508183,return,dev_2026,addr_2026
2026,120,1540.8287064049766,purchase,dev_2026,addr_2026
2026,134,1310.560089079282,purchase,dev_2026,addr_2026
2027,50,1022.9156121710859,purchase,dev_2027,addr_2027
2027,53,316.9076221102348,purchase,dev_2027,addr_2027
2027,66,774.5582806655322,purchase,dev_2027,addr_2027
2027,86,793.6558371454392,purchase,dev_2027,addr_2027
2028,66,649.9282472451589,purchase,dev_2028,addr_2028
2028,85,552.190925109087,purchase,dev_2028,addr_2028
2029,57,1001.7115768050365,purchase,dev_2029,addr_2029
2029,71,1281.3946748791188,purchase,dev_2029,addr_2029
2029,92,1576.3602170133283,purchase,dev_2029,addr_2029
2030,61,1013.7103913606301,purchase,dev_2030,addr_2030
2031,8,1292.0300175467053,purchase,dev_2031,addr_2031
2031,17,976.616619502796,purchase,dev_2031,addr_2031
2031,32,1456.9220464345194,purchase,dev_2031,addr_2031
2032,35,1073.3541511178173,purchase,dev_2032,addr_2032
2032,45,1272.272950561423,purchase,dev_2032,addr_2032
2032,50,1274.076912174159,purchase,dev_2032,addr_2032
2032,55,1234.1465991594982,purchase,dev_2032,addr_2032
2032,61,1234.1465991594982,return,dev_2032,addr_2032
2032,78,1066.3333661471506,purchase,dev_2032,addr_2032
2032,100,725.3619901168319,purchase,dev_2032,addr_2032
2033,59,1256.536462762164,purchase,dev_2033,addr_2033
2033,65,1179.7812436318786,purchase,dev_2033,addr_2033
2033,85,1986.960268543849,purchase,dev_2033,addr_2033
2034,57,718.6975855147929,purchase,dev_2034,addr_2034
2034,79,2391.9041299257533,purchase,dev_2034,addr_2034
2034,90,1679.0026371742401,purchase,dev_2034,addr_2034
2034,101,947.1806721158663,purchase,dev_2034,addr_2034
2034,111,652.508282982041,purchase,dev_2034,addr_2034
2034,117,1607.1112385739698,purchase,dev_2034,addr_2034
2034,122,1090.683153558207,purchase,dev_2034,addr_2034
2034,125,1121.670920461299,purchase,dev_2034,addr_2034
2034,128,1090.683153558207,return,dev_2034,addr_2034
2035,35,2357.4481754919143,purchase,dev_2035,addr_2035
2036,32,1581.7885885745834,purchase,dev_2036,addr_2036
2036,44,816.5031496514943,purchase,dev_2036,addr_2036
2036,66,2063.6756163893547,purchase,dev_2036,addr_2036
2036,88,2380.58516965067,purchase,dev_2036,addr_2036
2036,111,1638.9925036688737,purchase,dev_2036,addr_2036
2036,133,802.0323741743742,purchase,dev_2036,addr_2036
2036,147,3690.2417809583444,purchase,dev_2036,addr_2036
2037,48,3680.208697642097,purchase,dev_2037,addr_2037
2037,71,2397.9596122743174,purchase,dev_2037,addr_2037
2037,76,2397.9596122743174,return,dev_2037,addr_2037
2037,77,681.1456607551968,purchase,dev_2037,addr_2037
2038,39,953.5175158595915,purchase,dev_2038,addr_2038
2038,46,1670.0754197081833,purchase,dev_2038,addr_2038
2038,64,1762.65477676597,purchase,dev_2038,addr_2038
2038,79,1305.7711314318105,purchase,dev_2038,addr_2038
2039,23,1936.650489770471,purchase,dev_2039,addr_2039
2039,31,1192.6557203444574,purchase,dev_2039,addr_2039
2039,50,837.2092804523563,purchase,dev_2039,addr_2039
2040,23,2021.7286696633817,purchase,dev_2040,addr_2040
2040,36,837.7679594515469,purchase,dev_2040,addr_2040
2040,56,2698.662259970078,purchase,dev_2040,addr_2040
2040,74,1051.1593759375482,purchase,dev_2040,addr_2040
2040,82,1171.3051206918135,purchase,dev_2040,addr_2040
2040,101,2058.262982050667,purchase,dev_2040,addr_2040
2041,58,800.7673727192769,purchase,dev_2041,addr_2041
2041,81,1245.7916708576636,purchase,dev_2041,addr_2041
2041,105,833.4211075979774,purchase,dev_2041,addr_2041
2042,51,1672.0771117253607,purchase,dev_2042,addr_2042
2042,64,1577.5517008586316,purchase,dev_2042,addr_2042
2042,80,1189.0179737270641,purchase,dev_2042,addr_2042
2043,62,1431.7035787093425,purchase,dev_2043,addr_2043
2043,68,1251.159593479824,purchase,dev_2043,addr_2043
2043,86,1226.2445107588294,purchase,dev_2043,addr_2043
2043,102,1029.829815789522,purchase,dev_2043,addr_2043
2043,111,525.5068612899172,purchase,dev_2043,addr_2043
2043,123,786.3918572947675,purchase,dev_2043,addr_2043
2044,32,1575.524880098106,purchase,dev_2044,addr_2044
2044,42,1860.209521912094,purchase,dev_2044,addr_2044
2044,64,759.2469443279582,purchase,dev_2044,addr_2044
2044,74,910.4681763199308,purchase,dev_2044,addr_2044
2044,87,968.6725630648419,purchase,dev_2044,addr_2044
2044,105,1193.0610466253856,purchase,dev_2044,addr_2044
2044,124,1455.7873656411073,purchase,dev_2044,addr_2044
2045,55,1564.8834953314529,purchase,dev_2045,addr_2045
2045,75,1362.7637907234437,purchase,dev_2045,addr_2045
2045,95,725.2190462697499,purchase,dev_2045,addr_2045
2045,113,973.8037342365869,purchase,dev_2045,addr_2045
2046,29,1307.3209702532895,purchase,dev_2046,addr_2046
2046,50,2130.8898927609002,purchase,dev_2046,addr_2046
2046,64,2972.8489524650477,purchase,dev_2046,addr_2046
2046,88,1825.4372036220595,purchase,dev_2046,addr_2046
2047,45,762.657851410371,purchase,dev_2047,addr_2047
2047,67,3135.247299590748,purchase,dev_2047,addr_2047
2047,69,3135.247299590748,return,dev_2047,addr_2047
2047,80,1993.169521223421,purchase,dev_2047,addr_2047
2047,98,1063.0796318457162,purchase,dev_2047,addr_2047
2047,106,1677.953224324017,purchase,dev_2047,addr_2047
2047,116,1463.8437399091167,purchase,dev_2047,addr_2047
2048,33,888.9533740414415,purchase,dev_2048,addr_2048
2048,43,1189.8333029498956,purchase,dev_2048,addr_2048
2048,62,630.1574099128846,purchase,dev_2048,addr_2048
2048,70,1264.6635293074467,purchase,dev_2048,addr_2048
2048,90,557.3703995292074,purchase,dev_2048,addr_2048
2049,41,1110.0546302135358,purchase,dev_2049,addr_2049
2049,63,644.892034770588,purchase,dev_2049,addr_2049
2049,86,1124.6922351788096,purchase,dev_2049,addr_2049
2050,58,902.5241486808617,purchase,dev_2050,addr_2050
2050,78,2293.7733822319665,purchase,dev_2050,addr_2050
2050,84,1752.5037132639648,purchase,dev_2050,addr_2050
2050,98,1447.0715224951027,purchase,dev_2050,addr_2050
2051,49,1907.5904906693663,purchase,dev_2051,addr_2051
2051,58,2008.7968593690894,purchase,dev_2051,addr_2051
2051,67,2008.7968593690894,return,dev_2051,addr_2051
2051,78,643.5522744496976,purchase,dev_2051,addr_2051
2051,85,1445.9421063665457,purchase,dev_2051,addr_2051
2052,60,1938.1177865311452,purchase,dev_2052,addr_2052
2052,80,1439.8203358053017,purchase,dev_2052,addr_2052
2052,92,3732.4470768608057,purchase,dev_2052,addr_2052
2052,113,2666.1893365894157,purchase,dev_2052,addr_2052
2052,117,1360.7117067837737,purchase,dev_2052,addr_2052
2052,132,1357.3202644225264,purchase,dev_2052,addr_2052
2052,156,3580.70947792386,purchase,dev_2052,addr_2052
2053,75,2812.150048345221,purchase,dev_2053,addr_2053
2053,83,2812.150048345221,return,dev_2053,addr_2053
2053,91,4423.514398097295,purchase,dev_2053,addr_2053
2053,108,1633.4298152778174,purchase,dev_2053,addr_2053
2053,124,2187.3188113263664,purchase,dev_2053,addr_2053
2053,147,2475.2270077352327,purchase,dev_2053,addr_2053
2053,151,922.5213716792232,purchase,dev_2053,addr_2053
2054,25,1185.481528665679,purchase,dev_2054,addr_2054
2054,38,926.1962926608994,purchase,dev_2054,addr_2054
2054,53,576.5796810489405,purchase,dev_2054,addr_2054
2054,57,721.7394015239964,purchase,dev_2054,addr_2054
2054,69,2027.1275311785882,purchase,dev_2054,addr_2054
2054,91,1173.128621625162,purchase,dev_2054,addr_2054
2054,97,2242.530384426904,purchase,dev_2054,addr_2054
2055,64,3620.5177995109702,purchase,dev_2055,addr_2055
2055,68,1129.877822631069,purchase,dev_2055,addr_2055
2055,91,845.2392671950302,purchase,dev_2055,addr_2055
2055,99,2907.4769161548265,purchase,dev_2055,addr_2055
2056,11,2280.344149332825,purchase,dev_2056,addr_2056
2056,15,1766.697585616628,purchase,dev_2056,addr_2056
2057,28,529.3847305116637,purchase,dev_2057,addr_2057
2057,39,1743.629632505292,purchase,dev_2057,addr_2057
2058,51,1054.5748591818874,purchase,dev_2058,addr_2058
2058,56,598.8167018350698,purchase,dev_2058,addr_2058
2058,79,2052.5631948388486,purchase,dev_2058,addr_2058
2058,96,2056.50149213935,purchase,dev_2058,addr_2058
2059,47,2529.341141356062,purchase,dev_2059,addr_2059
2059,68,3067.048376077115,purchase,dev_2059,addr_2059
2060,60,1259.0835009530986,purchase,dev_2060,addr_2060
2060,73,1412.9573718845809,purchase,dev_2060,addr_2060
2060,94,1355.8864432210482,purchase,dev_2060,addr_2060
2061,49,3501.8599964722207,purchase,dev_2061,addr_2061
2061,66,965.4511073978971,purchase,dev_2061,addr_2061
2061,70,2840.466703057343,purchase,dev_2061,addr_2061
2062,20,1048.9597296741747,purchase,dev_2062,addr_2062
2062,35,989.7135782878285,purchase,dev_2062,addr_2062
2062,40,989.7135782878285,return,dev_2062,addr_2062
2062,43,3101.343019953828,purchase,dev_2062,addr_2062
2063,26,2599.508818632613,purchase,dev_2063,addr_2063
2063,41,1399.215480731331,purchase,dev_2063,addr_2063
2063,59,1123.9083068052744,purchase,dev_2063,addr_2063
2063,63,934.5235159260013,purchase,dev_2063,addr_2063
2063,86,2188.694226646804,purchase,dev_2063,addr_2063
2063,108,2746.0666530126437,purchase,dev_2063,addr_2063
2064,26,2365.1304516397586,purchase,dev_2064,addr_2064
2064,50,1076.059004830592,purchase,dev_2064,addr_2064
2064,72,651.655632470069,purchase,dev_2064,addr_2064
2064,93,3199.2299989247385,purchase,dev_2064,addr_2064
2064,110,1356.5767126165083,purchase,dev_2064,addr_2064
2064,115,733.3268960500699,purchase,dev_2064,addr_2064
2064,123,733.3268960500699,return,dev_2064,addr_2064
2064,138,607.6836124110317,purchase,dev_2064,addr_2064
2064,155,2206.7756774715863,purchase,dev_2064,addr_2064
2064,171,1667.7561668316698,purchase,dev_2064,addr_2064
2065,41,1277.6032381808352,purchase,dev_2065,addr_2065
2065,50,2335.6546539802866,purchase,dev_2065,addr_2065
2065,74,1040.9039986448515,purchase,dev_2065,addr_2065
2065,79,1860.804606856553,purchase,dev_2065,addr_2065
2066,44,785.6414369016633,purchase,dev_2066,addr_2066
2066,58,3014.9273396807453,purchase,dev_2066,addr_2066
2066,63,3014.9273396807453,return,dev_2066,addr_2066
2066,71,1130.1523114066672,purchase,dev_2066,addr_2066
2066,90,3052.8799820148347,purchase,dev_2066,addr_2066
2067,29,704.187840489038,purchase,dev_2067,addr_2067
2067,41,3277.09533700588,purchase,dev_2067,addr_2067
2067,58,1510.6265869755152,purchase,dev_2067,addr_2067
2067,77,2206.081968754469,purchase,dev_2067,addr_2067
2068,49,1947.2523821295908,purchase,dev_2068,addr_2068
2068,72,1223.0615999590996,purchase,dev_2068,addr_2068
2069,60,1079.639315756594,purchase,dev_2069,addr_2069
2069,80,1073.4655806527744,purchase,dev_2069,addr_2069
2069,89,2008.3871328786975,purchase,dev_2069,addr_2069
2069,98,1131.4403618900112,purchase,dev_2069,addr_2069
2069,122,1326.522562757435,purchase,dev_2069,addr_2069
2070,55,982.3516219575254,purchase,dev_2070,addr_2070
2070,69,2045.1325842447175,purchase,dev_2070,addr_2070
2070,77,1592.6204336603962,purchase,dev_2070,addr_2070
2071,70,1384.250265461376,purchase,dev_2071,addr_2071
2071,94,1184.1268861465048,purchase,dev_2071,addr_2071
2071,98,2379.4309859546843,purchase,dev_2071,addr_2071
2071,113,4949.358842147625,purchase,dev_2071,addr_2071
2072,52,1500.5139710092144,purchase,dev_2072,addr_2072
2072,70,1165.123065705401,purchase,dev_2072,addr_2072
2072,85,942.9560923244841,purchase,dev_2072,addr_2072
2072,105,785.1591387897097,purchase,dev_2072,addr_2072
2072,108,1880.9570470955264,purchase,dev_2072,addr_2072
2073,60,2532.134355158699,purchase,dev_2073,addr_2073
2073,76,2266.3813113844603,purchase,dev_2073,addr_2073
2073,92,1518.7850073275229,purchase,dev_2073,addr_2073
2073,109,1066.5995301256673,purchase,dev_2073,addr_2073
2073,125,1124.1195484758844,purchase,dev_2073,addr_2073
2074,20,1362.0964802764133,purchase,dev_2074,addr_2074
2074,39,2501.7405646456355,purchase,dev_2074,addr_2074
2074,41,2501.7405646456355,return,dev_2074,addr_2074
2074,63,1508.456796593927,purchase,dev_2074,addr_2074
2074,81,2171.8250248338622,purchase,dev_2074,addr_2074
2074,95,2161.5892116311798,purchase,dev_2074,addr_2074
2074,109,2506.6869961178763,purchase,dev_2074,addr_2074
2075,64,2435.5335831623474,purchase,dev_2075,addr_2075
2075,72,566.6520835090726,purchase,dev_2075,addr_2075
2075,85,649.4966234199238,purchase,dev_2075,addr_2075
2076,28,792.311778319521,purchase,dev_2076,addr_2076
2076,36,1223.193553880331,purchase,dev_2076,addr_2076
2076,51,4617.40756138557,purchase,dev_2076,addr_2076
2076,57,2259.764138199602,purchase,dev_2076,addr_2076
2076,63,1231.1963575308666,purchase,dev_2076,addr_2076
2076,85,2100.1126840505462,purchase,dev_2076,addr_2076
2076,93,6344.19860974845,purchase,dev_2076,addr_2076
2076,104,1758.053361280529,purchase,dev_2076,addr_2076
2076,126,2794.4219464268313,purchase,dev_2076,addr_2076
2077,51,1077.076852390313,purchase,dev_2077,addr_2077
2078,52,1152.5179424276625,purchase,dev_2078,addr_2078
2078,73,1172.13455633998,purchase,dev_2078,addr_2078
2078,79,2228.300258580937,purchase,dev_2078,addr_2078
2079,55,947.4378594833204,purchase,dev_2079,addr_2079
2079,72,1749.1088066819277,purchase,dev_2079,addr_2079
2079,79,2120.2151842359494,purchase,dev_2079,addr_2079
2079,99,532.2429456138469,purchase,dev_2079,addr_2079
2079,102,1160.2532446863822,purchase,dev_2079,addr_2079
2080,9,1383.0392611496534,purchase,dev_2080,addr_2080
2080,17,1546.7799747722725,purchase,dev_2080,addr_2080
2080,26,2319.177193690151,purchase,dev_2080,addr_2080
2080,47,1034.609717024533,purchase,dev_2080,addr_2080
2081,59,1633.5203172046924,purchase,dev_2081,addr_2081
2081,70,1589.4923868937842,purchase,dev_2081,addr_2081
2082,72,2161.603280298948,purchase,dev_2082,addr_2082
2082,93,449.8759616964708,purchase,dev_2082,addr_2082
2082,110,1227.3328503645437,purchase,dev_2082,addr_2082
2082,124,833.2639432646786,purchase,dev_2082,addr_2082
2082,148,1474.3993951452062,purchase,dev_2082,addr_2082
2082,161,838.5042088490643,purchase,dev_2082,addr_2082
2083,21,3177.7345484080975,purchase,dev_2083,addr_2083
2083,34,2478.150483107499,purchase,dev_2083,addr_2083
2083,42,2632.8473050289144,purchase,dev_2083,addr_2083
2083,43,2478.150483107499,return,dev_2083,addr_2083
2083,60,2543.378338668027,purchase,dev_2083,addr_2083
2083,68,667.1557210257695,purchase,dev_2083,addr_2083
2083,79,1651.311166493241,purchase,dev_2083,addr_2083
2084,26,939.8926833270394,purchase,dev_2084,addr_2084
2084,49,1363.4491148572947,purchase,dev_2084,addr_2084
2084,72,387.46705000591425,purchase,dev_2084,addr_2084
2085,29,1844.269668311634,purchase,dev_2085,addr_2085
2085,41,768.3408467421976,purchase,dev_2085,addr_2085
2085,44,1494.8558205670474,purchase,dev_2085,addr_2085
2085,47,768.3408467421976,return,dev_2085,addr_2085
2086,30,3045.2591518179593,purchase,dev_2086,addr_2086
2086,43,880.6225295118344,purchase,dev_2086,addr_2086
2086,67,652.7722638209156,purchase,dev_2086,addr_2086
2087,50,1294.5027755392214,purchase,dev_2087,addr_2087
2087,72,1318.3899041140623,purchase,dev_2087,addr_2087
2087,91,2494.8861059214373,purchase,dev_2087,addr_2087
2087,104,1090.7875859863536,purchase,dev_2087,addr_2087
2088,14,3562.5505788757014,purchase,dev_2088,addr_2088
2088,28,2719.66049453085,purchase,dev_2088,addr_2088
2088,52,740.8196585964237,purchase,dev_2088,addr_2088
2088,65,1650.4707133325614,purchase,dev_2088,addr_2088
2088,85,1207.213108145703,purchase,dev_2088,addr_2088
2089,29,2368.4849818055554,purchase,dev_2089,addr_2089
2089,32,4257.0630209914225,purchase,dev_2089,addr_2089
2089,48,1682.2414406238543,purchase,dev_2089,addr_2089
2089,72,898.3048880405742,purchase,dev_2089,addr_2089
2089,77,1299.5046219965477,purchase,dev_2089,addr_2089
2090,69,1719.9421580392639,purchase,dev_2090,addr_2090
2090,77,1719.570767664725,purchase,dev_2090,addr_2090
2090,96,1308.744235270707,purchase,dev_2090,addr_2090
2090,117,930.5144257065809,purchase,dev_2090,addr_2090
2090,135,2371.6781260169523,purchase,dev_2090,addr_2090
2090,148,1380.188792008227,purchase,dev_2090,addr_2090
2091,43,711.8403713083899,purchase,dev_2091,addr_2091
2091,61,730.1343671151257,purchase,dev_2091,addr_2091
2091,85,1519.3927091154828,purchase,dev_2091,addr_2091
2092,38,2321.1277277880804,purchase,dev_2092,addr_2092
2092,61,1650.282164462591,purchase,dev_2092,addr_2092
2092,72,2580.8373122589255,purchase,dev_2092,addr_2092
2092,85,5168.098161153055,purchase,dev_2092,addr_2092
2092,94,1205.8585355369112,purchase,dev_2092,addr_2092
2093,25,1372.043377446996,purchase,dev_2093,addr_2093
2093,42,1158.2459593754318,purchase,dev_2093,addr_2093
2093,58,1250.3273397575606,purchase,dev_2093,addr_2093
2093,63,774.4424790486697,purchase,dev_2093,addr_2093
2093,81,1201.9754192443752,purchase,dev_2093,addr_2093
2094,48,1258.6087454810113,purchase,dev_2094,addr_2094
2094,63,1403.921791780766,purchase,dev_2094,addr_2094
2094,67,2439.3258211713514,purchase,dev_2094,addr_2094
2094,89,337.74681439795523,purchase,dev_2094,addr_2094
2094,93,2093.754178142019,purchase,dev_2094,addr_2094
2094,113,2095.9377425704783,purchase,dev_2094,addr_2094
2095,48,1341.979017619994,purchase,dev_2095,addr_2095
2095,63,2127.4540592464814,purchase,dev_2095,addr_2095
2095,72,1229.4411214202855,purchase,dev_2095,addr_2095
2095,77,1517.6798405615007,purchase,dev_2095,addr_2095
2095,80,5568.27362077441,purchase,dev_2095,addr_2095
2096,27,656.031148041671,purchase,dev_2096,addr_2096
2096,31,826.1024291111106,purchase,dev_2096,addr_2096
2096,32,656.031148041671,return,dev_2096,addr_2096
2096,48,1002.2410193356853,purchase,dev_2096,addr_2096
2096,60,1998.114378645445,purchase,dev_2096,addr_2096
2096,68,1320.7264686142064,purchase,dev_2096,addr_2096
2096,87,682.8228122929382,purchase,dev_2096,addr_2096
2096,109,744.1527846596298,purchase,dev_2096,addr_2096
2096,133,699.2061539142375,purchase,dev_2096,addr_2096
2097,49,1553.8575190563718,purchase,dev_2097,addr_2097
2097,55,1469.2632459739143,purchase,dev_2097,addr_2097
2097,75,623.2012776794149,purchase,dev_2097,addr_2097
2098,56,1521.773635487209,purchase,dev_2098,addr_2098
2098,67,1918.183201412517,purchase,dev_2098,addr_2098
2098,84,2244.1168760367173,purchase,dev_2098,addr_2098
2099,73,838.4024054352409,purchase,dev_2099,addr_2099
2099,95,796.2546325591782,purchase,dev_2099,addr_2099
2099,107,4131.606304175787,purchase,dev_2099,addr_2099
2100,68,1652.5484924378372,purchase,dev_2100,addr_2100
2100,74,686.4458626961327,purchase,dev_2100,addr_2100
2100,79,997.1104836585963,purchase,dev_2100,addr_2100
2100,100,1670.2599801519855,purchase,dev_2100,addr_2100
2100,107,3032.716259798006,purchase,dev_2100,addr_2100
2100,112,2021.1813240332042,purchase,dev_2100,addr_2100
2101,61,940.4775993520778,purchase,dev_2101,addr_2101
2101,69,940.4775993520778,return,dev_2101,addr_2101
2101,85,1021.9223597838495,purchase,dev_2101,addr_2101
2101,100,1355.9787730321157,purchase,dev_2101,addr_2101
2102,41,546.8881539961283,purchase,dev_2102,addr_2102
2102,63,2057.9522947779933,purchase,dev_2102,addr_2102
2102,74,1003.7285255451019,purchase,dev_2102,addr_2102
2102,77,3060.1680391431114,purchase,dev_2102,addr_2102
2102,101,1971.3788108199008,purchase,dev_2102,addr_2102
2102,120,2494.882095100662,purchase,dev_2102,addr_2102
2103,33,1314.800646058016,purchase,dev_2103,addr_2103
2103,53,1144.8201658943121,purchase,dev_2103,addr_2103
2104,49,1281.8009883715515,purchase,dev_2104,addr_2104
2104,63,1973.1488005564458,purchase,dev_2104,addr_2104
2104,79,1901.7316296026402,purchase,dev_2104,addr_2104
2104,94,813.2949815444761,purchase,dev_2104,addr_2104
2104,102,1741.6526037730143,purchase,dev_2104,addr_2104
2104,122,1736.1199951817161,purchase,dev_2104,addr_2104
2104,136,1578.4985196277926,purchase,dev_2104,addr_2104
2104,139,3245.9629271179815,purchase,dev_2104,addr_2104
2105,57,3391.2776145427433,purchase,dev_2105,addr_2105
2105,70,1118.1254148960015,purchase,dev_2105,addr_2105
2105,93,2887.2048811350755,purchase,dev_2105,addr_2105
2105,101,2680.929844342722,purchase,dev_2105,addr_2105
2105,115,1666.0779919461643,purchase,dev_2105,addr_2105
2105,137,1184.8508383240667,purchase,dev_2105,addr_2105
2105,155,1237.2326113627857,purchase,dev_2105,addr_2105
2106,32,1144.693552983047,purchase,dev_2106,addr_2106
2106,42,2667.6672959692323,purchase,dev_2106,addr_2106
2106,51,992.696957913718,purchase,dev_2106,addr_2106
2106,56,805.9568062137972,purchase,dev_2106,addr_2106
2106,70,782.0088936290582,purchase,dev_2106,addr_2106
2106,94,976.5208125788131,purchase,dev_2106,addr_2106
2107,45,3403.569915488918,purchase,dev_2107,addr_2107
2107,69,1047.186144388432,purchase,dev_2107,addr_2107
2107,75,1184.1978433055044,purchase,dev_2107,addr_2107
2108,16,1675.239138827585,purchase,dev_2108,addr_2108
2108,32,818.8978610878743,purchase,dev_2108,addr_2108
2108,45,4029.247482576633,purchase,dev_2108,addr_2108
2109,25,1190.8314042554634,purchase,dev_2109,addr_2109
2109,45,1051.830057266117,purchase,dev_2109,addr_2109
2110,39,3358.205824076687,purchase,dev_2110,addr_2110
2110,50,1296.9006982882054,purchase,dev_2110,addr_2110
2110,65,917.8468328030366,purchase,dev_2110,addr_2110
2110,79,1532.6074887686416,purchase,dev_2110,addr_2110
2111,26,1770.5412115934441,purchase,dev_2111,addr_2111
2111,40,916.8169719099384,purchase,dev_2111,addr_2111
2111,49,916.8169719099384,return,dev_2111,addr_2111
2111,64,2044.0057716101326,purchase,dev_2111,addr_2111
2111,70,2044.0057716101326,return,dev_2111,addr_2111
2112,43,680.1617644646074,purchase,dev_2112,addr_2112
2112,50,1536.535780503651,purchase,dev_2112,addr_2112
2112,55,542.4666897558179,purchase,dev_2112,addr_2112
2113,54,1527.7285197177505,purchase,dev_2113,addr_2113
2113,78,1241.6426655162807,purchase,dev_2113,addr_2113
2113,86,552.6783044837589,purchase,dev_2113,addr_2113
2113,96,2319.2710338080383,purchase,dev_2113,addr_2113
2113,117,2378.5732373730752,purchase,dev_2113,addr_2113
2113,129,2167.9610121170213,purchase,dev_2113,addr_2113
2114,52,716.1026882763051,purchase,dev_2114,addr_2114
2114,62,1611.6183701928235,purchase,dev_2114,addr_2114
2115,45,786.1879520998422,purchase,dev_2115,addr_2115
2115,49,2617.8379561042675,purchase,dev_2115,addr_2115
2115,54,2540.838241119317,purchase,dev_2115,addr_2115
2115,67,800.217715466468,purchase,dev_2115,addr_2115
2115,90,1351.1428407669268,purchase,dev_2115,addr_2115
2115,104,486.20789665518157,purchase,dev_2115,addr_2115
2116,4,1329.622594080602,purchase,dev_2116,addr_2116
2116,8,488.58268478681015,purchase,dev_2116,addr_2116
2116,29,2143.409820674656,purchase,dev_2116,addr_2116
2116,50,944.5030617707835,purchase,dev_2116,addr_2116
2116,52,944.5030617707835,return,dev_2116,addr_2116
2116,72,1274.1012326026844,purchase,dev_2116,addr_2116
2117,9,784.2737952954302,purchase,dev_2117,addr_2117
2118,38,1008.6835431308891,purchase,dev_2118,addr_2118
2118,45,1528.3712834203277,purchase,dev_2118,addr_2118
2118,51,1528.3712834203277,return,dev_2118,addr_2118
2118,63,1674.2813280090081,purchase,dev_2118,addr_2118
2118,75,690.1318781168957,purchase,dev_2118,addr_2118
2118,99,2091.7211593911097,purchase,dev_2118,addr_2118
2118,107,1826.8892244962599,purchase,dev_2118,addr_2118
2119,49,1249.7031044158653,purchase,dev_2119,addr_2119
2119,72,2708.38401241558,purchase,dev_2119,addr_2119
2119,75,1213.678004361474,purchase,dev_2119,addr_2119
2119,82,897.2405045467241,purchase,dev_2119,addr_2119
2119,90,897.2405045467241,return,dev_2119,addr_2119
2119,93,740.5916597726256,purchase,dev_2119,addr_2119
2119,102,804.6420661184044,purchase,dev_2119,addr_2119
2120,32,1331.9296117044173,purchase,dev_2120,addr_2120
2120,38,2624.7048650082243,purchase,dev_2120,addr_2120
2120,55,849.0883540217487,purchase,dev_2120,addr_2120
2120,73,546.3544920750621,purchase,dev_2120,addr_2120
2121,58,2544.7419928310464,purchase,dev_2121,addr_2121
2121,68,1491.6245498085973,purchase,dev_2121,addr_2121
2121,91,1319.0216528228316,purchase,dev_2121,addr_2121
2121,115,935.7047105210303,purchase,dev_2121,addr_2121
2122,36,2213.9754508672386,purchase,dev_2122,addr_2122
2122,54,1612.7489382433846,purchase,dev_2122,addr_2122
2122,68,719.3957420571339,purchase,dev_2122,addr_2122
2122,84,1304.2418356424364,purchase,dev_2122,addr_2122
2123,69,955.1887732913075,purchase,dev_2123,addr_2123
2123,81,2328.9317471072823,purchase,dev_2123,addr_2123
2123,99,1340.4517922865273,purchase,dev_2123,addr_2123
2123,107,1044.4730910407877,purchase,dev_2123,addr_2123
2124,53,2798.978170338123,purchase,dev_2124,addr_2124
2124,56,2482.698381469146,purchase,dev_2124,addr_2124
2124,62,1642.0418512576166,purchase,dev_2124,addr_2124
2125,36,1041.9788413325687,purchase,dev_2125,addr_2125
2125,42,961.0120649353952,purchase,dev_2125,addr_2125
2125,58,2354.2715979026752,purchase,dev_2125,addr_2125
2125,66,1678.9670645476158,purchase,dev_2125,addr_2125
2125,72,1678.9670645476158,return,dev_2125,addr_2125
2125,72,1753.7397126779329,purchase,dev_2125,addr_2125
2125,81,1085.6229034676949,purchase,dev_2125,addr_2125
2125,91,1312.0694553792423,purchase,dev_2125,addr_2125
2125,109,955.2981521945794,purchase,dev_2125,addr_2125
2126,17,1002.4009409253281,purchase,dev_2126,addr_2126
2126,24,3474.859707919941,purchase,dev_2126,addr_2126
2126,27,1691.211631597057,purchase,dev_2126,addr_2126
2126,42,995.2517954245532,purchase,dev_2126,addr_2126
2126,64,4034.789255260963,purchase,dev_2126,addr_2126
2126,69,4034.789255260963,return,dev_2126,addr_2126
2126,70,2004.2037830937343,purchase,dev_2126,addr_2126
2126,93,1575.3011210761226,purchase,dev_2126,addr_2126
2127,62,1382.3609710218109,purchase,dev_2127,addr_2127
2127,75,2791.107652668404,purchase,dev_2127,addr_2127
2127,82,1269.1217468803286,purchase,dev_2127,addr_2127
2128,53,4127.955683599781,purchase,dev_2128,addr_2128
2128,61,896.2163720465201,purchase,dev_2128,addr_2128
2128,67,896.2163720465201,return,dev_2128,addr_2128
2128,82,2228.9542967813168,purchase,dev_2128,addr_2128
2128,88,1142.3061556901482,purchase,dev_2128,addr_2128
2128,101,1318.0370292029804,purchase,dev_2128,addr_2128
2129,10,1370.367135880446,purchase,dev_2129,addr_2129
2129,19,1466.844581785097,purchase,dev_2129,addr_2129
2130,47,1730.1466704168606,purchase,dev_2130,addr_2130
2130,61,859.5750296801262,purchase,dev_2130,addr_2130
2130,85,2485.698180457766,purchase,dev_2130,addr_2130
2131,72,1231.7398353389278,purchase,dev_2131,addr_2131
2131,76,1375.9559802717856,purchase,dev_2131,addr_2131
2131,99,2545.4576491640078,purchase,dev_2131,addr_2131
2131,105,1617.4270895323234,purchase,dev_2131,addr_2131
2131,113,752.4651022532277,purchase,dev_2131,addr_2131
2132,37,2372.9264330357983,purchase,dev_2132,addr_2132
2132,43,2372.9264330357983,return,dev_2132,addr_2132
2132,60,1473.482658465875,purchase,dev_2132,addr_2132
2132,77,1207.2656934769766,purchase,dev_2132,addr_2132
2132,82,2742.905187271188,purchase,dev_2132,addr_2132
2132,97,731.6263986625961,purchase,dev_2132,addr_2132
2133,23,750.545579220842,purchase,dev_2133,addr_2133
2133,47,1370.4216077543936,purchase,dev_2133,addr_2133
2133,56,1375.455891784133,purchase,dev_2133,addr_2133
2133,70,1582.3074471295795,purchase,dev_2133,addr_2133
2134,45,2770.2107265453647,purchase,dev_2134,addr_2134
2134,64,549.3965657703686,purchase,dev_2134,addr_2134
2134,69,1320.558138287579,purchase,dev_2134,addr_2134
2134,82,668.6642876318224,purchase,dev_2134,addr_2134
2134,99,779.4564856089331,purchase,dev_2134,addr_2134
2134,119,410.40743230913546,purchase,dev_2134,addr_2134
2134,122,410.40743230913546,return,dev_2134,addr_2134
2134,127,1031.8497213867704,purchase,dev_2134,addr_2134
2134,134,1667.5136701381182,purchase,dev_2134,addr_2134
2135,47,786.2092674292917,purchase,dev_2135,addr_2135
2135,62,528.0496077013845,purchase,dev_2135,addr_2135
2135,66,1956.3201103334973,purchase,dev_2135,addr_2135
2135,87,5068.26996751616,purchase,dev_2135,addr_2135
2135,93,2301.5702676717665,purchase,dev_2135,addr_2135
2136,60,1350.6442693588308,purchase,dev_2136,addr_2136
2136,78,1266.8271781657058,purchase,dev_2136,addr_2136
2136,95,1707.1768317739309,purchase,dev_2136,addr_2136
2136,119,1922.3843244767359,purchase,dev_2136,addr_2136
2136,134,1601.368498468167,purchase,dev_2136,addr_2136
2136,148,2162.2382901630986,purchase,dev_2136,addr_2136
2137,15,2222.9054027721772,purchase,dev_2137,addr_2137
2137,35,959.6368704645048,purchase,dev_2137,addr_2137
2137,42,2080.6783186700814,purchase,dev_2137,addr_2137
2137,48,766.9273447171906,purchase,dev_2137,addr_2137
2137,71,830.6929742627627,purchase,dev_2137,addr_2137
2137,95,1137.5877733374573,purchase,dev_2137,addr_2137
2138,46,834.0794241588943,purchase,dev_2138,addr_2138
2138,53,811.8525223313451,purchase,dev_2138,addr_2138
2139,43,3757.2559517506356,purchase,dev_2139,addr_2139
2139,56,848.397380160104,purchase,dev_2139,addr_2139
2139,79,2040.6973185194774,purchase,dev_2139,addr_2139
2139,100,2206.892901727177,purchase,dev_2139,addr_2139
2140,19,954.1744377472979,purchase,dev_2140,addr_2140
2140,37,1433.534245247682,purchase,dev_2140,addr_2140
2141,23,1471.784627497088,purchase,dev_2141,addr_2141
2142,19,684.7575931248952,purchase,dev_2142,addr_2142
2142,37,1713.4515503549674,purchase,dev_2142,addr_2142
2142,60,1059.1422279633148,purchase,dev_2142,addr_2142
2142,76,1519.8274333040877,purchase,dev_2142,addr_2142
2143,26,392.88708600418323,purchase,dev_2143,addr_2143
2143,39,1249.3643109836578,purchase,dev_2143,addr_2143
2143,60,1663.7274462532762,purchase,dev_2143,addr_2143
2144,68,1197.398606267786,purchase,dev_2144,addr_2144
2144,78,1493.6605760685065,purchase,dev_2144,addr_2144
2144,101,1019.079668549903,purchase,dev_2144,addr_2144
2145,36,1337.9717858261074,purchase,dev_2145,addr_2145
2145,59,1270.0568524578566,purchase,dev_2145,addr_2145
2146,21,1425.7421511322846,purchase,dev_2146,addr_2146
2146,37,831.7108382407117,purchase,dev_2146,addr_2146
2146,48,1718.0167234204039,purchase,dev_2146,addr_2146
2146,57,1329.5465693968413,purchase,dev_2146,addr_2146
2146,80,1380.6542964710613,purchase,dev_2146,addr_2146
2147,68,1267.2497585628087,purchase,dev_2147,addr_2147
2147,81,3562.3836358681488,purchase,dev_2147,addr_2147
2147,95,1175.5461090515323,purchase,dev_2147,addr_2147
2147,104,1697.140969892792,purchase,dev_2147,addr_2147
2147,117,2237.178967936505,purchase,dev_2147,addr_2147
2147,129,786.6418927337818,purchase,dev_2147,addr_2147
2147,137,1403.3432296102096,purchase,dev_2147,addr_2147
2147,156,1475.1677176275564,purchase,dev_2147,addr_2147
2148,34,2068.164117580877,purchase,dev_2148,addr_2148
2148,41,788.5913825214644,purchase,dev_2148,addr_2148
2148,45,1554.5279100246514,purchase,dev_2148,addr_2148
2148,59,1343.2242629002249,purchase,dev_2148,addr_2148
2149,44,1369.5946565578556,purchase,dev_2149,addr_2149
2149,58,1624.140520571271,purchase,dev_2149,addr_2149
2149,78,2193.9948910687062,purchase,dev_2149,addr_2149
2149,86,2193.9948910687062,return,dev_2149,addr_2149
2149,93,923.0702945451669,purchase,dev_2149,addr_2149
2150,23,1662.8074766189714,purchase,dev_2150,addr_2150
2150,45,2135.47456376477,purchase,dev_2150,addr_2150
2150,69,1124.4402419413566,purchase,dev_2150,addr_2150
2150,91,1587.8055910559656,purchase,dev_2150,addr_2150
2151,48,1397.1829445580252,purchase,dev_2151,addr_2151
2151,61,1078.465852979658,purchase,dev_2151,addr_2151
2151,69,2207.8035304357713,purchase,dev_2151,addr_2151
2151,80,875.6818243218407,purchase,dev_2151,addr_2151
2151,104,920.7167271323417,purchase,dev_2151,addr_2151
2152,46,1544.6432328959952,purchase,dev_2152,addr_2152
2152,51,1013.2382958820156,purchase,dev_2152,addr_2152
2152,55,2736.9960406243717,purchase,dev_2152,addr_2152
2152,60,1013.2382958820156,return,dev_2152,addr_2152
2152,74,1024.0516186908005,purchase,dev_2152,addr_2152
2152,89,795.2741171992811,purchase,dev_2152,addr_2152
2153,15,1525.300243819218,purchase,dev_2153,addr_2153
2153,18,1645.0109391000183,purchase,dev_2153,addr_2153
2153,27,1645.0109391000183,return,dev_2153,addr_2153
2153,36,1865.395354272351,purchase,dev_2153,addr_2153
2153,55,1358.7568324153317,purchase,dev_2153,addr_2153
2153,58,2054.9249646688827,purchase,dev_2153,addr_2153
2154,17,1153.044639077823,purchase,dev_2154,addr_2154
2154,33,928.9735516134656,purchase,dev_2154,addr_2154
2154,47,1848.9438523906072,purchase,dev_2154,addr_2154
2154,50,927.9177853537561,purchase,dev_2154,addr_2154
2155,20,1721.3220378743217,purchase,dev_2155,addr_2155
2156,25,1848.9666198279383,purchase,dev_2156,addr_2156
2156,45,1124.1458151520394,purchase,dev_2156,addr_2156
2156,57,1984.9058241035927,purchase,dev_2156,addr_2156
2156,64,1629.1472722752917,purchase,dev_2156,addr_2156
2156,84,3035.445024848481,purchase,dev_2156,addr_2156
2156,88,3961.3822553234204,purchase,dev_2156,addr_2156
2156,97,1385.9042043381185,purchase,dev_2156,addr_2156
2156,111,1018.9653123508124,purchase,dev_2156,addr_2156
2156,113,1018.9653123508124,return,dev_2156,addr_2156
2156,114,840.0960107916268,purchase,dev_2156,addr_2156
2157,37,1346.9936789870976,purchase,dev_2157,addr_2157
2157,47,1642.393172178704,purchase,dev_2157,addr_2157
2157,60,1314.7572115232033,purchase,dev_2157,addr_2157
2157,63,840.4835876229697,purchase,dev_2157,addr_2157
2157,76,533.4094601378239,purchase,dev_2157,addr_2157
2157,90,1130.6249031081022,purchase,dev_2157,addr_2157
2157,93,1130.6249031081022,return,dev_2157,addr_2157
2157,106,860.1308386708123,purchase,dev_2157,addr_2157
2158,30,810.0506931371003,purchase,dev_2158,addr_2158
2158,50,1844.0826197672607,purchase,dev_2158,addr_2158
2158,65,1199.7173294703857,purchase,dev_2158,addr_2158
2158,68,480.137075090266,purchase,dev_2158,addr_2158
2159,51,1625.7458818176463,purchase,dev_2159,addr_2159
2159,74,2018.511884004932,purchase,dev_2159,addr_2159
2160,32,1816.934719802087,purchase,dev_2160,addr_2160
2160,45,670.9527132684409,purchase,dev_2160,addr_2160
2160,54,520.0538826048561,purchase,dev_2160,addr_2160
2160,69,987.0699192461485,purchase,dev_2160,addr_2160
2160,72,2029.497526262202,purchase,dev_2160,addr_2160
2160,74,2029.497526262202,return,dev_2160,addr_2160
2161,68,2520.758908867798,purchase,dev_2161,addr_2161
2161,74,2520.758908867798,return,dev_2161,addr_2161
2161,88,1141.7102657954877,purchase,dev_2161,addr_2161
2161,93,1094.3600340283622,purchase,dev_2161,addr_2161
2162,7,1458.9839364105108,purchase,dev_2162,addr_2162
2162,31,2125.716709264807,purchase,dev_2162,addr_2162
2163,61,908.0829625860335,purchase,dev_2163,addr_2163
2163,66,908.0829625860335,return,dev_2163,addr_2163
2163,83,1853.9901708120185,purchase,dev_2163,addr_2163
2163,102,1080.8743153998425,purchase,dev_2163,addr_2163
2163,116,617.7990022928038,purchase,dev_2163,addr_2163
2163,129,1141.084918218855,purchase,dev_2163,addr_2163
2163,149,968.3824897817816,purchase,dev_2163,addr_2163
2164,43,1712.9087743816822,purchase,dev_2164,addr_2164
2164,55,604.4848626775497,purchase,dev_2164,addr_2164
2164,63,604.4848626775497,return,dev_2164,addr_2164
2164,66,2328.9836063622656,purchase,dev_2164,addr_2164
2164,72,1028.1516664298422,purchase,dev_2164,addr_2164
2164,89,827.2003099856319,purchase,dev_2164,addr_2164
2164,106,795.2399310182191,purchase,dev_2164,addr_2164
2164,113,1765.271375519331,purchase,dev_2164,addr_2164
2164,135,1069.7967983070623,purchase,dev_2164,addr_2164
2165,25,1677.859215790323,purchase,dev_2165,addr_2165
2165,47,2048.4794725547727,purchase,dev_2165,addr_2165
2165,51,862.5475722943756,purchase,dev_2165,addr_2165
2166,26,1405.9600008797124,purchase,dev_2166,addr_2166
2167,50,1500.3423939156557,purchase,dev_2167,addr_2167
2167,55,2026.1418001444224,purchase,dev_2167,addr_2167
2167,69,662.3374429791601,purchase,dev_2167,addr_2167
2167,81,844.7592366914037,purchase,dev_2167,addr_2167
2167,102,1439.6203672116337,purchase,dev_2167,addr_2167
2167,119,1390.2316502261167,purchase,dev_2167,addr_2167
2167,140,3096.387414417152,purchase,dev_2167,addr_2167
2168,11,636.309784124431,purchase,dev_2168,addr_2168
2168,23,2275.715692760922,purchase,dev_2168,addr_2168
2168,30,1984.741493347893,purchase,dev_2168,addr_2168
2168,34,1057.3308388834014,purchase,dev_2168,addr_2168
2168,39,1417.619116647354,purchase,dev_2168,addr_2168
2169,48,2675.1453339059954,purchase,dev_2169,addr_2169
2169,60,747.3283944088613,purchase,dev_2169,addr_2169
2169,84,1503.896004784395,purchase,dev_2169,addr_2169
2169,92,920.1847944834437,purchase,dev_2169,addr_2169
2169,114,3774.53210000256,purchase,dev_2169,addr_2169
2169,137,557.2779689487501,purchase,dev_2169,addr_2169
2169,159,1244.222277528156,purchase,dev_2169,addr_2169
2169,173,746.1951672241511,purchase,dev_2169,addr_2169
2169,177,1122.6182573297954,purchase,dev_2169,addr_2169
2169,186,2124.4008433319264,purchase,dev_2169,addr_2169
2170,22,828.8122739662034,purchase,dev_2170,addr_2170
2170,40,1077.571083464426,purchase,dev_2170,addr_2170
2170,43,1449.66135140176,purchase,dev_2170,addr_2170
2170,60,889.1044285745564,purchase,dev_2170,addr_2170
2171,57,836.1099705586989,purchase,dev_2171,addr_2171
2171,76,1317.2096920791457,purchase,dev_2171,addr_2171
2171,98,694.1929848746452,purchase,dev_2171,addr_2171
2171,101,753.2121878372391,purchase,dev_2171,addr_2171
2172,31,1653.1018338208564,purchase,dev_2172,addr_2172
2172,48,2012.5552698852607,purchase,dev_2172,addr_2172
2172,60,1365.7568838304499,purchase,dev_2172,addr_2172
2173,46,1245.939412637426,purchase,dev_2173,addr_2173
2173,49,785.94902847893,purchase,dev_2173,addr_2173
2173,55,1181.5852258401749,purchase,dev_2173,addr_2173
2174,64,1146.9027373478389,purchase,dev_2174,addr_2174
2174,67,1405.4612640215303,purchase,dev_2174,addr_2174
2174,71,1203.121094127199,purchase,dev_2174,addr_2174
2175,62,1154.0759227136862,purchase,dev_2175,addr_2175
2175,86,1818.396286014012,purchase,dev_2175,addr_2175
2175,98,775.1308581982589,purchase,dev_2175,addr_2175
2176,64,2269.4962862317866,purchase,dev_2176,addr_2176
2176,72,1391.2304547668416,purchase,dev_2176,addr_2176
2176,75,2746.6768454372573,purchase,dev_2176,addr_2176
2176,94,2118.778266603223,purchase,dev_2176,addr_2176
2176,100,2579.725845901486,purchase,dev_2176,addr_2176
2176,106,529.5979902088613,purchase,dev_2176,addr_2176
2177,71,1359.8728005076323,purchase,dev_2177,addr_2177
2177,77,1472.158173416524,purchase,dev_2177,addr_2177
2177,92,1222.0562090116443,purchase,dev_2177,addr_2177
2177,110,1536.2989780652692,purchase,dev_2177,addr_2177
2177,129,1542.8418668257348,purchase,dev_2177,addr_2177
2177,151,1110.4523096206256,purchase,dev_2177,addr_2177
2178,68,622.0342037895134,purchase,dev_2178,addr_2178
2178,71,814.4142659834799,purchase,dev_2178,addr_2178
2178,89,3418.599010224211,purchase,dev_2178,addr_2178
2178,105,1063.3889138496502,purchase,dev_2178,addr_2178
2178,127,4327.517799783163,purchase,dev_2178,addr_2178
2179,69,1047.4751596417805,purchase,dev_2179,addr_2179
2180,39,1348.2144282481947,purchase,dev_2180,addr_2180
2180,48,2009.3000372870058,purchase,dev_2180,addr_2180
2180,71,1093.031025403494,purchase,dev_2180,addr_2180
2181,56,632.3303225025734,purchase,dev_2181,addr_2181
2181,77,1164.8779959263202,purchase,dev_2181,addr_2181
2181,95,1137.7700468032633,purchase,dev_2181,addr_2181
2181,101,1301.871710727497,purchase,dev_2181,addr_2181
2182,30,4719.122477176133,purchase,dev_2182,addr_2182
2182,54,783.3166596203436,purchase,dev_2182,addr_2182
2182,69,1502.426389680588,purchase,dev_2182,addr_2182
2182,89,1611.351315313942,purchase,dev_2182,addr_2182
2183,21,1291.4901651363216,purchase,dev_2183,addr_2183
2183,43,733.3985900557378,purchase,dev_2183,addr_2183
2183,64,1949.380299040499,purchase,dev_2183,addr_2183
2183,72,1327.5255176231085,purchase,dev_2183,addr_2183
2184,20,2292.348330882319,purchase,dev_2184,addr_2184
2184,26,2292.348330882319,return,dev_2184,addr_2184
2184,33,528.5296724950584,purchase,dev_2184,addr_2184
2184,41,1523.5625129234206,purchase,dev_2184,addr_2184
2184,51,659.1022746204859,purchase,dev_2184,addr_2184
2184,59,776.2048914894126,purchase,dev_2184,addr_2184
2185,28,997.3242321877959,purchase,dev_2185,addr_2185
2185,49,499.95763255997196,purchase,dev_2185,addr_2185
2185,57,1818.0030790179846,purchase,dev_2185,addr_2185
2185,73,887.1836741153925,purchase,dev_2185,addr_2185
2185,96,1295.2198883666947,purchase,dev_2185,addr_2185
2185,107,2229.35973966437,purchase,dev_2185,addr_2185
2186,36,695.0208204695138,purchase,dev_2186,addr_2186
2186,49,1031.9674638138563,purchase,dev_2186,addr_2186
2186,64,1173.9389377098992,purchase,dev_2186,addr_2186
2186,85,1289.1585372531276,purchase,dev_2186,addr_2186
2186,89,1134.0926916480623,purchase,dev_2186,addr_2186
2186,94,1289.1585372531276,return,dev_2186,addr_2186
2187,60,3952.5746452269423,purchase,dev_2187,addr_2187
2187,63,1232.4640604043923,purchase,dev_2187,addr_2187
2187,67,1232.4640604043923,return,dev_2187,addr_2187
2187,82,1574.0791505796738,purchase,dev_2187,addr_2187
2187,99,932.4373319179814,purchase,dev_2187,addr_2187
2187,113,511.4069677367709,purchase,dev_2187,addr_2187
2187,135,1662.5685464259698,purchase,dev_2187,addr_2187
2188,43,2666.083595848887,purchase,dev_2188,addr_2188
2188,55,1034.8254798224655,purchase,dev_2188,addr_2188
2188,70,2541.1493570142247,purchase,dev_2188,addr_2188
2188,79,2330.3263044480527,purchase,dev_2188,addr_2188
2189,24,1032.3424659283387,purchase,dev_2189,addr_2189
2189,32,907.5392875134969,purchase,dev_2189,addr_2189
2189,44,2064.8840043703776,purchase,dev_2189,addr_2189
2189,56,821.4913173899906,purchase,dev_2189,addr_2189
2190,60,2756.0423741505656,purchase,dev_2190,addr_2190
2190,78,1042.6558051376478,purchase,dev_2190,addr_2190
2190,90,816.72332682099,purchase,dev_2190,addr_2190
2190,112,1303.0068313055865,purchase,dev_2190,addr_2190
2191,49,1034.5825436065109,purchase,dev_2191,addr_2191
2191,68,2474.7263524647833,purchase,dev_2191,addr_2191
2191,76,2474.7263524647833,return,dev_2191,addr_2191
2191,87,2496.196170225507,purchase,dev_2191,addr_2191
2192,78,1552.3052402330934,purchase,dev_2192,addr_2192
2192,81,1935.7029231770337,purchase,dev_2192,addr_2192
2192,89,3290.204599728449,purchase,dev_2192,addr_2192
2192,113,1418.621313115246,purchase,dev_2192,addr_2192
2192,133,1643.5561579282694,purchase,dev_2192,addr_2192
2193,63,1605.684543863377,purchase,dev_2193,addr_2193
2193,77,562.0916715873948,purchase,dev_2193,addr_2193
2193,81,955.4156262741109,purchase,dev_2193,addr_2193
2193,105,1554.2221782085287,purchase,dev_2193,addr_2193
2194,32,845.1784478146251,purchase,dev_2194,addr_2194
2194,47,561.49655206659,purchase,dev_2194,addr_2194
2195,26,4843.902424349213,purchase,dev_2195,addr_2195
2195,41,912.7817814959033,purchase,dev_2195,addr_2195
2195,59,810.4577957433785,purchase,dev_2195,addr_2195
2196,45,778.552574351188,purchase,dev_2196,addr_2196
2196,60,2358.6837477613676,purchase,dev_2196,addr_2196
2196,69,1230.4725088737684,purchase,dev_2196,addr_2196
2196,87,1448.3768538445725,purchase,dev_2196,addr_2196
2196,90,1760.6730836748923,purchase,dev_2196,addr_2196
2196,108,1156.6033430960622,purchase,dev_2196,addr_2196
2196,126,1070.4124462390598,purchase,dev_2196,addr_2196
2197,63,1401.5259114384173,purchase,dev_2197,addr_2197
2197,81,509.81941714812666,purchase,dev_2197,addr_2197
2197,93,1171.5962110283756,purchase,dev_2197,addr_2197
2197,115,1439.3617301846687,purchase,dev_2197,addr_2197
2197,121,3337.6737516971248,purchase,dev_2197,addr_2197
2197,140,985.8806989630888,purchase,dev_2197,addr_2197
2198,46,1133.0687536076766,purchase,dev_2198,addr_2198
2198,68,2325.062675235957,purchase,dev_2198,addr_2198
2199,22,1227.0184087048065,purchase,dev_2199,addr_2199
2199,25,566.184028853125,purchase,dev_2199,addr_2199
2199,31,1341.0742205068502,purchase,dev_2199,addr_2199
2199,35,854.601268165734,purchase,dev_2199,addr_2199
2199,51,1698.4068088784309,purchase,dev_2199,addr_2199
2199,56,1698.4068088784309,return,dev_2199,addr_2199
2200,67,1154.0957920001624,purchase,dev_2200,addr_2200
2200,85,3808.294623840579,purchase,dev_2200,addr_2200
2200,107,2818.770920877903,purchase,dev_2200,addr_2200
2200,112,3707.8174306876363,purchase,dev_2200,addr_2200
2200,114,2818.770920877903,return,dev_2200,addr_2200
2200,117,3707.8174306876363,return,dev_2200,addr_2200
2200,122,1084.3886791053537,purchase,dev_2200,addr_2200
2201,40,356.5749984163433,purchase,dev_2201,addr_2201
2202,22,885.6825758696538,purchase,dev_2202,addr_2202
2202,41,1599.362206816851,purchase,dev_2202,addr_2202
2202,64,457.64064532949004,purchase,dev_2202,addr_2202
2202,85,1457.635221667106,purchase,dev_2202,addr_2202
2203,11,1536.2212309123322,purchase,dev_2203,addr_2203
2203,23,506.4883149872751,purchase,dev_2203,addr_2203
2203,45,2912.610833723521,purchase,dev_2203,addr_2203
2203,67,1258.7403500291741,purchase,dev_2203,addr_2203
2203,82,931.1478474507513,purchase,dev_2203,addr_2203
2203,97,736.0398010521994,purchase,dev_2203,addr_2203
2203,117,1573.7720258548927,purchase,dev_2203,addr_2203
2204,8,3085.703775691193,purchase,dev_2204,addr_2204
2204,11,2173.30952488738,purchase,dev_2204,addr_2204
2204,15,693.7930191525401,purchase,dev_2204,addr_2204
2204,18,1026.1966340809124,purchase,dev_2204,addr_2204
2205,15,807.5199275291678,purchase,dev_2205,addr_2205
2205,36,942.7353681903866,purchase,dev_2205,addr_2205
2205,43,942.7353681903866,return,dev_2205,addr_2205
2206,19,1513.1115671627958,purchase,dev_2206,addr_2206
2206,31,1274.3462695915023,purchase,dev_2206,addr_2206
2206,52,2377.869538609818,purchase,dev_2206,addr_2206
2206,59,886.6519706764338,purchase,dev_2206,addr_2206
2206,83,1053.9566362794246,purchase,dev_2206,addr_2206
2206,91,1053.9566362794246,return,dev_2206,addr_2206
2206,95,1281.5992616918559,purchase,dev_2206,addr_2206
2206,98,1281.5992616918559,return,dev_2206,addr_2206
2206,104,791.5571435892169,purchase,dev_2206,addr_2206
2206,111,730.637177751179,purchase,dev_2206,addr_2206
2207,59,1292.5443736157213,purchase,dev_2207,addr_2207
2207,62,1292.5443736157213,return,dev_2207,addr_2207
2207,83,980.7821480229284,purchase,dev_2207,addr_2207
2207,87,980.7821480229284,return,dev_2207,addr_2207
2207,89,686.3985025143179,purchase,dev_2207,addr_2207
2208,67,1572.7131207114583,purchase,dev_2208,addr_2208
2208,75,4172.240600810336,purchase,dev_2208,addr_2208
2208,79,1545.2627634374749,purchase,dev_2208,addr_2208
2209,54,887.013409330617,purchase,dev_2209,addr_2209
2209,68,2195.158147711767,purchase,dev_2209,addr_2209
2209,86,652.0501673270436,purchase,dev_2209,addr_2209
2209,103,651.19127131474,purchase,dev_2209,addr_2209
2209,118,1946.0583928386845,purchase,dev_2209,addr_2209
2210,44,821.2369350513952,purchase,dev_2210,addr_2210
2210,49,1292.0074280746892,purchase,dev_2210,addr_2210
2210,69,3037.0962751980423,purchase,dev_2210,addr_2210
2210,87,2809.8801876610264,purchase,dev_2210,addr_2210
2210,111,577.2888272521753,purchase,dev_2210,addr_2210
2210,117,1644.7047120600282,purchase,dev_2210,addr_2210
2211,13,991.8924184431759,purchase,dev_2211,addr_2211
2211,33,659.6965029141428,purchase,dev_2211,addr_2211
2211,42,659.6965029141428,return,dev_2211,addr_2211
2211,55,1283.8525468039447,purchase,dev_2211,addr_2211
2212,31,1059.0474296121106,purchase,dev_2212,addr_2212
2212,38,1010.6442981553031,purchase,dev_2212,addr_2212
2212,55,2285.4947584991914,purchase,dev_2212,addr_2212
2212,66,3136.5775075987262,purchase,dev_2212,addr_2212
2213,55,739.788401475354,purchase,dev_2213,addr_2213
2213,74,1837.2654740178384,purchase,dev_2213,addr_2213
2213,90,2612.6673148674463,purchase,dev_2213,addr_2213
2214,37,1152.8447216947216,purchase,dev_2214,addr_2214
2214,50,794.4898653187282,purchase,dev_2214,addr_2214
2214,54,1627.0138003006066,purchase,dev_2214,addr_2214
2214,73,1652.2267712194257,purchase,dev_2214,addr_2214
2215,57,2257.190020736521,purchase,dev_2215,addr_2215
2215,79,1541.426152448042,purchase,dev_2215,addr_2215
2215,82,1808.2911067015343,purchase,dev_2215,addr_2215
2215,93,1010.3075957258098,purchase,dev_2215,addr_2215
2215,110,933.4729185049509,purchase,dev_2215,addr_2215
2216,29,1071.8141004045813,purchase,dev_2216,addr_2216
2216,33,1142.9907149898186,purchase,dev_2216,addr_2216
2216,45,858.7324286746264,purchase,dev_2216,addr_2216
2217,40,874.6503934988797,purchase,dev_2217,addr_2217
2217,64,2891.872965025938,purchase,dev_2217,addr_2217
2217,70,1927.9633662019844,purchase,dev_2217,addr_2217
2217,82,2738.1943128427647,purchase,dev_2217,addr_2217
2217,104,926.4244240606969,purchase,dev_2217,addr_2217
2218,60,918.8327095415268,purchase,dev_2218,addr_2218
2218,68,611.6169351715697,purchase,dev_2218,addr_2218
2218,80,1418.8761131447243,purchase,dev_2218,addr_2218
2219,32,741.1937375802627,purchase,dev_2219,addr_2219
2219,42,609.142993684396,purchase,dev_2219,addr_2219
2219,48,1154.0251956755014,purchase,dev_2219,addr_2219
2219,55,781.2007768722104,purchase,dev_2219,addr_2219
2219,61,1071.295170987962,purchase,dev_2219,addr_2219
2219,79,1167.857029841945,purchase,dev_2219,addr_2219
2220,47,2088.099897527977,purchase,dev_2220,addr_2220
2220,60,3987.9737820942555,purchase,dev_2220,addr_2220
2220,79,978.7707849645644,purchase,dev_2220,addr_2220
2221,74,3580.3334478327315,purchase,dev_2221,addr_2221
2221,84,1242.341589049841,purchase,dev_2221,addr_2221
2221,98,1011.5071134710597,purchase,dev_2221,addr_2221
2221,107,1291.0367171633002,purchase,dev_2221,addr_2221
2221,120,1350.1891561628047,purchase,dev_2221,addr_2221
2221,133,2678.521745578715,purchase,dev_2221,addr_2221
2221,153,1537.5379103058144,purchase,dev_2221,addr_2221
2221,159,610.3209824018554,purchase,dev_2221,addr_2221
2222,54,2250.2588957761973,purchase,dev_2222,addr_2222
2222,57,622.4559789288651,purchase,dev_2222,addr_2222
2222,68,2062.4329449731995,purchase,dev_2222,addr_2222
2222,82,834.5937632801347,purchase,dev_2222,addr_2222
2222,94,3352.9933313725733,purchase,dev_2222,addr_2222
2222,98,978.8760847928652,purchase,dev_2222,addr_2222
2223,37,1532.3172121099915,purchase,dev_2223,addr_2223
2223,42,978.8235403747017,purchase,dev_2223,addr_2223
2224,21,650.0881195322936,purchase,dev_2224,addr_2224
2224,35,891.9186278164556,purchase,dev_2224,addr_2224
2224,54,362.86865150169075,purchase,dev_2224,addr_2224
2224,72,1528.2603980814217,purchase,dev_2224,addr_2224
2224,77,1393.4419793098873,purchase,dev_2224,addr_2224
2225,8,1622.747845568719,purchase,dev_2225,addr_2225
2225,17,967.3428646834645,purchase,dev_2225,addr_2225
2225,29,1010.2808020952706,purchase,dev_2225,addr_2225
2226,39,743.9461736049309,purchase,dev_2226,addr_2226
2227,22,1230.1186244098724,purchase,dev_2227,addr_2227
2227,27,1424.9071119456219,purchase,dev_2227,addr_2227
2227,29,1424.9071119456219,return,dev_2227,addr_2227
2228,66,973.3172419963046,purchase,dev_2228,addr_2228
2228,88,1116.10611597512,purchase,dev_2228,addr_2228
2229,64,1286.1785098680307,purchase,dev_2229,addr_2229
2229,75,886.7112642264663,purchase,dev_2229,addr_2229
2229,85,607.0051932343259,purchase,dev_2229,addr_2229
2229,100,5720.590542440654,purchase,dev_2229,addr_2229
2229,120,2318.4888919995487,purchase,dev_2229,addr_2229
2229,123,555.5245184600271,purchase,dev_2229,addr_2229
2230,46,1699.4088206879599,purchase,dev_2230,addr_2230
2230,69,882.3577718231879,purchase,dev_2230,addr_2230
2230,90,1143.2301394928581,purchase,dev_2230,addr_2230
2230,110,1025.359677441735,purchase,dev_2230,addr_2230
2231,27,1025.9346714738842,purchase,dev_2231,addr_2231
2231,47,1211.3585971844022,purchase,dev_2231,addr_2231
2231,50,1211.3585971844022,return,dev_2231,addr_2231
2232,55,1006.2026379364429,purchase,dev_2232,addr_2232
2233,50,1004.9221177832526,purchase,dev_2233,addr_2233
2233,67,1100.9154770487376,purchase,dev_2233,addr_2233
2234,56,1360.3215755510105,purchase,dev_2234,addr_2234
2234,65,1194.454842764759,purchase,dev_2234,addr_2234
2234,72,2235.9012797636296,purchase,dev_2234,addr_2234
2234,83,2893.5427975658504,purchase,dev_2234,addr_2234
2234,100,1067.00526100468,purchase,dev_2234,addr_2234
2234,110,2141.7153467603616,purchase,dev_2234,addr_2234
2235,33,1768.2717582578969,purchase,dev_2235,addr_2235
2235,46,1414.6374467734072,purchase,dev_2235,addr_2235
2236,17,1636.301417591963,purchase,dev_2236,addr_2236
2236,36,1577.8329951685473,purchase,dev_2236,addr_2236
2236,46,691.7024470426004,purchase,dev_2236,addr_2236
2236,65,1060.9045521859039,purchase,dev_2236,addr_2236
2237,67,1293.3500329401081,purchase,dev_2237,addr_2237
2237,82,5550.462978017849,purchase,dev_2237,addr_2237
2237,89,1755.797292268316,purchase,dev_2237,addr_2237
2237,111,1381.600164546054,purchase,dev_2237,addr_2237
2237,134,1101.1127842624685,purchase,dev_2237,addr_2237
2237,136,1101.1127842624685,return,dev_2237,addr_2237
2238,67,1926.6916406110677,purchase,dev_2238,addr_2238
2238,72,1926.6916406110677,return,dev_2238,addr_2238
2238,91,910.3835877077059,purchase,dev_2238,addr_2238
2238,114,3259.0284714461304,purchase,dev_2238,addr_2238
2239,61,845.3302883341357,purchase,dev_2239,addr_2239
2239,81,935.1212462127445,purchase,dev_2239,addr_2239
2239,86,2125.8570512672345,purchase,dev_2239,addr_2239
2239,109,1561.4210565708665,purchase,dev_2239,addr_2239
2239,121,1377.747639771977,purchase,dev_2239,addr_2239
2240,70,1025.3969706867388,purchase,dev_2240,addr_2240
2240,80,2202.7620470007337,purchase,dev_2240,addr_2240
2240,102,780.1464609294306,purchase,dev_2240,addr_2240
2240,118,821.8913566636255,purchase,dev_2240,addr_2240
2241,80,1306.9176188856009,purchase,dev_2241,addr_2241
2241,96,1427.981380314381,purchase,dev_2241,addr_2241
2242,11,2037.810000320734,purchase,dev_2242,addr_2242
2242,16,2037.810000320734,return,dev_2242,addr_2242
2242,22,1058.707126091148,purchase,dev_2242,addr_2242
2242,41,713.8379543037744,purchase,dev_2242,addr_2242
2242,63,2278.2242827944065,purchase,dev_2242,addr_2242
2242,79,1047.8111124172638,purchase,dev_2242,addr_2242
2243,76,2166.9222577920773,purchase,dev_2243,addr_2243
2243,95,2231.3667722716755,purchase,dev_2243,addr_2243
2243,116,1176.861942419079,purchase,dev_2243,addr_2243
2243,135,1997.63322159745,purchase,dev_2243,addr_2243
2243,144,867.6126152462689,purchase,dev_2243,addr_2243
2243,149,518.7542369147716,purchase,dev_2243,addr_2243
2243,154,518.7542369147716,return,dev_2243,addr_2243
2244,43,1005.8582303333268,purchase,dev_2244,addr_2244
2244,64,1905.9580650550313,purchase,dev_2244,addr_2244
2244,70,1905.9580650550313,return,dev_2244,addr_2244
2244,75,1818.0779232295909,purchase,dev_2244,addr_2244
2244,81,1147.0894589590546,purchase,dev_2244,addr_2244
2245,27,803.30703902727,purchase,dev_2245,addr_2245
2245,48,1034.26222101048,purchase,dev_2245,addr_2245
2246,28,1929.446265521111,purchase,dev_2246,addr_2246
2246,48,2850.9509273544945,purchase,dev_2246,addr_2246
2247,19,1523.581365949659,purchase,dev_2247,addr_2247
2247,26,1224.1865585027892,purchase,dev_2247,addr_2247
2247,47,1758.1564370851531,purchase,dev_2247,addr_2247
2247,65,1285.1239485848337,purchase,dev_2247,addr_2247
2247,68,1924.955737771791,purchase,dev_2247,addr_2247
2248,77,837.1353429050743,purchase,dev_2248,addr_2248
2248,83,837.1353429050743,return,dev_2248,addr_2248
2248,83,2756.0389425749136,purchase,dev_2248,addr_2248
2248,101,617.9618763410332,purchase,dev_2248,addr_2248
2248,114,1065.2512075302352,purchase,dev_2248,addr_2248
2248,133,1190.872828818671,purchase,dev_2248,addr_2248
2248,148,2237.7831258852298,purchase,dev_2248,addr_2248
2249,62,1743.7176620876112,purchase,dev_2249,addr_2249
2249,73,1781.0622477942109,purchase,dev_2249,addr_2249
2249,82,520.0563679378969,purchase,dev_2249,addr_2249
2249,103,575.6319704854474,purchase,dev_2249,addr_2249
2249,125,1255.91541295274,purchase,dev_2249,addr_2249
2249,148,2010.1186431221176,purchase,dev_2249,addr_2249
2250,23,2850.619712248227,purchase,dev_2250,addr_2250
2250,28,2159.743198169346,purchase,dev_2250,addr_2250
2250,38,1583.7541265716284,purchase,dev_2250,addr_2250
2251,49,3319.538737102181,purchase,dev_2251,addr_2251
2251,57,1392.9266184090181,purchase,dev_2251,addr_2251
2251,68,1081.322385003055,purchase,dev_2251,addr_2251
2251,81,1882.1316323825008,purchase,dev_2251,addr_2251
2252,32,1409.3925946555064,purchase,dev_2252,addr_2252
2252,51,1372.0063046115936,purchase,dev_2252,addr_2252
2252,68,4882.884332209314,purchase,dev_2252,addr_2252
2252,84,1374.6306621146043,purchase,dev_2252,addr_2252
2252,98,2067.7055019820327,purchase,dev_2252,addr_2252
2253,27,1180.7644497624885,purchase,dev_2253,addr_2253
2253,32,2578.7568516165493,purchase,dev_2253,addr_2253
2253,52,3054.0022057431756,purchase,dev_2253,addr_2253
2253,71,1160.6079279578173,purchase,dev_2253,addr_2253
2254,13,956.9881741958832,purchase,dev_2254,addr_2254
2254,20,3482.286649855835,purchase,dev_2254,addr_2254
2254,25,3482.286649855835,return,dev_2254,addr_2254
2255,27,1506.4688653573926,purchase,dev_2255,addr_2255
2255,36,644.2408118200549,purchase,dev_2255,addr_2255
2255,42,644.2408118200549,return,dev_2255,addr_2255
2255,48,865.2768394544177,purchase,dev_2255,addr_2255
2255,70,1308.3165960822957,purchase,dev_2255,addr_2255
2255,79,2739.0131791656154,purchase,dev_2255,addr_2255
2256,15,2365.339155806094,purchase,dev_2256,addr_2256
2256,19,2260.3730569724535,purchase,dev_2256,addr_2256
2256,26,2260.3730569724535,return,dev_2256,addr_2256
2257,75,673.73520393874,purchase,dev_2257,addr_2257
2257,90,778.3119123387949,purchase,dev_2257,addr_2257
2257,101,784.904557705407,purchase,dev_2257,addr_2257
2257,105,2783.111223589652,purchase,dev_2257,addr_2257
2257,123,847.6043621674673,purchase,dev_2257,addr_2257
2257,125,847.6043621674673,return,dev_2257,addr_2257
2257,134,1313.957220978379,purchase,dev_2257,addr_2257
2257,140,2731.274962357029,purchase,dev_2257,addr_2257
2257,164,956.1112420612317,purchase,dev_2257,addr_2257
2257,168,1238.9697819639769,purchase,dev_2257,addr_2257
2258,73,3632.598664904459,purchase,dev_2258,addr_2258
2258,91,1800.6943694600004,purchase,dev_2258,addr_2258
2259,26,3159.6086496373428,purchase,dev_2259,addr_2259
2259,36,728.9737680272815,purchase,dev_2259,addr_2259
2260,12,2136.731826237001,purchase,dev_2260,addr_2260
2260,31,2345.500389918528,purchase,dev_2260,addr_2260
2260,50,907.8985454441486,purchase,dev_2260,addr_2260
2261,33,2621.580832961425,purchase,dev_2261,addr_2261
2261,41,1027.881559346733,purchase,dev_2261,addr_2261
2261,55,3015.35326616236,purchase,dev_2261,addr_2261
2261,65,2387.446114624993,purchase,dev_2261,addr_2261
2262,62,762.4838481502063,purchase,dev_2262,addr_2262
2262,65,1609.4805371457571,purchase,dev_2262,addr_2262
2263,55,824.3075438731771,purchase,dev_2263,addr_2263
2264,71,940.9667676510617,purchase,dev_2264,addr_2264
2264,87,958.4336013795016,purchase,dev_2264,addr_2264
2265,9,1430.0678607338339,purchase,dev_2265,addr_2265
2265,21,910.4797508512149,purchase,dev_2265,addr_2265
2265,43,1749.9981406674906,purchase,dev_2265,addr_2265
2265,57,1639.204741292963,purchase,dev_2265,addr_2265
2266,76,441.9117513679871,purchase,dev_2266,addr_2266
2266,86,1142.9201140550936,purchase,dev_2266,addr_2266
2266,97,1828.4349748314628,purchase,dev_2266,addr_2266
2266,101,1267.5872479443788,purchase,dev_2266,addr_2266
2267,21,1596.8008496204047,purchase,dev_2267,addr_2267
2267,40,2194.005264571612,purchase,dev_2267,addr_2267
2267,43,2139.232336126331,purchase,dev_2267,addr_2267
2267,49,959.3564207232278,purchase,dev_2267,addr_2267
2267,52,1138.538129974414,purchase,dev_2267,addr_2267
2267,74,511.71142778197685,purchase,dev_2267,addr_2267
2268,32,2568.63687227561,purchase,dev_2268,addr_2268
2268,45,1110.987084160018,purchase,dev_2268,addr_2268
2268,66,2633.3698692408575,purchase,dev_2268,addr_2268
2269,28,2103.0333850950055,purchase,dev_2269,addr_2269
2269,45,632.7897497041753,purchase,dev_2269,addr_2269
2270,52,945.5767470439158,purchase,dev_2270,addr_2270
2270,62,756.522518187361,purchase,dev_2270,addr_2270
2270,79,700.2088935544856,purchase,dev_2270,addr_2270
2271,62,1438.8699915997881,purchase,dev_2271,addr_2271
2271,68,1938.588052528909,purchase,dev_2271,addr_2271
2271,85,597.5425747935915,purchase,dev_2271,addr_2271
2271,90,3563.3763245768705,purchase,dev_2271,addr_2271
2271,95,1106.4083365348517,purchase,dev_2271,addr_2271
2271,100,1106.4083365348517,return,dev_2271,addr_2271
2272,51,2012.925026678296,purchase,dev_2272,addr_2272
2272,67,1808.6473810116743,purchase,dev_2272,addr_2272
2272,70,626.8241773759854,purchase,dev_2272,addr_2272
2273,49,1007.3753813598354,purchase,dev_2273,addr_2273
2273,59,2096.5366249253643,purchase,dev_2273,addr_2273
2273,68,1403.6142567595973,purchase,dev_2273,addr_2273
2273,79,1438.510969537238,purchase,dev_2273,addr_2273
2273,83,649.8860346329172,purchase,dev_2273,addr_2273
2274,17,1199.1150350209375,purchase,dev_2274,addr_2274
2274,25,787.2230862500019,purchase,dev_2274,addr_2274
2274,40,3024.8181655420026,purchase,dev_2274,addr_2274
2274,46,3024.8181655420026,return,dev_2274,addr_2274
2275,44,1570.35975775168,purchase,dev_2275,addr_2275
2275,67,1477.3289241712685,purchase,dev_2275,addr_2275
2276,71,1687.1461850981632,purchase,dev_2276,addr_2276
2276,78,526.9785513887027,purchase,dev_2276,addr_2276
2276,101,1033.655159697093,purchase,dev_2276,addr_2276
2276,115,1338.5552120206908,purchase,dev_2276,addr_2276
2277,51,1988.3495855995034,purchase,dev_2277,addr_2277
2277,61,709.595972515703,purchase,dev_2277,addr_2277
2277,81,1429.309244943789,purchase,dev_2277,addr_2277
2277,102,1683.9811353961638,purchase,dev_2277,addr_2277
2277,115,1150.8279372090005,purchase,dev_2277,addr_2277
2277,134,3120.2036718139275,purchase,dev_2277,addr_2277
2278,44,1339.302137421368,purchase,dev_2278,addr_2278
2278,60,926.8349788432577,purchase,dev_2278,addr_2278
2278,63,1428.8389620777755,purchase,dev_2278,addr_2278
2278,78,349.8729816677857,purchase,dev_2278,addr_2278
2279,25,638.2982988818784,purchase,dev_2279,addr_2279
2280,13,1188.5491749377838,purchase,dev_2280,addr_2280
2280,30,2421.0171476070486,purchase,dev_2280,addr_2280
2280,33,1614.0336573376228,purchase,dev_2280,addr_2280
2280,36,2421.0171476070486,return,dev_2280,addr_2280
2281,30,1687.6701105439145,purchase,dev_2281,addr_2281
2281,54,887.6079488296127,purchase,dev_2281,addr_2281
2282,47,4000.2111196065775,purchase,dev_2282,addr_2282
2282,65,1694.5607080181846,purchase,dev_2282,addr_2282
2283,25,3919.5125812827564,purchase,dev_2283,addr_2283
2283,39,4271.51649354544,purchase,dev_2283,addr_2283
2283,55,1144.6275449514612,purchase,dev_2283,addr_2283
2284,62,1036.411640993509,purchase,dev_2284,addr_2284
2284,68,1017.2362198673081,purchase,dev_2284,addr_2284
2284,75,1316.4680317025875,purchase,dev_2284,addr_2284
2285,28,671.7813375083182,purchase,dev_2285,addr_2285
2285,42,1061.870444366646,purchase,dev_2285,addr_2285
2285,50,1061.870444366646,return,dev_2285,addr_2285
2285,64,778.406832753209,purchase,dev_2285,addr_2285
2285,80,1326.8677289300656,purchase,dev_2285,addr_2285
2285,91,2410.180057138827,purchase,dev_2285,addr_2285
2286,74,1504.7581940638213,purchase,dev_2286,addr_2286
2286,98,1352.6379809064513,purchase,dev_2286,addr_2286
2286,117,1069.8676168361433,purchase,dev_2286,addr_2286
2286,124,895.9755233362488,purchase,dev_2286,addr_2286
2286,134,840.4063117274844,purchase,dev_2286,addr_2286
2287,31,2228.7642002735624,purchase,dev_2287,addr_2287
2287,47,2796.488720832344,purchase,dev_2287,addr_2287
2287,69,1614.544786572874,purchase,dev_2287,addr_2287
2288,61,1530.4858112737468,purchase,dev_2288,addr_2288
2288,71,659.2763702811075,purchase,dev_2288,addr_2288
2288,79,1262.604288638311,purchase,dev_2288,addr_2288
2288,86,1022.8369040831788,purchase,dev_2288,addr_2288
2289,34,934.9722254431824,purchase,dev_2289,addr_2289
2289,40,934.9722254431824,return,dev_2289,addr_2289
2289,49,3475.0962271408307,purchase,dev_2289,addr_2289
2289,59,1266.8202519234453,purchase,dev_2289,addr_2289
2289,76,4838.69657839533,purchase,dev_2289,addr_2289
2289,85,1212.9183194443112,purchase,dev_2289,addr_2289
2290,50,1216.6784735111496,purchase,dev_2290,addr_2290
2290,70,867.548274041896,purchase,dev_2290,addr_2290
2290,79,1949.5994720523058,purchase,dev_2290,addr_2290
2290,89,1694.6500325875077,purchase,dev_2290,addr_2290
2291,41,1703.1351030327764,purchase,dev_2291,addr_2291
2291,50,2870.62576466061,purchase,dev_2291,addr_2291
2292,61,969.4766976995663,purchase,dev_2292,addr_2292
2292,78,891.4460344973805,purchase,dev_2292,addr_2292
2292,96,517.5011792809293,purchase,dev_2292,addr_2292
2292,120,945.8204520848504,purchase,dev_2292,addr_2292
2292,124,1758.5394492425526,purchase,dev_2292,addr_2292
2292,138,1756.4442667799492,purchase,dev_2292,addr_2292
2293,31,1295.633691144447,purchase,dev_2293,addr_2293
2293,40,2084.096887930084,purchase,dev_2293,addr_2293
2293,43,669.7486137591371,purchase,dev_2293,addr_2293
2293,57,1301.0454044708104,purchase,dev_2293,addr_2293
2293,61,459.0397644582771,purchase,dev_2293,addr_2293
2293,70,761.6515987482645,purchase,dev_2293,addr_2293
2293,81,1830.7310562262862,purchase,dev_2293,addr_2293
2293,94,1531.8325851541433,purchase,dev_2293,addr_2293
2294,58,1076.1983831150155,purchase,dev_2294,addr_2294
2294,65,2641.9663806280632,purchase,dev_2294,addr_2294
2294,68,969.1911142620644,purchase,dev_2294,addr_2294
2295,39,1610.1546250649228,purchase,dev_2295,addr_2295
2295,58,771.718933752341,purchase,dev_2295,addr_2295
2295,77,1785.9787430689428,purchase,dev_2295,addr_2295
2295,89,1025.6166750659029,purchase,dev_2295,addr_2295
2295,113,1360.6401685488918,purchase,dev_2295,addr_2295
2295,128,1401.4694699654815,purchase,dev_2295,addr_2295
2296,58,1811.8731242650647,purchase,dev_2296,addr_2296
2296,74,2076.8074950535256,purchase,dev_2296,addr_2296
2297,27,844.4967734334915,purchase,dev_2297,addr_2297
2297,33,2465.2484575587305,purchase,dev_2297,addr_2297
2297,46,592.4622365817177,purchase,dev_2297,addr_2297
2297,54,2419.724036469281,purchase,dev_2297,addr_2297
2297,66,1287.958924879418,purchase,dev_2297,addr_2297
2298,63,788.2311616497457,purchase,dev_2298,addr_2298
2298,87,727.1413862024101,purchase,dev_2298,addr_2298
2298,97,2199.5201782657373,purchase,dev_2298,addr_2298
2298,101,1572.6857207046744,purchase,dev_2298,addr_2298
2299,46,703.6558110425635,purchase,dev_2299,addr_2299
2299,68,1895.8280444754466,purchase,dev_2299,addr_2299
2299,74,1895.8280444754466,return,dev_2299,addr_2299
2299,82,813.5290744646418,purchase,dev_2299,addr_2299
2300,71,3037.1164627236262,purchase,dev_2300,addr_2300
2300,89,1098.522040685625,purchase,dev_2300,addr_2300
2300,93,1082.4578043257186,purchase,dev_2300,addr_2300
2301,73,1870.2086979742471,purchase,dev_2301,addr_2301
2301,89,2212.258370610765,purchase,dev_2301,addr_2301
2301,96,1591.7449510356485,purchase,dev_2301,addr_2301
2301,104,1504.4075615308548,purchase,dev_2301,addr_2301
2301,125,4888.854509061054,purchase,dev_2301,addr_2301
2302,25,2272.3187300279533,purchase,dev_2302,addr_2302
2302,40,918.0188920600808,purchase,dev_2302,addr_2302
2302,52,1659.3310860218883,purchase,dev_2302,addr_2302
2303,27,699.2370187423672,purchase,dev_2303,addr_2303
2303,39,1437.7679729996503,purchase,dev_2303,addr_2303
2304,54,1056.810088771912,purchase,dev_2304,addr_2304
2304,75,2930.719827989771,purchase,dev_2304,addr_2304
2304,78,567.340033239739,purchase,dev_2304,addr_2304
2304,87,1232.0590810296299,purchase,dev_2304,addr_2304
2304,92,1149.9089548865766,purchase,dev_2304,addr_2304
2304,96,627.7833591233513,purchase,dev_2304,addr_2304
2304,119,1296.7993414154485,purchase,dev_2304,addr_2304
2305,65,1691.8973858299707,purchase,dev_2305,addr_2305
2305,87,776.5386610003563,purchase,dev_2305,addr_2305
2305,93,961.6033126979788,purchase,dev_2305,addr_2305
2305,99,1062.1240355761038,purchase,dev_2305,addr_2305
2306,35,1273.4872652269944,purchase,dev_2306,addr_2306
2306,46,606.2350737811922,purchase,dev_2306,addr_2306
2306,51,871.4140426329541,purchase,dev_2306,addr_2306
2306,63,564.4052700924392,purchase,dev_2306,addr_2306
2307,59,821.3190112958981,purchase,dev_2307,addr_2307
2308,32,510.06911676128533,purchase,dev_2308,addr_2308
2308,51,976.6384721994259,purchase,dev_2308,addr_2308
2308,63,544.1340627155666,purchase,dev_2308,addr_2308
2309,68,823.1853137565305,purchase,dev_2309,addr_2309
2309,90,1456.1304889291125,purchase,dev_2309,addr_2309
2309,109,1000.6629825295428,purchase,dev_2309,addr_2309
2309,130,1371.1836657163208,purchase,dev_2309,addr_2309
2310,56,3258.111153112296,purchase,dev_2310,addr_2310
2310,78,1906.9915016050384,purchase,dev_2310,addr_2310
2310,86,2666.1195759679294,purchase,dev_2310,addr_2310
2310,92,2666.1195759679294,return,dev_2310,addr_2310
2310,106,729.7013082873984,purchase,dev_2310,addr_2310
2310,120,553.9256949978713,purchase,dev_2310,addr_2310
2310,143,1097.537516195689,purchase,dev_2310,addr_2310
2310,163,1904.170472418083,purchase,dev_2310,addr_2310
2311,55,2234.34049622228,purchase,dev_2311,addr_2311
2311,58,2234.34049622228,return,dev_2311,addr_2311
2311,77,1165.5402713724632,purchase,dev_2311,addr_2311
2312,36,1705.9813213524853,purchase,dev_2312,addr_2312
2312,58,1955.1750555062035,purchase,dev_2312,addr_2312
2312,80,807.7431724095964,purchase,dev_2312,addr_2312
2312,102,1245.2571983888572,purchase,dev_2312,addr_2312
2313,20,2885.4782952682,purchase,dev_2313,addr_2313
2313,29,1603.1489130612224,purchase,dev_2313,addr_2313
2313,40,862.943230633424,purchase,dev_2313,addr_2313
2313,60,1034.2758854023857,purchase,dev_2313,addr_2313
2314,39,796.4082780908537,purchase,dev_2314,addr_2314
2314,62,2469.087977811347,purchase,dev_2314,addr_2314
2314,75,634.3137252141321,purchase,dev_2314,addr_2314
2314,85,582.7067317315444,purchase,dev_2314,addr_2314
2315,23,831.7858587890069,purchase,dev_2315,addr_2315
2315,30,1782.8795914902355,purchase,dev_2315,addr_2315
2316,35,831.4416943610029,purchase,dev_2316,addr_2316
2316,43,1720.5383024746948,purchase,dev_2316,addr_2316
2316,48,1720.5383024746948,return,dev_2316,addr_2316
2316,57,1660.2667814363715,purchase,dev_2316,addr_2316
2316,72,1831.2534387581816,purchase,dev_2316,addr_2316
2317,34,2146.1243628925417,purchase,dev_2317,addr_2317
2317,50,690.9632908891524,purchase,dev_2317,addr_2317
2317,72,2102.571052393898,purchase,dev_2317,addr_2317
2317,94,1082.9995490574452,purchase,dev_2317,addr_2317
2318,15,1513.2698787554655,purchase,dev_2318,addr_2318
2318,34,1469.361126847808,purchase,dev_2318,addr_2318
2318,53,968.3747261686494,purchase,dev_2318,addr_2318
2319,77,1264.6277614345333,purchase,dev_2319,addr_2319
2319,85,1309.6771944788566,purchase,dev_2319,addr_2319
2320,44,1425.8255477667794,purchase,dev_2320,addr_2320
2320,63,768.2945826219155,purchase,dev_2320,addr_2320
2320,76,1952.9293406491083,purchase,dev_2320,addr_2320
2320,86,1293.0009787012325,purchase,dev_2320,addr_2320
2320,98,1707.088975600705,purchase,dev_2320,addr_2320
2320,119,1306.489094420647,purchase,dev_2320,addr_2320
2321,38,2717.9943197885827,purchase,dev_2321,addr_2321
2321,50,1293.114460559946,purchase,dev_2321,addr_2321
2321,57,619.8577720469518,purchase,dev_2321,addr_2321
2322,42,2738.588522225409,purchase,dev_2322,addr_2322
2322,54,1302.1668892791902,purchase,dev_2322,addr_2322
2323,24,670.5732200856157,purchase,dev_2323,addr_2323
2323,35,1377.6435653522997,purchase,dev_2323,addr_2323
2323,48,985.9204345974445,purchase,dev_2323,addr_2323
2324,24,1134.6425709010734,purchase,dev_2324,addr_2324
2324,27,1669.540449848967,purchase,dev_2324,addr_2324
2324,48,1007.8307430887849,purchase,dev_2324,addr_2324
2324,67,874.7151552823274,purchase,dev_2324,addr_2324
2325,37,1806.7313750656704,purchase,dev_2325,addr_2325
2325,42,1806.7313750656704,return,dev_2325,addr_2325
2326,50,777.026172871804,purchase,dev_2326,addr_2326
2326,66,1246.7506947223246,purchase,dev_2326,addr_2326
2326,79,1261.9647778990754,purchase,dev_2326,addr_2326
2327,54,2032.091899675928,purchase,dev_2327,addr_2327
2327,72,1563.7184787365566,purchase,dev_2327,addr_2327
2327,82,1218.7194992565455,purchase,dev_2327,addr_2327
2327,97,1712.8060391576576,purchase,dev_2327,addr_2327
2327,119,2030.995599248389,purchase,dev_2327,addr_2327
2327,134,1294.2172770414986,purchase,dev_2327,addr_2327
2328,33,2183.6149141986343,purchase,dev_2328,addr_2328
2329,41,1504.3100626108621,purchase,dev_2329,addr_2329
2329,61,566.2867354802008,purchase,dev_2329,addr_2329
2329,76,1432.4092669839597,purchase,dev_2329,addr_2329
2329,87,1664.0176298999586,purchase,dev_2329,addr_2329
2329,90,1603.7311362558617,purchase,dev_2329,addr_2329
2329,112,1234.7351284171782,purchase,dev_2329,addr_2329
2329,135,2482.3962917965314,purchase,dev_2329,addr_2329
2330,28,1697.0749992697545,purchase,dev_2330,addr_2330
2330,46,778.4085688577296,purchase,dev_2330,addr_2330
2330,53,778.4085688577296,return,dev_2330,addr_2330
2330,65,1392.1867217500337,purchase,dev_2330,addr_2330
2330,76,1117.0287134309426,purchase,dev_2330,addr_2330
2330,99,1505.2044452514194,purchase,dev_2330,addr_2330
2330,106,1505.2044452514194,return,dev_2330,addr_2330
2330,116,1559.1407075952359,purchase,dev_2330,addr_2330
2331,52,1122.0507249519776,purchase,dev_2331,addr_2331
2331,61,1122.0507249519776,return,dev_2331,addr_2331
2331,66,1262.2233874754838,purchase,dev_2331,addr_2331
2332,21,829.8014584277398,purchase,dev_2332,addr_2332
2332,31,1332.534021625093,purchase,dev_2332,addr_2332
2332,38,1371.5128803038654,purchase,dev_2332,addr_2332
2332,49,1027.2557794755787,purchase,dev_2332,addr_2332
2333,44,1241.3449138508427,purchase,dev_2333,addr_2333
2333,61,1290.4577531500229,purchase,dev_2333,addr_2333
2333,79,3287.0430857005,purchase,dev_2333,addr_2333
2334,45,1346.9070440381124,purchase,dev_2334,addr_2334
2334,61,2002.6965067592846,purchase,dev_2334,addr_2334
2335,59,1903.1915249731162,purchase,dev_2335,addr_2335
2335,64,2566.573431110116,purchase,dev_2335,addr_2335
2336,25,1787.083190588234,purchase,dev_2336,addr_2336
2337,66,512.7358835461418,purchase,dev_2337,addr_2337
2337,80,1150.9390557322365,purchase,dev_2337,addr_2337
2337,84,1309.373881981209,purchase,dev_2337,addr_2337
2337,103,2531.9914263798314,purchase,dev_2337,addr_2337
2337,107,799.6579027829358,purchase,dev_2337,addr_2337
2338,57,1726.5244217229651,purchase,dev_2338,addr_2338
2338,61,1726.5244217229651,return,dev_2338,addr_2338
2338,81,1794.2695096805674,purchase,dev_2338,addr_2338
2338,99,1224.960375775328,purchase,dev_2338,addr_2338
2338,102,478.36841330126595,purchase,dev_2338,addr_2338
2339,37,1213.3900470379033,purchase,dev_2339,addr_2339
2339,57,2071.7175966092877,purchase,dev_2339,addr_2339
2340,49,1429.2837184048226,purchase,dev_2340,addr_2340
2340,55,1132.1169642453633,purchase,dev_2340,addr_2340
2340,66,2035.1975432367365,purchase,dev_2340,addr_2340
2340,78,872.0353875455834,purchase,dev_2340,addr_2340
2341,43,1521.2787825340497,purchase,dev_2341,addr_2341
2341,56,1929.6208993788562,purchase,dev_2341,addr_2341
2341,62,1730.3490426036244,purchase,dev_2341,addr_2341
2341,71,1470.2471325961471,purchase,dev_2341,addr_2341
2342,47,1100.0073589198391,purchase,dev_2342,addr_2342
2342,53,2016.6910033300728,purchase,dev_2342,addr_2342
2342,69,1395.774334827568,purchase,dev_2342,addr_2342
2342,82,1897.7392394639562,purchase,dev_2342,addr_2342
2343,67,1048.637927605456,purchase,dev_2343,addr_2343
2343,73,2654.3693297293376,purchase,dev_2343,addr_2343
2343,89,1140.344797514363,purchase,dev_2343,addr_2343
2344,68,909.6449660688564,purchase,dev_2344,addr_2344
2344,92,1949.742096617804,purchase,dev_2344,addr_2344
2344,97,800.4910315801627,purchase,dev_2344,addr_2344
2344,116,2329.172320918529,purchase,dev_2344,addr_2344
2344,119,641.8355241793017,purchase,dev_2344,addr_2344
2345,33,437.49043001022835,purchase,dev_2345,addr_2345
2345,45,2152.535453464961,purchase,dev_2345,addr_2345
2345,50,2152.535453464961,return,dev_2345,addr_2345
2345,55,693.4106980316202,purchase,dev_2345,addr_2345
2345,62,753.3805614646443,purchase,dev_2345,addr_2345
2345,83,1794.6223382303913,purchase,dev_2345,addr_2345
2346,24,661.7198024820092,purchase,dev_2346,addr_2346
2346,30,1177.1829521052377,purchase,dev_2346,addr_2346
2346,34,1675.6990527745681,purchase,dev_2346,addr_2346
2346,55,650.5754051793006,purchase,dev_2346,addr_2346
2346,72,1496.134480313432,purchase,dev_2346,addr_2346
2346,82,587.7184962811461,purchase,dev_2346,addr_2346
2347,61,692.2267544677873,purchase,dev_2347,addr_2347
2347,84,3943.887438739344,purchase,dev_2347,addr_2347
2347,103,1381.790357181714,purchase,dev_2347,addr_2347
2348,68,2235.0770985303607,purchase,dev_2348,addr_2348
2348,82,2273.969416805197,purchase,dev_2348,addr_2348
2348,94,2524.280492101566,purchase,dev_2348,addr_2348
2348,107,576.6914505841269,purchase,dev_2348,addr_2348
2348,116,2155.281782452152,purchase,dev_2348,addr_2348
2349,21,1497.3035354860963,purchase,dev_2349,addr_2349
2349,26,981.7002456961214,purchase,dev_2349,addr_2349
2350,20,565.4755368470128,purchase,dev_2350,addr_2350
2350,29,3007.8894646500903,purchase,dev_2350,addr_2350
2350,46,854.6179744055878,purchase,dev_2350,addr_2350
2351,71,2533.5123485390845,purchase,dev_2351,addr_2351
2351,87,1498.473203607097,purchase,dev_2351,addr_2351
2351,98,1264.1906369188773,purchase,dev_2351,addr_2351
2351,115,3750.647586426793,purchase,dev_2351,addr_2351
2351,121,1106.792227572578,purchase,dev_2351,addr_2351
2351,140,1263.4583434840984,purchase,dev_2351,addr_2351
2352,67,533.7989910383603,purchase,dev_2352,addr_2352
2352,81,1667.3154836011895,purchase,dev_2352,addr_2352
2352,87,1929.0735053045405,purchase,dev_2352,addr_2352
2352,91,1351.1617642750682,purchase,dev_2352,addr_2352
2353,29,663.4957528336513,purchase,dev_2353,addr_2353
2353,44,923.818755996535,purchase,dev_2353,addr_2353
2353,68,1169.2556936007322,purchase,dev_2353,addr_2353
2353,82,1770.0131230690336,purchase,dev_2353,addr_2353
2353,93,510.68634154995357,purchase,dev_2353,addr_2353
2353,99,1879.922829133094,purchase,dev_2353,addr_2353
2354,58,684.3703201419854,purchase,dev_2354,addr_2354
2354,78,1305.946351410098,purchase,dev_2354,addr_2354
2354,89,664.1516230769674,purchase,dev_2354,addr_2354
2355,58,738.6457939753948,purchase,dev_2355,addr_2355
2355,76,580.92001772082,purchase,dev_2355,addr_2355
2355,82,580.92001772082,return,dev_2355,addr_2355
2355,98,1869.6941633458746,purchase,dev_2355,addr_2355
2355,112,716.3808259670424,purchase,dev_2355,addr_2355
2355,119,716.3808259670424,return,dev_2355,addr_2355
2355,119,796.5773964523444,purchase,dev_2355,addr_2355
2355,136,498.3302622959188,purchase,dev_2355,addr_2355
2356,20,1331.5800601089604,purchase,dev_2356,addr_2356
2356,28,1969.9806889959045,purchase,dev_2356,addr_2356
2356,41,1722.4365378276282,purchase,dev_2356,addr_2356
2356,59,2956.684295605307,purchase,dev_2356,addr_2356
2356,64,2214.3680804977744,purchase,dev_2356,addr_2356
2357,66,2161.71282985542,purchase,dev_2357,addr_2357
2357,74,989.2592641973087,purchase,dev_2357,addr_2357
2357,84,985.416118482705,purchase,dev_2357,addr_2357
2357,90,1415.5247068245635,purchase,dev_2357,addr_2357
2358,28,555.2017154785469,purchase,dev_2358,addr_2358
2358,47,1266.5673805537713,purchase,dev_2358,addr_2358
2358,52,1020.7283377451524,purchase,dev_2358,addr_2358
2358,57,1406.263745001801,purchase,dev_2358,addr_2358
2358,67,1136.5427327806115,purchase,dev_2358,addr_2358
2359,58,2511.5944434559474,purchase,dev_2359,addr_2359
2359,81,1319.2355042395336,purchase,dev_2359,addr_2359
2360,18,1201.0683347923493,purchase,dev_2360,addr_2360
2360,30,1260.5368064736442,purchase,dev_2360,addr_2360
2360,40,1536.5863365140622,purchase,dev_2360,addr_2360
2361,31,661.2258626412232,purchase,dev_2361,addr_2361
2361,39,661.2258626412232,return,dev_2361,addr_2361
2362,27,864.9222794234545,purchase,dev_2362,addr_2362
2362,41,1792.5683544994715,purchase,dev_2362,addr_2362
2362,46,1894.4592023140883,purchase,dev_2362,addr_2362
2362,65,1693.0190631561568,purchase,dev_2362,addr_2362
2362,79,581.2630505343268,purchase,dev_2362,addr_2362
2362,83,951.0816787945657,purchase,dev_2362,addr_2362
2362,101,1577.1065307239605,purchase,dev_2362,addr_2362
2363,8,2279.871332910032,purchase,dev_2363,addr_2363
2363,12,734.8454841021367,purchase,dev_2363,addr_2363
2363,18,734.8454841021367,return,dev_2363,addr_2363
2363,33,912.4838208054309,purchase,dev_2363,addr_2363
2363,38,1355.8977032667508,purchase,dev_2363,addr_2363
2364,53,1308.380361437091,purchase,dev_2364,addr_2364
2364,58,1396.4792948096667,purchase,dev_2364,addr_2364
2364,65,718.5810728162697,purchase,dev_2364,addr_2364
2364,70,2051.615139110832,purchase,dev_2364,addr_2364
2365,46,2302.004870991656,purchase,dev_2365,addr_2365
2365,52,2714.347335802729,purchase,dev_2365,addr_2365
2365,75,1909.2767994406752,purchase,dev_2365,addr_2365
2365,92,1647.5763427071583,purchase,dev_2365,addr_2365
2366,30,943.1445785322023,purchase,dev_2366,addr_2366
2366,38,1710.2633092542653,purchase,dev_2366,addr_2366
2367,42,3678.0872962331096,purchase,dev_2367,addr_2367
2367,62,816.1889722720573,purchase,dev_2367,addr_2367
2367,73,1919.9363681806278,purchase,dev_2367,addr_2367
2367,76,733.3380765582449,purchase,dev_2367,addr_2367
2368,31,1036.3749300172838,purchase,dev_2368,addr_2368
2368,53,1131.6031989909047,purchase,dev_2368,addr_2368
2368,72,1162.0282899003637,purchase,dev_2368,addr_2368
2369,66,588.3772280423069,purchase,dev_2369,addr_2369
2369,84,1540.5426728831626,purchase,dev_2369,addr_2369
2369,89,1299.2849966126194,purchase,dev_2369,addr_2369
2370,56,1137.367568312792,purchase,dev_2370,addr_2370
2370,64,487.53728311662184,purchase,dev_2370,addr_2370
2370,81,2053.5161430976764,purchase,dev_2370,addr_2370
2370,96,2686.067551206987,purchase,dev_2370,addr_2370
2370,109,996.213025938376,purchase,dev_2370,addr_2370
2371,21,1804.152849774538,purchase,dev_2371,addr_2371
2371,28,1804.152849774538,return,dev_2371,addr_2371
2371,28,1571.8432839612221,purchase,dev_2371,addr_2371
2371,42,4506.7458268356795,purchase,dev_2371,addr_2371
2371,45,4506.7458268356795,return,dev_2371,addr_2371
2371,54,2074.931277763983,purchase,dev_2371,addr_2371
2372,57,593.1426706406721,purchase,dev_2372,addr_2372
2372,72,1575.6607065595415,purchase,dev_2372,addr_2372
2372,76,1637.2474743774196,purchase,dev_2372,addr_2372
2372,84,1496.644706121817,purchase,dev_2372,addr_2372
2372,106,955.5157775267228,purchase,dev_2372,addr_2372
2373,32,2292.159153880387,purchase,dev_2373,addr_2373
2373,50,1332.0585004062336,purchase,dev_2373,addr_2373
2373,65,1185.9961650383711,purchase,dev_2373,addr_2373
2373,78,1339.6379335411912,purchase,dev_2373,addr_2373
2374,42,914.8405787882155,purchase,dev_2374,addr_2374
2375,27,1694.5542711449564,purchase,dev_2375,addr_2375
2375,37,2173.3765750673992,purchase,dev_2375,addr_2375
2375,47,1606.5043372754997,purchase,dev_2375,addr_2375
2375,70,1842.0594872930267,purchase,dev_2375,addr_2375
2376,37,936.9464450532782,purchase,dev_2376,addr_2376
2376,44,1790.5967810612387,purchase,dev_2376,addr_2376
2376,66,797.4940495956688,purchase,dev_2376,addr_2376
2377,11,1883.059695810314,purchase,dev_2377,addr_2377
2377,19,1025.3329705964406,purchase,dev_2377,addr_2377
2377,42,2232.9170061118466,purchase,dev_2377,addr_2377
2377,57,1623.589671828921,purchase,dev_2377,addr_2377
2377,67,1269.9558122972855,purchase,dev_2377,addr_2377
2378,18,2008.6860402113093,purchase,dev_2378,addr_2378
2378,35,1966.4865400184049,purchase,dev_2378,addr_2378
2378,47,1082.5158844531963,purchase,dev_2378,addr_2378
2379,14,934.8465995190384,purchase,dev_2379,addr_2379
2379,27,1749.825595895787,purchase,dev_2379,addr_2379
2380,25,605.6539475945518,purchase,dev_2380,addr_2380
2380,36,2300.9066715847603,purchase,dev_2380,addr_2380
2380,59,1001.2696041050348,purchase,dev_2380,addr_2380
2380,65,4396.216807207751,purchase,dev_2380,addr_2380
2381,28,1066.276478056338,purchase,dev_2381,addr_2381
2381,43,1378.8067259343998,purchase,dev_2381,addr_2381
2381,49,1182.0236019198242,purchase,dev_2381,addr_2381
2381,67,1612.2240511377313,purchase,dev_2381,addr_2381
2381,83,2077.0748792333625,purchase,dev_2381,addr_2381
2381,96,1974.537582900374,purchase,dev_2381,addr_2381
2381,101,1974.537582900374,return,dev_2381,addr_2381
2382,83,3424.6735967462755,purchase,dev_2382,addr_2382
2383,46,1604.3340746482893,purchase,dev_2383,addr_2383
2383,61,1693.5335436413682,purchase,dev_2383,addr_2383
2383,83,1323.9139247082255,purchase,dev_2383,addr_2383
2384,16,2399.9427988140333,purchase,dev_2384,addr_2384
2384,23,1145.5150120518,purchase,dev_2384,addr_2384
2385,42,1191.527941030534,purchase,dev_2385,addr_2385
2385,62,5238.9896635861905,purchase,dev_2385,addr_2385
2385,85,1511.2047058748533,purchase,dev_2385,addr_2385
2385,108,1512.9701748931218,purchase,dev_2385,addr_2385
2385,129,1428.2032707498572,purchase,dev_2385,addr_2385
2385,152,1085.6267485346204,purchase,dev_2385,addr_2385
2386,56,1682.9169731607963,purchase,dev_2386,addr_2386
2386,61,771.8472890778357,purchase,dev_2386,addr_2386
2387,62,1461.272467274016,purchase,dev_2387,addr_2387
2387,67,1037.1943442670408,purchase,dev_2387,addr_2387
2387,87,877.8657574672196,purchase,dev_2387,addr_2387
2387,100,1011.5281127031844,purchase,dev_2387,addr_2387
2387,105,1011.5281127031844,return,dev_2387,addr_2387
2387,118,794.5929969484434,purchase,dev_2387,addr_2387
2387,138,918.2916644124964,purchase,dev_2387,addr_2387
2388,68,808.5246460475881,purchase,dev_2388,addr_2388
2388,88,2193.218304770683,purchase,dev_2388,addr_2388
2388,104,2470.117005072566,purchase,dev_2388,addr_2388
2389,14,590.060412067664,purchase,dev_2389,addr_2389
2389,17,1386.674362599358,purchase,dev_2389,addr_2389
2389,28,1262.9394007828569,purchase,dev_2389,addr_2389
2389,48,1008.9792560673126,purchase,dev_2389,addr_2389
2390,28,2199.955131952504,purchase,dev_2390,addr_2390
2390,51,1073.6560610411686,purchase,dev_2390,addr_2390
2390,56,1657.0834022812646,purchase,dev_2390,addr_2390
2390,72,1439.5042749579898,purchase,dev_2390,addr_2390
2390,77,875.0405899508371,purchase,dev_2390,addr_2390
2390,96,2540.9939495808094,purchase,dev_2390,addr_2390
2390,101,2540.9939495808094,return,dev_2390,addr_2390
2391,31,738.4829603118131,purchase,dev_2391,addr_2391
2391,52,1011.2154340796521,purchase,dev_2391,addr_2391
2391,60,1011.2154340796521,return,dev_2391,addr_2391
2391,62,2265.35104529263,purchase,dev_2391,addr_2391
2391,74,1264.3496828010398,purchase,dev_2391,addr_2391
2391,91,1217.8556750916966,purchase,dev_2391,addr_2391
2391,95,1728.2103012966838,purchase,dev_2391,addr_2391
2392,35,770.2102716302353,purchase,dev_2392,addr_2392
2392,55,2301.17012348165,purchase,dev_2392,addr_2392
2392,58,1338.0586764986783,purchase,dev_2392,addr_2392
2392,72,2081.5039091126228,purchase,dev_2392,addr_2392
2393,61,957.7866310040044,purchase,dev_2393,addr_2393
2393,68,671.1258124987714,purchase,dev_2393,addr_2393
2393,82,1752.9352290954776,purchase,dev_2393,addr_2393
2393,88,1511.5414601131865,purchase,dev_2393,addr_2393
2394,35,1874.380236240849,purchase,dev_2394,addr_2394
2394,45,827.5052724947274,purchase,dev_2394,addr_2394
2394,59,1354.0254569304395,purchase,dev_2394,addr_2394
2394,64,1354.0254569304395,return,dev_2394,addr_2394
2394,82,1665.05992151919,purchase,dev_2394,addr_2394
2394,104,1249.0435383175914,purchase,dev_2394,addr_2394
2395,30,1586.0754076280728,purchase,dev_2395,addr_2395
2395,38,2364.7633164852978,purchase,dev_2395,addr_2395
2396,27,1864.818829943066,purchase,dev_2396,addr_2396
2396,44,1035.1669106187458,purchase,dev_2396,addr_2396
2396,67,2022.5047952754417,purchase,dev_2396,addr_2396
2397,32,379.5894141777794,purchase,dev_2397,addr_2397
2397,50,975.3731014341354,purchase,dev_2397,addr_2397
2398,22,2472.8230033202976,purchase,dev_2398,addr_2398
2398,44,1389.6056371958716,purchase,dev_2398,addr_2398
2399,37,1087.5827899253957,purchase,dev_2399,addr_2399
2399,49,614.5526937571942,purchase,dev_2399,addr_2399
2400,59,1040.154943263705,purchase,dev_2400,addr_2400
2400,73,739.3699723713347,purchase,dev_2400,addr_2400
2400,95,1525.8868026074397,purchase,dev_2400,addr_2400
2400,101,1374.2291890640677,purchase,dev_2400,addr_2400
2400,125,3149.8798867687087,purchase,dev_2400,addr_2400
2400,137,1011.5851325635496,purchase,dev_2400,addr_2400
2400,148,975.4629459084131,purchase,dev_2400,addr_2400
2401,17,1565.1620582271366,purchase,dev_2401,addr_2401
2401,40,816.7495020303437,purchase,dev_2401,addr_2401
2401,55,1133.9050543919318,purchase,dev_2401,addr_2401
2401,62,796.0560751849215,purchase,dev_2401,addr_2401
2401,75,1242.7607505925944,purchase,dev_2401,addr_2401
2401,91,1589.971578862437,purchase,dev_2401,addr_2401
2401,101,1510.2352219522734,purchase,dev_2401,addr_2401
2402,67,1475.2269250171303,purchase,dev_2402,addr_2402
2402,91,1926.0537428037333,purchase,dev_2402,addr_2402
2402,98,1926.0537428037333,return,dev_2402,addr_2402
2402,98,2867.100833157542,purchase,dev_2402,addr_2402
2403,50,963.0628727050935,purchase,dev_2403,addr_2403
2403,70,2177.678992068453,purchase,dev_2403,addr_2403
2403,86,887.6709035205679,purchase,dev_2403,addr_2403
2403,97,1139.2246505465675,purchase,dev_2403,addr_2403
2403,114,1588.782929105273,purchase,dev_2403,addr_2403
2403,117,2206.8611444330463,purchase,dev_2403,addr_2403
2404,53,1240.475647426935,purchase,dev_2404,addr_2404
2404,68,998.6113737455586,purchase,dev_2404,addr_2404
2404,73,955.1590181102201,purchase,dev_2404,addr_2404
2404,94,542.6154962078363,purchase,dev_2404,addr_2404
2404,117,906.0574638601124,purchase,dev_2404,addr_2404
2405,52,1095.8244868003287,purchase,dev_2405,addr_2405
2405,69,2399.4595165849832,purchase,dev_2405,addr_2405
2405,75,1219.754238784867,purchase,dev_2405,addr_2405
2405,89,553.3496353733179,purchase,dev_2405,addr_2405
2406,27,1812.378108049259,purchase,dev_2406,addr_2406
2406,33,1278.0750685870075,purchase,dev_2406,addr_2406
2406,46,1848.9744897933933,purchase,dev_2406,addr_2406
2406,53,2224.6845027597774,purchase,dev_2406,addr_2406
2406,68,574.6735207649463,purchase,dev_2406,addr_2406
2407,55,511.5581329385436,purchase,dev_2407,addr_2407
2407,76,1864.045755118925,purchase,dev_2407,addr_2407
2407,95,1055.8456161764352,purchase,dev_2407,addr_2407
2408,23,2250.9541651643017,purchase,dev_2408,addr_2408
2408,44,2032.5544941964495,purchase,dev_2408,addr_2408
2408,60,1190.5327654188754,purchase,dev_2408,addr_2408
2409,37,2513.4621550302636,purchase,dev_2409,addr_2409
2409,52,1270.9635797378828,purchase,dev_2409,addr_2409
2409,55,1270.9635797378828,return,dev_2409,addr_2409
2409,71,1304.1064118730858,purchase,dev_2409,addr_2409
2409,82,892.4646201991336,purchase,dev_2409,addr_2409
2409,98,3099.7668892871934,purchase,dev_2409,addr_2409
2409,100,3099.7668892871934,return,dev_2409,addr_2409
2410,24,1471.0540793686703,purchase,dev_2410,addr_2410
2410,34,1255.8377073679676,purchase,dev_2410,addr_2410
2410,51,1763.430081219425,purchase,dev_2410,addr_2410
2410,68,1351.0984340120758,purchase,dev_2410,addr_2410
2410,87,1003.1547653348831,purchase,dev_2410,addr_2410
2410,108,1553.4886427962947,purchase,dev_2410,addr_2410
2411,21,1103.6850131879935,purchase,dev_2411,addr_2411
2411,45,756.326649334629,purchase,dev_2411,addr_2411
2411,67,536.5074088004293,purchase,dev_2411,addr_2411
2411,69,536.5074088004293,return,dev_2411,addr_2411
2411,90,1609.0463807864041,purchase,dev_2411,addr_2411
2411,108,1023.0069390922226,purchase,dev_2411,addr_2411
2411,118,2849.0477629149814,purchase,dev_2411,addr_2411
2412,43,1833.7809700565817,purchase,dev_2412,addr_2412
2412,56,784.1488494885583,purchase,dev_2412,addr_2412
2412,70,1148.271866703425,purchase,dev_2412,addr_2412
2412,86,3883.4310012668966,purchase,dev_2412,addr_2412
2413,62,2831.311323503486,purchase,dev_2413,addr_2413
2413,68,1399.479640868921,purchase,dev_2413,addr_2413
2414,18,1534.5575111408743,purchase,dev_2414,addr_2414
2414,30,561.9439756692752,purchase,dev_2414,addr_2414
2415,75,1015.8960129859839,purchase,dev_2415,addr_2415
2415,84,1218.3950856238152,purchase,dev_2415,addr_2415
2415,106,731.4272785506525,purchase,dev_2415,addr_2415
2416,52,1274.8743778328035,purchase,dev_2416,addr_2416
2416,58,1905.018589835921,purchase,dev_2416,addr_2416
2416,70,691.9130820529916,purchase,dev_2416,addr_2416
2416,87,922.6308419555313,purchase,dev_2416,addr_2416
2417,42,2291.3338395838223,purchase,dev_2417,addr_2417
2417,53,2143.438229111085,purchase,dev_2417,addr_2417
2417,56,1786.7016327754386,purchase,dev_2417,addr_2417
2417,63,893.7157577799126,purchase,dev_2417,addr_2417
2418,35,955.3060809335857,purchase,dev_2418,addr_2418
2418,45,2342.322815353062,purchase,dev_2418,addr_2418
2418,56,3022.801427709199,purchase,dev_2418,addr_2418
2418,62,2638.3149187031477,purchase,dev_2418,addr_2418
2418,73,1821.8238365799966,purchase,dev_2418,addr_2418
2418,77,1177.6370334379,purchase,dev_2418,addr_2418
2418,101,2002.5409453976852,purchase,dev_2418,addr_2418
2419,24,882.8944086777411,purchase,dev_2419,addr_2419
2419,40,1841.6955202948282,purchase,dev_2419,addr_2419
2419,62,1907.4576288534602,purchase,dev_2419,addr_2419
2419,83,1681.29776955576,purchase,dev_2419,addr_2419
2419,90,1456.2814588844847,purchase,dev_2419,addr_2419
2419,108,1798.9521754235163,purchase,dev_2419,addr_2419
2420,25,3017.4164706839583,purchase,dev_2420,addr_2420
2420,39,1632.3844971368123,purchase,dev_2420,addr_2420
2420,42,649.1508555977756,purchase,dev_2420,addr_2420
2421,36,1205.9367036540393,purchase,dev_2421,addr_2421
2421,48,1107.6534031393023,purchase,dev_2421,addr_2421
2421,54,1519.0359330564595,purchase,dev_2421,addr_2421
2421,62,2281.1568450185055,purchase,dev_2421,addr_2421
2421,79,1636.711853072604,purchase,dev_2421,addr_2421
2421,87,1636.711853072604,return,dev_2421,addr_2421
2422,53,1023.0484140363632,purchase,dev_2422,addr_2422
2422,61,778.9492765319678,purchase,dev_2422,addr_2422
2422,82,592.4556674334848,purchase,dev_2422,addr_2422
2422,106,1968.6043371177768,purchase,dev_2422,addr_2422
2422,123,1558.6026745733766,purchase,dev_2422,addr_2422
2422,126,1861.2973812906378,purchase,dev_2422,addr_2422
2422,147,2317.7673464914474,purchase,dev_2422,addr_2422
2423,68,606.7397813006031,purchase,dev_2423,addr_2423
2423,72,966.7987266177594,purchase,dev_2423,addr_2423
2423,93,1903.0820650665257,purchase,dev_2423,addr_2423
2423,111,969.0287803781539,purchase,dev_2423,addr_2423
2423,116,460.11101069032054,purchase,dev_2423,addr_2423
2424,65,1012.9287390560079,purchase,dev_2424,addr_2424
2424,69,1012.9287390560079,return,dev_2424,addr_2424
2424,72,1128.2512230841057,purchase,dev_2424,addr_2424
2424,93,815.5574388816228,purchase,dev_2424,addr_2424
2424,98,1160.1768880324983,purchase,dev_2424,addr_2424
2424,102,1432.9439860641028,purchase,dev_2424,addr_2424
2424,105,1140.073095261788,purchase,dev_2424,addr_2424
2425,63,810.9477942253768,purchase,dev_2425,addr_2425
2425,80,1933.3342580935864,purchase,dev_2425,addr_2425
2425,98,3097.4586493664715,purchase,dev_2425,addr_2425
2425,112,1520.0461283810275,purchase,dev_2425,addr_2425
2425,124,878.3981247814844,purchase,dev_2425,addr_2425
2425,138,1969.8613717097055,purchase,dev_2425,addr_2425
2425,146,2183.499499985068,purchase,dev_2425,addr_2425
2426,30,1333.3226688837462,purchase,dev_2426,addr_2426
2426,34,798.1656724886177,purchase,dev_2426,addr_2426
2426,39,1124.502692222234,purchase,dev_2426,addr_2426
2426,59,1778.9085402430662,purchase,dev_2426,addr_2426
2427,39,1204.9180129394108,purchase,dev_2427,addr_2427
2427,58,1396.4613822434364,purchase,dev_2427,addr_2427
2427,79,905.839791219888,purchase,dev_2427,addr_2427
2427,101,1679.966222633272,purchase,dev_2427,addr_2427
2428,20,2488.7063002327463,purchase,dev_2428,addr_2428
2428,30,1987.5035028058824,purchase,dev_2428,addr_2428
2428,43,1783.8922016442666,purchase,dev_2428,addr_2428
2428,52,3904.935424096072,purchase,dev_2428,addr_2428
2429,52,1515.0611456080364,purchase,dev_2429,addr_2429
2429,72,2373.192508432687,purchase,dev_2429,addr_2429
2430,63,2356.650890401037,purchase,dev_2430,addr_2430
2430,80,3633.2565377446394,purchase,dev_2430,addr_2430
2430,100,2500.593531534313,purchase,dev_2430,addr_2430
2430,114,920.6487735033646,purchase,dev_2430,addr_2430
2431,48,464.73859983403975,purchase,dev_2431,addr_2431
2431,54,1082.718272081711,purchase,dev_2431,addr_2431
2431,74,936.54688525896,purchase,dev_2431,addr_2431
2431,85,922.4422991238864,purchase,dev_2431,addr_2431
2431,94,805.1707296991854,purchase,dev_2431,addr_2431
2431,98,1744.78694195109,purchase,dev_2431,addr_2431
2432,24,1431.4700389544728,purchase,dev_2432,addr_2432
2432,43,1397.5665923275135,purchase,dev_2432,addr_2432
2432,59,2943.3675613071455,purchase,dev_2432,addr_2432
2433,76,920.6564023673699,purchase,dev_2433,addr_2433
2433,86,517.8148265708202,purchase,dev_2433,addr_2433
2433,108,1418.6300775488194,purchase,dev_2433,addr_2433
2434,28,2337.1940106699344,purchase,dev_2434,addr_2434
2434,43,2012.7979937479038,purchase,dev_2434,addr_2434
2434,62,2735.9944490993103,purchase,dev_2434,addr_2434
2434,68,2735.9944490993103,return,dev_2434,addr_2434
2435,50,1149.4634055149995,purchase,dev_2435,addr_2435
2435,71,1303.265750340106,purchase,dev_2435,addr_2435
2435,91,1311.2572707660988,purchase,dev_2435,addr_2435
2435,107,1133.8750053378735,purchase,dev_2435,addr_2435
2435,129,771.9290943458348,purchase,dev_2435,addr_2435
2435,135,771.9290943458348,return,dev_2435,addr_2435
2436,47,1058.078709892522,purchase,dev_2436,addr_2436
2436,68,757.3548089979945,purchase,dev_2436,addr_2436
2436,79,837.8915957137891,purchase,dev_2436,addr_2436
2436,95,1052.7482285229266,purchase,dev_2436,addr_2436
2436,116,376.2047016207051,purchase,dev_2436,addr_2436
2436,126,1037.0029183124113,purchase,dev_2436,addr_2436
2436,150,2665.408325907203,purchase,dev_2436,addr_2436
2437,62,2020.7215864801883,purchase,dev_2437,addr_2437
2437,86,702.4555553910571,purchase,dev_2437,addr_2437
2437,100,970.8714687784691,purchase,dev_2437,addr_2437
2437,104,1474.3457469632742,purchase,dev_2437,addr_2437
2437,128,1335.0730557762206,purchase,dev_2437,addr_2437
2437,139,1510.7427105680813,purchase,dev_2437,addr_2437
2437,150,1452.0889869246644,purchase,dev_2437,addr_2437
2438,67,1176.8221437324312,purchase,dev_2438,addr_2438
2438,74,1322.8505436438238,purchase,dev_2438,addr_2438
2438,87,2016.7748677340478,purchase,dev_2438,addr_2438
2439,72,1253.7657179127757,purchase,dev_2439,addr_2439
2439,90,1132.3691101430927,purchase,dev_2439,addr_2439
2439,108,2162.040280908472,purchase,dev_2439,addr_2439
2439,113,1861.7759719378766,purchase,dev_2439,addr_2439
2440,64,3132.2989205421236,purchase,dev_2440,addr_2440
2440,70,2189.5819925823407,purchase,dev_2440,addr_2440
2440,88,3491.8537893822727,purchase,dev_2440,addr_2440
2441,62,1339.544162976896,purchase,dev_2441,addr_2441
2442,24,419.0877128708492,purchase,dev_2442,addr_2442
2442,41,1227.400786126217,purchase,dev_2442,addr_2442
2442,49,884.4278776098779,purchase,dev_2442,addr_2442
2443,68,1303.4529360595527,purchase,dev_2443,addr_2443
2443,80,1184.205749889391,purchase,dev_2443,addr_2443
2443,96,2418.312257343196,purchase,dev_2443,addr_2443
2443,118,968.6775889141663,purchase,dev_2443,addr_2443
2444,5,1153.6019183394865,purchase,dev_2444,addr_2444
2444,20,1134.7404635075081,purchase,dev_2444,addr_2444
2444,26,1358.1255186254343,purchase,dev_2444,addr_2444
2444,35,1358.1255186254343,return,dev_2444,addr_2444
2444,44,2150.544941394758,purchase,dev_2444,addr_2444
2445,4,1137.6886770032806,purchase,dev_2445,addr_2445
2445,25,1129.2204928656001,purchase,dev_2445,addr_2445
2445,33,764.6469546317597,purchase,dev_2445,addr_2445
2445,51,632.0133253851524,purchase,dev_2445,addr_2445
2446,32,578.1464512452079,purchase,dev_2446,addr_2446
2446,52,1560.1260014975003,purchase,dev_2446,addr_2446
2447,46,685.542756010666,purchase,dev_2447,addr_2447
2447,53,1998.898498943852,purchase,dev_2447,addr_2447
2448,24,949.206262182802,purchase,dev_2448,addr_2448
2448,39,2215.3745101129134,purchase,dev_2448,addr_2448
2448,46,2215.3745101129134,return,dev_2448,addr_2448
2448,56,2254.009965737542,purchase,dev_2448,addr_2448
2448,79,1035.8484122432146,purchase,dev_2448,addr_2448
2448,99,1977.004457620264,purchase,dev_2448,addr_2448
2449,28,2003.1353737082334,purchase,dev_2449,addr_2449
2449,35,844.2982638131474,purchase,dev_2449,addr_2449
2450,55,932.7758544709704,purchase,dev_2450,addr_2450
2450,67,938.2053827016988,purchase,dev_2450,addr_2450
2450,72,1567.281736129903,purchase,dev_2450,addr_2450
2451,49,929.8642298903742,purchase,dev_2451,addr_2451
2451,67,405.20221294415575,purchase,dev_2451,addr_2451
2451,78,1612.6609981160834,purchase,dev_2451,addr_2451
2451,84,578.7827488603284,purchase,dev_2451,addr_2451
2451,102,1495.3485181761516,purchase,dev_2451,addr_2451
2451,109,1065.2104929603574,purchase,dev_2451,addr_2451
2451,129,1145.0759747272411,purchase,dev_2451,addr_2451
2452,43,1349.024418930142,purchase,dev_2452,addr_2452
2452,56,3429.0530552756227,purchase,dev_2452,addr_2452
2452,64,1133.1850842218214,purchase,dev_2452,addr_2452
2453,38,3242.375318550146,purchase,dev_2453,addr_2453
2453,42,537.8008395535084,purchase,dev_2453,addr_2453
2453,59,1140.3191335471947,purchase,dev_2453,addr_2453
2453,67,802.3765084515234,purchase,dev_2453,addr_2453
2454,37,952.6229998065719,purchase,dev_2454,addr_2454
2454,40,2629.720390436952,purchase,dev_2454,addr_2454
2454,58,1592.0992793043213,purchase,dev_2454,addr_2454
2454,63,3339.8379976112924,purchase,dev_2454,addr_2454
2454,87,1525.8498671228213,purchase,dev_2454,addr_2454
2455,79,590.7344555420718,purchase,dev_2455,addr_2455
2455,82,1969.7589713980044,purchase,dev_2455,addr_2455
2455,85,2048.845992014406,purchase,dev_2455,addr_2455
2455,101,1886.2172526402874,purchase,dev_2455,addr_2455
2455,124,1271.3888473752725,purchase,dev_2455,addr_2455
2455,135,1128.3601588546505,purchase,dev_2455,addr_2455
2455,138,2090.543095379896,purchase,dev_2455,addr_2455
2455,162,1603.4843453659757,purchase,dev_2455,addr_2455
2456,52,1446.908658730186,purchase,dev_2456,addr_2456
2456,60,1081.5620887607781,purchase,dev_2456,addr_2456
2456,71,2672.585809985062,purchase,dev_2456,addr_2456
2456,82,823.5867694735554,purchase,dev_2456,addr_2456
2457,42,673.125680539149,purchase,dev_2457,addr_2457
2457,64,1816.800001829627,purchase,dev_2457,addr_2457
2457,85,7002.55010628648,purchase,dev_2457,addr_2457
2458,50,1614.7044149404353,purchase,dev_2458,addr_2458
2458,73,3140.0429178154645,purchase,dev_2458,addr_2458
2458,81,1325.9869700026943,purchase,dev_2458,addr_2458
2458,86,1285.177097136814,purchase,dev_2458,addr_2458
2458,103,2771.903768922269,purchase,dev_2458,addr_2458
2458,115,1646.8490749515308,purchase,dev_2458,addr_2458
2459,50,2561.303195393944,purchase,dev_2459,addr_2459
2459,62,3113.3940740473727,purchase,dev_2459,addr_2459
2459,70,858.0454736473928,purchase,dev_2459,addr_2459
2459,80,1380.277371070989,purchase,dev_2459,addr_2459
2459,96,3093.5878001969604,purchase,dev_2459,addr_2459
2459,104,1978.0767087180823,purchase,dev_2459,addr_2459
2459,110,1978.0767087180823,return,dev_2459,addr_2459
2460,11,1619.101816853042,purchase,dev_2460,addr_2460
2460,34,660.7214066420186,purchase,dev_2460,addr_2460
2460,38,1497.017943844271,purchase,dev_2460,addr_2460
2460,56,1162.7795919249932,purchase,dev_2460,addr_2460
2460,80,414.39880946627613,purchase,dev_2460,addr_2460
2461,68,2019.2219650378272,purchase,dev_2461,addr_2461
2461,85,548.9447248180805,purchase,dev_2461,addr_2461
2461,107,781.314736291311,purchase,dev_2461,addr_2461
2461,116,781.314736291311,return,dev_2461,addr_2461
2461,116,1276.5374632309629,purchase,dev_2461,addr_2461
2462,49,1233.6519648091657,purchase,dev_2462,addr_2462
2462,53,1485.999445744999,purchase,dev_2462,addr_2462
2463,55,1110.6130368572092,purchase,dev_2463,addr_2463
2463,65,1045.826616572768,purchase,dev_2463,addr_2463
2463,77,840.071273953683,purchase,dev_2463,addr_2463
2464,37,897.0513749458956,purchase,dev_2464,addr_2464
2464,55,427.7482419781423,purchase,dev_2464,addr_2464
2464,71,1627.2549479490767,purchase,dev_2464,addr_2464
2465,9,618.2146637706669,purchase,dev_2465,addr_2465
2465,20,1066.5301624601468,purchase,dev_2465,addr_2465
2465,27,1378.782259256976,purchase,dev_2465,addr_2465
2465,42,580.2737790410368,purchase,dev_2465,addr_2465
2465,62,1505.5344963834455,purchase,dev_2465,addr_2465
2466,45,727.2050957078035,purchase,dev_2466,addr_2466
2466,57,1350.3531997822527,purchase,dev_2466,addr_2466
2466,77,1357.8787181286366,purchase,dev_2466,addr_2466
2466,97,1533.2123877283434,purchase,dev_2466,addr_2466
2466,121,542.3908832978622,purchase,dev_2466,addr_2466
2466,131,985.3722871193386,purchase,dev_2466,addr_2466
2466,140,1393.9097260078256,purchase,dev_2466,addr_2466
2466,158,607.2749602060302,purchase,dev_2466,addr_2466
2467,37,1487.3658908601533,purchase,dev_2467,addr_2467
2467,59,3411.3544185561113,purchase,dev_2467,addr_2467
2467,65,839.3048510501654,purchase,dev_2467,addr_2467
2468,62,593.1418584050085,purchase,dev_2468,addr_2468
2468,65,593.1418584050085,return,dev_2468,addr_2468
2468,74,1887.415390936639,purchase,dev_2468,addr_2468
2468,79,1747.1440262248204,purchase,dev_2468,addr_2468
2468,102,1360.2676344794033,purchase,dev_2468,addr_2468
2468,104,1360.2676344794033,return,dev_2468,addr_2468
2469,78,1065.736330948148,purchase,dev_2469,addr_2469
2469,97,1365.7862684906756,purchase,dev_2469,addr_2469
2469,104,1365.7862684906756,return,dev_2469,addr_2469
2469,104,3786.788214816185,purchase,dev_2469,addr_2469
2469,123,1979.1291322505224,purchase,dev_2469,addr_2469
2469,138,1208.7759642599249,purchase,dev_2469,addr_2469
2470,69,2188.433708670352,purchase,dev_2470,addr_2470
2470,90,1243.1150246135082,purchase,dev_2470,addr_2470
2471,55,1542.8592056958705,purchase,dev_2471,addr_2471
2471,70,2665.620899291312,purchase,dev_2471,addr_2471
2471,73,1612.2416476468459,purchase,dev_2471,addr_2471
2472,73,2476.3577888895124,purchase,dev_2472,addr_2472
2472,79,1194.4308320692505,purchase,dev_2472,addr_2472
2472,88,1405.6637409268174,purchase,dev_2472,addr_2472
2472,91,829.199715167302,purchase,dev_2472,addr_2472
2472,113,1244.62859642407,purchase,dev_2472,addr_2472
2473,64,1614.3620596831595,purchase,dev_2473,addr_2473
2473,75,476.926719532017,purchase,dev_2473,addr_2473
2474,36,709.1176470617821,purchase,dev_2474,addr_2474
2474,51,1891.4945738128379,purchase,dev_2474,addr_2474
2474,64,986.55647293981,purchase,dev_2474,addr_2474
2474,76,493.384332637173,purchase,dev_2474,addr_2474
2474,87,1076.3113269509738,purchase,dev_2474,addr_2474
2474,100,1374.1880467465141,purchase,dev_2474,addr_2474
2475,47,2918.226991231816,purchase,dev_2475,addr_2475
2475,60,468.50561796329623,purchase,dev_2475,addr_2475
2475,64,942.9515912131815,purchase,dev_2475,addr_2475
2475,68,2160.0817244818745,purchase,dev_2475,addr_2475
2475,74,2160.0817244818745,return,dev_2475,addr_2475
2475,92,2179.0126620729197,purchase,dev_2475,addr_2475
2475,105,1973.0105143373821,purchase,dev_2475,addr_2475
2476,72,1272.980553797573,purchase,dev_2476,addr_2476
2476,95,897.3491914257493,purchase,dev_2476,addr_2476
2476,105,926.2262091495385,purchase,dev_2476,addr_2476
2477,23,2238.277526139091,purchase,dev_2477,addr_2477
2477,32,2154.5277861586146,purchase,dev_2477,addr_2477
2477,54,613.3444243908506,purchase,dev_2477,addr_2477
2477,60,613.3444243908506,return,dev_2477,addr_2477
2477,61,1033.434655658774,purchase,dev_2477,addr_2477
2477,82,2191.344551721923,purchase,dev_2477,addr_2477
2477,89,2191.344551721923,return,dev_2477,addr_2477
2478,52,1741.538737336237,purchase,dev_2478,addr_2478
2478,65,900.1956507125423,purchase,dev_2478,addr_2478
2478,72,1798.1319662328406,purchase,dev_2478,addr_2478
2478,86,4480.260998729516,purchase,dev_2478,addr_2478
2478,99,2949.1786944465416,purchase,dev_2478,addr_2478
2478,122,1681.3434906027517,purchase,dev_2478,addr_2478
2478,127,2197.25209384019,purchase,dev_2478,addr_2478
2478,139,1419.1832459340444,purchase,dev_2478,addr_2478
2479,15,1149.8208542788745,purchase,dev_2479,addr_2479
2479,25,1099.4094591304722,purchase,dev_2479,addr_2479
2479,46,1682.976949176827,purchase,dev_2479,addr_2479
2479,61,1791.6907356348481,purchase,dev_2479,addr_2479
2479,66,1585.7805042681878,purchase,dev_2479,addr_2479
2479,90,1851.6085023919018,purchase,dev_2479,addr_2479
2480,67,1705.8174634513095,purchase,dev_2480,addr_2480
2481,64,2605.1218768270937,purchase,dev_2481,addr_2481
2481,72,1357.7614624989262,purchase,dev_2481,addr_2481
2481,81,2480.689110578789,purchase,dev_2481,addr_2481
2482,30,1034.2793812459338,purchase,dev_2482,addr_2482
2482,34,1034.2793812459338,return,dev_2482,addr_2482
2482,54,1582.3428845918481,purchase,dev_2482,addr_2482
2482,66,6611.501209269708,purchase,dev_2482,addr_2482
2482,87,1439.3868747991867,purchase,dev_2482,addr_2482
2482,104,1289.84597939107,purchase,dev_2482,addr_2482
2483,63,3727.3963579612664,purchase,dev_2483,addr_2483
2483,79,700.1396707027814,purchase,dev_2483,addr_2483
2483,84,1736.3860539313134,purchase,dev_2483,addr_2483
2483,87,877.8058628423045,purchase,dev_2483,addr_2483
2483,97,1242.5234956542608,purchase,dev_2483,addr_2483
2483,113,3124.031539042552,purchase,dev_2483,addr_2483
2483,118,3124.031539042552,return,dev_2483,addr_2483
2484,73,2032.8071744769397,purchase,dev_2484,addr_2484
2484,85,1727.8738721090672,purchase,dev_2484,addr_2484
2485,38,3355.1815041499717,purchase,dev_2485,addr_2485
2485,41,837.5714534782556,purchase,dev_2485,addr_2485
2485,50,2250.6384833941806,purchase,dev_2485,addr_2485
2485,52,2250.6384833941806,return,dev_2485,addr_2485
2485,61,1695.0294155756933,purchase,dev_2485,addr_2485
2485,68,2108.415981540716,purchase,dev_2485,addr_2485
2485,81,1684.8521422339616,purchase,dev_2485,addr_2485
2485,86,2792.9044679129443,purchase,dev_2485,addr_2485
2486,52,2174.6685284285486,purchase,dev_2486,addr_2486
2486,74,1188.6694065456984,purchase,dev_2486,addr_2486
2486,84,1138.0028155588286,purchase,dev_2486,addr_2486
2486,101,2035.94556846592,purchase,dev_2486,addr_2486
2486,123,1434.6394489046947,purchase,dev_2486,addr_2486
2487,7,536.196342120347,purchase,dev_2487,addr_2487
2488,58,2370.794171907237,purchase,dev_2488,addr_2488
2488,75,1355.9247655081813,purchase,dev_2488,addr_2488
2488,95,1603.19697271617,purchase,dev_2488,addr_2488
2488,117,2262.9321888653712,purchase,dev_2488,addr_2488
2488,121,2079.1861544101725,purchase,dev_2488,addr_2488
2488,124,919.4678151720964,purchase,dev_2488,addr_2488
2488,141,1647.3232201671233,purchase,dev_2488,addr_2488
2488,150,1596.9215007399391,purchase,dev_2488,addr_2488
2488,172,524.4181177523698,purchase,dev_2488,addr_2488
2489,57,840.6773216312461,purchase,dev_2489,addr_2489
2489,68,1893.73849775116,purchase,dev_2489,addr_2489
2489,72,892.8235656742798,purchase,dev_2489,addr_2489
2490,48,1677.4506967635741,purchase,dev_2490,addr_2490
2490,68,1121.7498383253728,purchase,dev_2490,addr_2490
2490,89,580.4956915766862,purchase,dev_2490,addr_2490
2490,111,1242.615782163891,purchase,dev_2490,addr_2490
2490,132,1617.116406839374,purchase,dev_2490,addr_2490
2490,140,1244.9118045351975,purchase,dev_2490,addr_2490
2491,46,1951.059146583938,purchase,dev_2491,addr_2491
2491,64,2404.4981351841802,purchase,dev_2491,addr_2491
2491,88,1473.9400349425691,purchase,dev_2491,addr_2491
2491,106,1165.333003491713,purchase,dev_2491,addr_2491
2491,123,3568.9143794585048,purchase,dev_2491,addr_2491
2492,51,2468.9095670716556,purchase,dev_2492,addr_2492
2492,55,2468.9095670716556,return,dev_2492,addr_2492
2492,68,1005.9701650596948,purchase,dev_2492,addr_2492
2492,92,870.5222895606232,purchase,dev_2492,addr_2492
2492,99,400.11188905349957,purchase,dev_2492,addr_2492
2492,103,1283.275739151595,purchase,dev_2492,addr_2492
2492,107,822.6835334584957,purchase,dev_2492,addr_2492
2492,127,1779.642431052068,purchase,dev_2492,addr_2492
2492,132,1755.54014831271,purchase,dev_2492,addr_2492
2493,57,996.0056877209366,purchase,dev_2493,addr_2493
2493,70,911.2812422636656,purchase,dev_2493,addr_2493
2493,77,5279.418830387041,purchase,dev_2493,addr_2493
2493,96,1054.9078659459676,purchase,dev_2493,addr_2493
2494,75,3388.543612410545,purchase,dev_2494,addr_2494
2494,95,1066.4972740350543,purchase,dev_2494,addr_2494
2495,73,1712.541261024137,purchase,dev_2495,addr_2495
2495,89,3628.816070861309,purchase,dev_2495,addr_2495
2495,112,2044.6862594962006,purchase,dev_2495,addr_2495
2495,123,1415.7274303360155,purchase,dev_2495,addr_2495
2495,138,702.1860750382658,purchase,dev_2495,addr_2495
2495,147,1290.2936978181908,purchase,dev_2495,addr_2495
2495,153,1290.2936978181908,return,dev_2495,addr_2495
2496,61,1669.8986665372724,purchase,dev_2496,addr_2496
2496,70,2010.596396664823,purchase,dev_2496,addr_2496
2496,86,1607.364082190935,purchase,dev_2496,addr_2496
2496,99,1172.7024138615943,purchase,dev_2496,addr_2496
2496,117,3500.911132982814,purchase,dev_2496,addr_2496
2497,16,523.6519648318675,purchase,dev_2497,addr_2497
2497,23,1146.9606041538648,purchase,dev_2497,addr_2497
2497,31,486.7159902820051,purchase,dev_2497,addr_2497
2497,35,2824.461812885137,purchase,dev_2497,addr_2497
2498,61,1726.671515328661,purchase,dev_2498,addr_2498
2498,66,1062.9264432958978,purchase,dev_2498,addr_2498
2499,41,1507.1460716909717,purchase,dev_2499,addr_2499
2499,52,1119.5128893953845,purchase,dev_2499,addr_2499
2499,59,2586.5105602488534,purchase,dev_2499,addr_2499
2499,83,647.6187925789446,purchase,dev_2499,addr_2499
2499,101,2824.969265934243,purchase,dev_2499,addr_2499
2499,116,2574.496988469534,purchase,dev_2499,addr_2499
2500,42,661.981208842808,purchase,dev_2500,addr_2500
2500,56,898.4951684440658,purchase,dev_2500,addr_2500
2500,70,578.5695539265682,purchase,dev_2500,addr_2500
2500,92,3515.60649006971,purchase,dev_2500,addr_2500
2500,97,998.9824277707007,purchase,dev_2500,addr_2500
2500,119,1437.8184647704375,purchase,dev_2500,addr_2500
2501,52,1225.3183973440616,purchase,dev_2501,addr_2501
2501,65,662.0485839601462,purchase,dev_2501,addr_2501
2501,81,2030.1945028319062,purchase,dev_2501,addr_2501
2501,86,1012.8664426091015,purchase,dev_2501,addr_2501
2502,19,2970.93032323067,purchase,dev_2502,addr_2502
2502,38,2178.452618933209,purchase,dev_2502,addr_2502
2503,17,1232.5927817536974,purchase,dev_2503,addr_2503
2503,21,3128.774103677546,purchase,dev_2503,addr_2503
2503,45,651.25626434847,purchase,dev_2503,addr_2503
2503,54,2163.242950370634,purchase,dev_2503,addr_2503
2503,73,1045.913823385167,purchase,dev_2503,addr_2503
2504,57,642.8195998512506,purchase,dev_2504,addr_2504
2505,28,1294.7027843153653,purchase,dev_2505,addr_2505
2505,52,1049.4935842795273,purchase,dev_2505,addr_2505
2505,66,1398.7107329604426,purchase,dev_2505,addr_2505
2505,80,1160.322404297519,purchase,dev_2505,addr_2505
2506,58,1752.1831246089087,purchase,dev_2506,addr_2506
2507,58,1833.7073223731113,purchase,dev_2507,addr_2507
2507,76,1709.166872264348,purchase,dev_2507,addr_2507
2507,89,2679.168503939627,purchase,dev_2507,addr_2507
2507,93,1092.2812128754408,purchase,dev_2507,addr_2507
2507,106,1311.6839104165442,purchase,dev_2507,addr_2507
2507,113,2156.0915444579186,purchase,dev_2507,addr_2507
2507,134,526.7989926792409,purchase,dev_2507,addr_2507
2508,31,1397.4102267803923,purchase,dev_2508,addr_2508
2508,54,638.8832856367493,purchase,dev_2508,addr_2508
2508,72,2189.0138219558326,purchase,dev_2508,addr_2508
2508,76,4012.824807918824,purchase,dev_2508,addr_2508
2509,61,664.2134197586806,purchase,dev_2509,addr_2509
2509,66,2341.321783549244,purchase,dev_2509,addr_2509
2509,75,1412.527991894271,purchase,dev_2509,addr_2509
2509,94,1485.5955055974005,purchase,dev_2509,addr_2509
2509,104,2486.1883491541894,purchase,dev_2509,addr_2509
2509,126,638.3700103679569,purchase,dev_2509,addr_2509
2509,136,854.3491784567684,purchase,dev_2509,addr_2509
2510,30,1931.651074139888,purchase,dev_2510,addr_2510
2511,46,1541.4760860006556,purchase,dev_2511,addr_2511
2511,65,1771.1274398722617,purchase,dev_2511,addr_2511
2511,70,642.3002409081639,purchase,dev_2511,addr_2511
2512,45,1510.8240950924114,purchase,dev_2512,addr_2512
2512,54,1705.7746589897622,purchase,dev_2512,addr_2512
2512,73,1482.1817577138427,purchase,dev_2512,addr_2512
2512,79,1482.1817577138427,return,dev_2512,addr_2512
2512,83,1240.0465457905686,purchase,dev_2512,addr_2512
2513,64,554.2946719453153,purchase,dev_2513,addr_2513
2513,68,3296.323881246885,purchase,dev_2513,addr_2513
2513,84,927.8908769078705,purchase,dev_2513,addr_2513
2513,95,1163.9833784335538,purchase,dev_2513,addr_2513
2513,112,4245.997307310404,purchase,dev_2513,addr_2513
2513,133,968.938504030841,purchase,dev_2513,addr_2513
2513,144,2044.6324843784396,purchase,dev_2513,addr_2513
2514,65,1476.457048225289,purchase,dev_2514,addr_2514
2514,81,1185.1183142415261,purchase,dev_2514,addr_2514
2515,12,794.7686551396021,purchase,dev_2515,addr_2515
2515,16,684.7146854298362,purchase,dev_2515,addr_2515
2515,25,1784.261035920785,purchase,dev_2515,addr_2515
2515,45,1071.0355912612163,purchase,dev_2515,addr_2515
2515,50,1500.6343538775739,purchase,dev_2515,addr_2515
2516,47,1353.0283969194784,purchase,dev_2516,addr_2516
2516,57,2265.1629000479516,purchase,dev_2516,addr_2516
2516,61,2265.1629000479516,return,dev_2516,addr_2516
2516,61,1676.3722030509823,purchase,dev_2516,addr_2516
2516,68,1676.3722030509823,return,dev_2516,addr_2516
2516,70,967.3704196275065,purchase,dev_2516,addr_2516
2516,76,1500.1380480692371,purchase,dev_2516,addr_2516
2517,32,1359.4328619397893,purchase,dev_2517,addr_2517
2517,45,935.6262434016022,purchase,dev_2517,addr_2517
2518,65,1232.5647381511774,purchase,dev_2518,addr_2518
2518,85,2619.490285215327,purchase,dev_2518,addr_2518
2518,109,2541.0609857849686,purchase,dev_2518,addr_2518
2518,120,1209.6798648280173,purchase,dev_2518,addr_2518
2518,138,1683.5126919301972,purchase,dev_2518,addr_2518
2519,47,3007.6192467960996,purchase,dev_2519,addr_2519
2519,56,3092.8896664972854,purchase,dev_2519,addr_2519
2519,72,1392.6794690358493,purchase,dev_2519,addr_2519
2519,94,526.1892715401765,purchase,dev_2519,addr_2519
2519,110,1115.397072031,purchase,dev_2519,addr_2519
2519,133,2750.2987027315726,purchase,dev_2519,addr_2519
2520,47,2342.1884014844036,purchase,dev_2520,addr_2520
2520,63,1707.9543414401153,purchase,dev_2520,addr_2520
2520,70,1707.9543414401153,return,dev_2520,addr_2520
2521,26,709.7658513689693,purchase,dev_2521,addr_2521
2521,42,1368.0678463239371,purchase,dev_2521,addr_2521
2521,63,856.0409642364314,purchase,dev_2521,addr_2521
2521,79,1273.7220036673207,purchase,dev_2521,addr_2521
2522,75,1714.6019482173092,purchase,dev_2522,addr_2522
2522,91,1094.816694653785,purchase,dev_2522,addr_2522
2522,96,797.476990041832,purchase,dev_2522,addr_2522
2522,118,1997.5248205393757,purchase,dev_2522,addr_2522
2523,60,422.8324478561715,purchase,dev_2523,addr_2523
2523,80,958.2474436144008,purchase,dev_2523,addr_2523
2523,104,1438.5055781527271,purchase,dev_2523,addr_2523
2523,108,1230.0009302013743,purchase,dev_2523,addr_2523
2524,51,1049.261004804432,purchase,dev_2524,addr_2524
2525,60,686.4226637518617,purchase,dev_2525,addr_2525
2525,63,1773.4906922721982,purchase,dev_2525,addr_2525
2526,62,1998.8096425685105,purchase,dev_2526,addr_2526
2526,82,1383.4304656521417,purchase,dev_2526,addr_2526
2526,98,786.0571001671444,purchase,dev_2526,addr_2526
2526,113,941.1120705129076,purchase,dev_2526,addr_2526
2526,125,1048.925880745735,purchase,dev_2526,addr_2526
2527,50,2421.372191779252,purchase,dev_2527,addr_2527
2527,65,1071.5532162441732,purchase,dev_2527,addr_2527
2527,81,1159.036316212312,purchase,dev_2527,addr_2527
2527,102,1367.5314373793976,purchase,dev_2527,addr_2527
2528,52,1976.8561548746093,purchase,dev_2528,addr_2528
2528,74,1447.1830115810242,purchase,dev_2528,addr_2528
2528,95,1172.002811944118,purchase,dev_2528,addr_2528
2529,36,516.867725013398,purchase,dev_2529,addr_2529
2529,53,3507.500578798506,purchase,dev_2529,addr_2529
2529,64,3401.759284336981,purchase,dev_2529,addr_2529
2530,32,1422.5321167074824,purchase,dev_2530,addr_2530
2530,44,1130.2617285614463,purchase,dev_2530,addr_2530
2530,48,1774.2230792161945,purchase,dev_2530,addr_2530
2530,70,1022.2426182896911,purchase,dev_2530,addr_2530
2531,63,2142.807533439765,purchase,dev_2531,addr_2531
2531,78,1637.023391442013,purchase,dev_2531,addr_2531
2532,42,1581.401677975616,purchase,dev_2532,addr_2532
2532,64,988.7818514026076,purchase,dev_2532,addr_2532
2532,68,1505.0250598106204,purchase,dev_2532,addr_2532
2532,70,988.7818514026076,return,dev_2532,addr_2532
2532,88,2585.22492951118,purchase,dev_2532,addr_2532
2533,28,1384.3094488970212,purchase,dev_2533,addr_2533
2533,45,1390.4063348171142,purchase,dev_2533,addr_2533
2533,68,617.0677970721916,purchase,dev_2533,addr_2533
2533,71,1585.6294569468068,purchase,dev_2533,addr_2533
2534,50,1468.7982789740493,purchase,dev_2534,addr_2534
2534,71,984.2999902219069,purchase,dev_2534,addr_2534
2534,90,1369.3973346255493,purchase,dev_2534,addr_2534
2535,20,1267.3683816455784,purchase,dev_2535,addr_2535
2535,24,1036.1015025732747,purchase,dev_2535,addr_2535
2535,34,2210.23356624121,purchase,dev_2535,addr_2535
2536,63,1924.0910596930755,purchase,dev_2536,addr_2536
2536,86,1520.9864408690664,purchase,dev_2536,addr_2536
2536,94,765.9692247420373,purchase,dev_2536,addr_2536
2536,111,1804.0343022710128,purchase,dev_2536,addr_2536
2537,25,2050.578988536039,purchase,dev_2537,addr_2537
2537,32,922.0083381811064,purchase,dev_2537,addr_2537
2537,49,3174.7225796430553,purchase,dev_2537,addr_2537
2537,57,962.3021376789,purchase,dev_2537,addr_2537
2538,24,1366.7808867317315,purchase,dev_2538,addr_2538
2538,41,2792.3782924184347,purchase,dev_2538,addr_2538
2538,62,1083.864192457206,purchase,dev_2538,addr_2538
2538,80,1965.3304411976667,purchase,dev_2538,addr_2538
2539,42,476.79170476546074,purchase,dev_2539,addr_2539
2539,66,616.1782428653556,purchase,dev_2539,addr_2539
2539,72,1070.892248265933,purchase,dev_2539,addr_2539
2540,17,2180.035761848777,purchase,dev_2540,addr_2540
2540,30,1073.251010520803,purchase,dev_2540,addr_2540
2540,47,3143.708727370355,purchase,dev_2540,addr_2540
2541,31,2939.115164064673,purchase,dev_2541,addr_2541
2542,18,1841.5241419126917,purchase,dev_2542,addr_2542
2542,23,978.4072209529568,purchase,dev_2542,addr_2542
2542,33,1651.3213095966364,purchase,dev_2542,addr_2542
2542,47,1907.1513400611323,purchase,dev_2542,addr_2542
2543,25,2743.488373791818,purchase,dev_2543,addr_2543
2543,46,1319.5013256755249,purchase,dev_2543,addr_2543
2543,50,1319.5013256755249,return,dev_2543,addr_2543
2543,53,2118.0518422581704,purchase,dev_2543,addr_2543
2544,17,1061.6345958236288,purchase,dev_2544,addr_2544
2544,33,2800.4446977071857,purchase,dev_2544,addr_2544
2544,44,375.3336136903824,purchase,dev_2544,addr_2544
2544,65,986.7902427768046,purchase,dev_2544,addr_2544
2545,41,2319.825836779654,purchase,dev_2545,addr_2545
2545,55,1322.6821018578564,purchase,dev_2545,addr_2545
2545,69,2392.535532860397,purchase,dev_2545,addr_2545
2546,5,2812.618106913657,purchase,dev_2546,addr_2546
2546,16,1188.803205630331,purchase,dev_2546,addr_2546
2547,47,805.0084908270787,purchase,dev_2547,addr_2547
2547,60,999.156540445239,purchase,dev_2547,addr_2547
2547,73,1078.649710226606,purchase,dev_2547,addr_2547
2547,84,1672.6739613931531,purchase,dev_2547,addr_2547
2548,69,1168.6759575671565,purchase,dev_2548,addr_2548
2548,84,1049.1965146310731,purchase,dev_2548,addr_2548
2549,29,1624.6766745553284,purchase,dev_2549,addr_2549
2549,38,706.5322505177705,purchase,dev_2549,addr_2549
2549,44,1856.5324006305805,purchase,dev_2549,addr_2549
2549,52,790.0905649433485,purchase,dev_2549,addr_2549
2549,60,1510.0742142560866,purchase,dev_2549,addr_2549
2549,65,1608.7538780341422,purchase,dev_2549,addr_2549
2549,69,1608.7538780341422,return,dev_2549,addr_2549
2550,67,1955.2976250358017,purchase,dev_2550,addr_2550
2550,72,1752.1775395638806,purchase,dev_2550,addr_2550
2550,90,2812.139900196049,purchase,dev_2550,addr_2550
2550,104,1185.9286857821837,purchase,dev_2550,addr_2550
2550,126,2529.7571696568,purchase,dev_2550,addr_2550
2550,141,2210.285654554218,purchase,dev_2550,addr_2550
2550,160,2195.736968428671,purchase,dev_2550,addr_2550
2550,178,1357.1969135843117,purchase,dev_2550,addr_2550
2551,53,1843.4649566371313,purchase,dev_2551,addr_2551
2551,71,1146.9970816572957,purchase,dev_2551,addr_2551
2551,77,1049.0439566861496,purchase,dev_2551,addr_2551
2551,89,2139.753047208214,purchase,dev_2551,addr_2551
2551,98,1707.8598058247746,purchase,dev_2551,addr_2551
2552,23,1568.5289576105165,purchase,dev_2552,addr_2552
2552,38,1072.1206472808065,purchase,dev_2552,addr_2552
2552,60,657.6481144057524,purchase,dev_2552,addr_2552
2552,69,1397.479684478456,purchase,dev_2552,addr_2552
2552,78,741.6989722657128,purchase,dev_2552,addr_2552
2553,35,2524.3658889192448,purchase,dev_2553,addr_2553
2553,46,1499.215649188498,purchase,dev_2553,addr_2553
2553,58,1381.0107514054116,purchase,dev_2553,addr_2553
2554,60,2088.9243626105126,purchase,dev_2554,addr_2554
2554,83,1907.5720476526442,purchase,dev_2554,addr_2554
2554,104,1204.4787077729054,purchase,dev_2554,addr_2554
2554,114,1101.1350386658814,purchase,dev_2554,addr_2554
2555,26,1436.8759953793385,purchase,dev_2555,addr_2555
2556,30,3120.8518420519736,purchase,dev_2556,addr_2556
2556,47,2774.719309972614,purchase,dev_2556,addr_2556
2556,60,1080.4614996375967,purchase,dev_2556,addr_2556
2556,67,813.1949977902979,purchase,dev_2556,addr_2556
2556,86,1145.1462253733496,purchase,dev_2556,addr_2556
2556,104,1428.1332686172161,purchase,dev_2556,addr_2556
2557,76,2318.712821364302,purchase,dev_2557,addr_2557
2557,79,1574.011778778954,purchase,dev_2557,addr_2557
2557,97,1023.0803135790813,purchase,dev_2557,addr_2557
2557,113,1941.531915787781,purchase,dev_2557,addr_2557
2558,25,1381.506827152896,purchase,dev_2558,addr_2558
2558,45,836.021159171834,purchase,dev_2558,addr_2558
2558,65,755.7502153726072,purchase,dev_2558,addr_2558
2559,62,751.7242795299595,purchase,dev_2559,addr_2559
2559,67,368.40956851932106,purchase,dev_2559,addr_2559
2559,74,2001.4505615547366,purchase,dev_2559,addr_2559
2560,39,1222.4239600601006,purchase,dev_2560,addr_2560
2560,44,1507.7812683222237,purchase,dev_2560,addr_2560
2560,53,950.5850129211449,purchase,dev_2560,addr_2560
2561,65,221.66885888610486,purchase,dev_2561,addr_2561
2562,54,1702.992851148394,purchase,dev_2562,addr_2562
2563,27,795.3085672997544,purchase,dev_2563,addr_2563
2563,38,1734.395591949019,purchase,dev_2563,addr_2563
2563,45,915.4270161802071,purchase,dev_2563,addr_2563
2563,54,1096.9499051667915,purchase,dev_2563,addr_2563
2563,57,609.140328125173,purchase,dev_2563,addr_2563
2563,81,2423.122480790909,purchase,dev_2563,addr_2563
2563,87,1365.7338100384839,purchase,dev_2563,addr_2563
2564,35,885.4023280008331,purchase,dev_2564,addr_2564
2564,46,1165.2614602881968,purchase,dev_2564,addr_2564
2564,66,1148.1090082473713,purchase,dev_2564,addr_2564
2564,83,1328.1134397276533,purchase,dev_2564,addr_2564
2564,103,919.7110466044252,purchase,dev_2564,addr_2564
2565,31,1842.352834238832,purchase,dev_2565,addr_2565
2565,39,889.9122792413648,purchase,dev_2565,addr_2565
2565,47,1701.5501980668078,purchase,dev_2565,addr_2565
2565,59,733.7955384446846,purchase,dev_2565,addr_2565
2566,33,703.0415365597345,purchase,dev_2566,addr_2566
2566,49,1156.7476585216496,purchase,dev_2566,addr_2566
2566,67,1261.4122910869394,purchase,dev_2566,addr_2566
2567,40,1540.9764251936974,purchase,dev_2567,addr_2567
2568,61,827.0927835490096,purchase,dev_2568,addr_2568
2568,64,1252.8056387989589,purchase,dev_2568,addr_2568
2568,70,1252.8056387989589,return,dev_2568,addr_2568
2568,84,792.5867155161769,purchase,dev_2568,addr_2568
2568,88,1175.0104543398584,purchase,dev_2568,addr_2568
2568,105,1293.7765729524565,purchase,dev_2568,addr_2568
2568,117,1603.7058649547494,purchase,dev_2568,addr_2568
2568,131,777.4576810177149,purchase,dev_2568,addr_2568
2568,135,703.5220504912434,purchase,dev_2568,addr_2568
2569,79,567.8072157950389,purchase,dev_2569,addr_2569
2569,83,567.8072157950389,return,dev_2569,addr_2569
2569,99,1282.6330671350404,purchase,dev_2569,addr_2569
2569,120,428.24808611791934,purchase,dev_2569,addr_2569
2570,39,924.7420210164798,purchase,dev_2570,addr_2570
2570,61,672.5820757356657,purchase,dev_2570,addr_2570
2570,65,790.775274877111,purchase,dev_2570,addr_2570
2570,82,1259.2956989405823,purchase,dev_2570,addr_2570
2571,56,998.9264121693317,purchase,dev_2571,addr_2571
2571,59,1967.603009977539,purchase,dev_2571,addr_2571
2571,70,2822.4102521691952,purchase,dev_2571,addr_2571
2571,86,1195.125231118482,purchase,dev_2571,addr_2571
2572,59,2136.182286571975,purchase,dev_2572,addr_2572
2572,63,1746.4060382465168,purchase,dev_2572,addr_2572
2572,77,1301.0187675432287,purchase,dev_2572,addr_2572
2572,84,1301.0187675432287,return,dev_2572,addr_2572
2572,99,1561.8431237514103,purchase,dev_2572,addr_2572
2573,57,965.1576798285494,purchase,dev_2573,addr_2573
2574,35,1712.6460279547985,purchase,dev_2574,addr_2574
2574,54,1049.9809853394486,purchase,dev_2574,addr_2574
2574,75,4376.002511047467,purchase,dev_2574,addr_2574
2574,81,394.7755489156309,purchase,dev_2574,addr_2574
2574,97,1677.100983363996,purchase,dev_2574,addr_2574
2575,67,1374.1010005395474,purchase,dev_2575,addr_2575
2575,79,429.72495852122375,purchase,dev_2575,addr_2575
2575,89,894.9418143946941,purchase,dev_2575,addr_2575
2575,113,1177.7143535356142,purchase,dev_2575,addr_2575
2576,31,1021.4183511790632,purchase,dev_2576,addr_2576
2576,39,1758.4705113957914,purchase,dev_2576,addr_2576
2577,42,2267.7480077198693,purchase,dev_2577,addr_2577
2577,63,2301.986029824722,purchase,dev_2577,addr_2577
2577,84,1557.5110725788134,purchase,dev_2577,addr_2577
2578,41,1017.1437134682814,purchase,dev_2578,addr_2578
2578,56,804.6978323885534,purchase,dev_2578,addr_2578
2578,72,2285.9601888764837,purchase,dev_2578,addr_2578
2578,75,1058.7998271572346,purchase,dev_2578,addr_2578
2579,59,1927.050872647486,purchase,dev_2579,addr_2579
2580,68,636.9367297023066,purchase,dev_2580,addr_2580
2580,92,1031.9874446627796,purchase,dev_2580,addr_2580
2581,6,958.0393667207182,purchase,dev_2581,addr_2581
2581,19,1660.9481455276643,purchase,dev_2581,addr_2581
2581,24,2311.232181039635,purchase,dev_2581,addr_2581
2581,36,1436.5926939243375,purchase,dev_2581,addr_2581
2582,40,1097.8780343601634,purchase,dev_2582,addr_2582
2582,63,447.7512813379238,purchase,dev_2582,addr_2582
2583,58,1544.8731969123542,purchase,dev_2583,addr_2583
2584,25,3372.9391419801595,purchase,dev_2584,addr_2584
2584,45,1371.8674582558667,purchase,dev_2584,addr_2584
2584,64,2120.201942120744,purchase,dev_2584,addr_2584
2585,57,2788.2564984522646,purchase,dev_2585,addr_2585
2585,74,1350.4972384008,purchase,dev_2585,addr_2585
2585,98,2998.2815203068963,purchase,dev_2585,addr_2585
2586,10,1015.9814309036805,purchase,dev_2586,addr_2586
2586,34,1698.294367401603,purchase,dev_2586,addr_2586
2587,46,1742.237896369784,purchase,dev_2587,addr_2587
2587,57,996.9967191866324,purchase,dev_2587,addr_2587
2587,67,875.0900275767335,purchase,dev_2587,addr_2587
2588,21,1325.791676145149,purchase,dev_2588,addr_2588
2588,26,1431.9603253384437,purchase,dev_2588,addr_2588
2588,38,1216.0848153836187,purchase,dev_2588,addr_2588
2588,45,1216.0848153836187,return,dev_2588,addr_2588
2588,62,838.2335565792042,purchase,dev_2588,addr_2588
2588,84,963.7051142270207,purchase,dev_2588,addr_2588
2589,61,720.9538601302748,purchase,dev_2589,addr_2589
2589,83,2367.666031377504,purchase,dev_2589,addr_2589
2589,85,2367.666031377504,return,dev_2589,addr_2589
2589,100,1743.7580490916282,purchase,dev_2589,addr_2589
2590,52,1356.880153077528,purchase,dev_2590,addr_2590
2590,71,961.9905123796493,purchase,dev_2590,addr_2590
2590,86,2978.6870683686493,purchase,dev_2590,addr_2590
2590,100,1858.1087569561898,purchase,dev_2590,addr_2590
2590,109,2105.7470152595592,purchase,dev_2590,addr_2590
2590,124,4908.4128532213435,purchase,dev_2590,addr_2590
2590,131,1736.9749383161914,purchase,dev_2590,addr_2590
2590,138,2030.4761193535765,purchase,dev_2590,addr_2590
2591,26,543.6870078397502,purchase,dev_2591,addr_2591
2591,41,682.4399536261129,purchase,dev_2591,addr_2591
2591,55,982.5223035022224,purchase,dev_2591,addr_2591
2592,35,2958.127223969658,purchase,dev_2592,addr_2592
2592,57,1127.4393940244888,purchase,dev_2592,addr_2592
2592,64,1127.4393940244888,return,dev_2592,addr_2592
2593,19,1430.0150827332327,purchase,dev_2593,addr_2593
2593,25,1010.738288510544,purchase,dev_2593,addr_2593
2593,34,1010.738288510544,return,dev_2593,addr_2593
2593,46,2172.0048226896347,purchase,dev_2593,addr_2593
2593,60,2981.987335524447,purchase,dev_2593,addr_2593
2593,70,2222.9280261907447,purchase,dev_2593,addr_2593
2593,75,2883.4832156793864,purchase,dev_2593,addr_2593
2593,91,822.5278418938799,purchase,dev_2593,addr_2593
2593,102,2757.6300034472983,purchase,dev_2593,addr_2593
2594,20,642.6170990613772,purchase,dev_2594,addr_2594
2594,38,1986.9962657953506,purchase,dev_2594,addr_2594
2594,58,751.8060180106671,purchase,dev_2594,addr_2594
2594,73,1177.2949682385602,purchase,dev_2594,addr_2594
2594,79,959.46693961698,purchase,dev_2594,addr_2594
2594,82,959.46693961698,return,dev_2594,addr_2594
2595,14,1943.9416303714183,purchase,dev_2595,addr_2595
2595,28,846.2521543500822,purchase,dev_2595,addr_2595
2596,41,1037.46533798558,purchase,dev_2596,addr_2596
2596,49,736.2716899024626,purchase,dev_2596,addr_2596
2596,50,1037.46533798558,return,dev_2596,addr_2596
2596,52,2605.350803684221,purchase,dev_2596,addr_2596
2597,23,2031.6988187173486,purchase,dev_2597,addr_2597
2597,47,1032.78248308875,purchase,dev_2597,addr_2597
2597,52,1462.723763694281,purchase,dev_2597,addr_2597
2597,67,748.7085960975992,purchase,dev_2597,addr_2597
2597,91,1520.0669821371876,purchase,dev_2597,addr_2597
2598,63,1464.2626007920528,purchase,dev_2598,addr_2598
2598,70,1589.063137539677,purchase,dev_2598,addr_2598
2598,92,1333.8734812330226,purchase,dev_2598,addr_2598
2598,111,2147.8291489981953,purchase,dev_2598,addr_2598
2598,130,827.9925519585972,purchase,dev_2598,addr_2598
2598,138,926.7614807586627,purchase,dev_2598,addr_2598
2598,144,2059.3511295908,purchase,dev_2598,addr_2598
2599,6,1129.5255444133923,purchase,dev_2599,addr_2599
2599,9,1419.1126993896305,purchase,dev_2599,addr_2599
2599,18,1958.9994170483321,purchase,dev_2599,addr_2599
2600,74,593.0891415133926,purchase,dev_2600,addr_2600
2600,97,1395.4571134589326,purchase,dev_2600,addr_2600
2600,109,1449.5027900612145,purchase,dev_2600,addr_2600
2600,119,1126.2649911580625,purchase,dev_2600,addr_2600
2600,124,1126.2649911580625,return,dev_2600,addr_2600
2600,140,1201.3949040570592,purchase,dev_2600,addr_2600
2600,156,1042.3804994369027,purchase,dev_2600,addr_2600
2601,28,511.2384179276356,purchase,dev_2601,addr_2601
2602,46,3506.751961597429,purchase,dev_2602,addr_2602
2602,68,457.52766999530985,purchase,dev_2602,addr_2602
2603,12,1287.0773176486098,purchase,dev_2603,addr_2603
2603,23,671.2162259232256,purchase,dev_2603,addr_2603
2603,33,1117.5896230338947,purchase,dev_2603,addr_2603
2604,39,1385.564768925774,purchase,dev_2604,addr_2604
2604,45,638.9257892577364,purchase,dev_2604,addr_2604
2604,61,2419.6929544437944,purchase,dev_2604,addr_2604
2604,72,964.1681176459903,purchase,dev_2604,addr_2604
2605,34,608.6429089504122,purchase,dev_2605,addr_2605
2605,49,1165.5844064338442,purchase,dev_2605,addr_2605
2605,64,1048.405183984705,purchase,dev_2605,addr_2605
2605,88,3511.8782091883195,purchase,dev_2605,addr_2605
2605,94,2233.76331451341,purchase,dev_2605,addr_2605
2606,23,1416.0857636342523,purchase,dev_2606,addr_2606
2606,38,553.6776978475572,purchase,dev_2606,addr_2606
2606,44,1609.1039066715762,purchase,dev_2606,addr_2606
2606,60,1119.082399367827,purchase,dev_2606,addr_2606
2607,31,1289.8048477411717,purchase,dev_2607,addr_2607
2607,50,740.6124787683486,purchase,dev_2607,addr_2607
2607,74,2677.583797160446,purchase,dev_2607,addr_2607
2607,93,548.7288816307777,purchase,dev_2607,addr_2607
2608,19,1530.1032898581623,purchase,dev_2608,addr_2608
2608,35,1317.5450497880458,purchase,dev_2608,addr_2608
2608,51,853.6704759830901,purchase,dev_2608,addr_2608
2609,12,3188.4537500369634,purchase,dev_2609,addr_2609
2609,22,1379.8686468065378,purchase,dev_2609,addr_2609
2609,29,1783.7996902631603,purchase,dev_2609,addr_2609
2609,46,792.7981504172176,purchase,dev_2609,addr_2609
2609,56,1244.7286859542248,purchase,dev_2609,addr_2609
2609,79,1620.6670285940695,purchase,dev_2609,addr_2609
2609,85,1080.3964098591528,purchase,dev_2609,addr_2609
2609,88,1217.5291608033135,purchase,dev_2609,addr_2609
2610,47,749.7010861440712,purchase,dev_2610,addr_2610
2610,52,2430.919056102802,purchase,dev_2610,addr_2610
2610,61,3531.586971647054,purchase,dev_2610,addr_2610
2611,15,2641.911148243947,purchase,dev_2611,addr_2611
2611,19,1259.835267531177,purchase,dev_2611,addr_2611
2611,31,987.304116739127,purchase,dev_2611,addr_2611
2611,39,1780.3269062440336,purchase,dev_2611,addr_2611
2611,42,491.62371399701766,purchase,dev_2611,addr_2611
2611,45,491.62371399701766,return,dev_2611,addr_2611
2611,57,1673.8237222370706,purchase,dev_2611,addr_2611
2612,22,1008.6477402833558,purchase,dev_2612,addr_2612
2612,34,2665.561560193464,purchase,dev_2612,addr_2612
2612,45,1053.7998987496483,purchase,dev_2612,addr_2612
2612,67,748.4628157702823,purchase,dev_2612,addr_2612
2612,79,989.4193999137949,purchase,dev_2612,addr_2612
2612,86,958.5045135022807,purchase,dev_2612,addr_2612
2612,91,4023.0413854825592,purchase,dev_2612,addr_2612
2613,38,3960.1889534841544,purchase,dev_2613,addr_2613
2613,44,614.1337473630684,purchase,dev_2613,addr_2613
2613,59,780.6705915638796,purchase,dev_2613,addr_2613
2613,64,725.0370896542322,purchase,dev_2613,addr_2613
2614,29,903.94489617119,purchase,dev_2614,addr_2614
2614,34,900.1016461750055,purchase,dev_2614,addr_2614
2614,52,961.8365846864872,purchase,dev_2614,addr_2614
2615,69,776.782311014783,purchase,dev_2615,addr_2615
2615,83,970.0712851405817,purchase,dev_2615,addr_2615
2615,87,1233.0289472736172,purchase,dev_2615,addr_2615
2616,37,853.1270173177984,purchase,dev_2616,addr_2616
2616,42,622.0907525746077,purchase,dev_2616,addr_2616
2616,45,1069.81301527795,purchase,dev_2616,addr_2616
2616,62,2228.7625361126206,purchase,dev_2616,addr_2616
2616,75,1927.302378399439,purchase,dev_2616,addr_2616
2616,94,2478.951074128214,purchase,dev_2616,addr_2616
2616,99,1063.5664124660802,purchase,dev_2616,addr_2616
2617,62,2263.616142311469,purchase,dev_2617,addr_2617
2617,67,1538.3834062202789,purchase,dev_2617,addr_2617
2617,71,751.5660504582374,purchase,dev_2617,addr_2617
2618,68,3488.1897484763795,purchase,dev_2618,addr_2618
2618,81,1425.2505721249229,purchase,dev_2618,addr_2618
2618,99,1627.4133394136666,purchase,dev_2618,addr_2618
2619,60,2528.834606861386,purchase,dev_2619,addr_2619
2619,77,2300.6665770930326,purchase,dev_2619,addr_2619
2619,80,2656.000230929793,purchase,dev_2619,addr_2619
2619,89,1710.9103185432245,purchase,dev_2619,addr_2619
2619,95,1710.9103185432245,return,dev_2619,addr_2619
2620,27,1865.9510535701795,purchase,dev_2620,addr_2620
2620,31,1312.304522387776,purchase,dev_2620,addr_2620
2621,38,1022.9471833695209,purchase,dev_2621,addr_2621
2621,50,1621.0985238554883,purchase,dev_2621,addr_2621
2621,60,1988.1313974156046,purchase,dev_2621,addr_2621
2621,63,2844.8895012224684,purchase,dev_2621,addr_2621
2621,66,1374.5083965193762,purchase,dev_2621,addr_2621
2622,43,1617.7159387589584,purchase,dev_2622,addr_2622
2622,57,1875.843641567746,purchase,dev_2622,addr_2622
2623,42,1433.039605143709,purchase,dev_2623,addr_2623
2623,49,1433.039605143709,return,dev_2623,addr_2623
2623,56,1631.7425174062896,purchase,dev_2623,addr_2623
2623,60,948.804175551277,purchase,dev_2623,addr_2623
2623,79,1099.1589667638514,purchase,dev_2623,addr_2623
2623,83,2187.2567480348343,purchase,dev_2623,addr_2623
2623,103,2179.242300391433,purchase,dev_2623,addr_2623
2623,121,1587.2740498788312,purchase,dev_2623,addr_2623
2624,14,1029.950131950783,purchase,dev_2624,addr_2624
2624,31,627.5446705413781,purchase,dev_2624,addr_2624
2624,34,627.5446705413781,return,dev_2624,addr_2624
2624,42,905.904631633294,purchase,dev_2624,addr_2624
2624,63,2283.6823042667306,purchase,dev_2624,addr_2624
2624,77,1691.5791877128092,purchase,dev_2624,addr_2624
2624,92,2910.5709483908563,purchase,dev_2624,addr_2624
2625,54,1181.3662779863344,purchase,dev_2625,addr_2625
2625,75,1160.9647710671989,purchase,dev_2625,addr_2625
2625,91,4201.655795011122,purchase,dev_2625,addr_2625
2625,111,959.9378125519622,purchase,dev_2625,addr_2625
2625,122,2123.8410745065967,purchase,dev_2625,addr_2625
2625,142,1818.5202451847797,purchase,dev_2625,addr_2625
2625,160,726.5783962522455,purchase,dev_2625,addr_2625
2625,176,649.6616795546433,purchase,dev_2625,addr_2625
2625,184,1599.121067356571,purchase,dev_2625,addr_2625
2626,33,1962.8342842490242,purchase,dev_2626,addr_2626
2626,42,2197.67404236591,purchase,dev_2626,addr_2626
2626,64,1291.888905816375,purchase,dev_2626,addr_2626
2627,48,1054.111228061186,purchase,dev_2627,addr_2627
2627,70,1369.974567710399,purchase,dev_2627,addr_2627
2627,78,2168.642980596084,purchase,dev_2627,addr_2627
2627,86,1121.1898802985131,purchase,dev_2627,addr_2627
2627,109,2078.670172842132,purchase,dev_2627,addr_2627
2627,124,1245.9918046654886,purchase,dev_2627,addr_2627
2628,48,1077.7818470792272,purchase,dev_2628,addr_2628
2628,59,1651.2393472548636,purchase,dev_2628,addr_2628
2628,70,1088.4326047935529,purchase,dev_2628,addr_2628
2628,81,795.1871847427781,purchase,dev_2628,addr_2628
2628,91,1552.1895357058895,purchase,dev_2628,addr_2628
2628,107,943.8642748745035,purchase,dev_2628,addr_2628
2628,121,1662.208611778446,purchase,dev_2628,addr_2628
2628,129,2380.967191905394,purchase,dev_2628,addr_2628
2629,37,1211.3765767789744,purchase,dev_2629,addr_2629
2629,42,1673.5728371314729,purchase,dev_2629,addr_2629
2629,59,2131.002719182605,purchase,dev_2629,addr_2629
2629,74,503.08906707200396,purchase,dev_2629,addr_2629
2630,46,1758.0261408826145,purchase,dev_2630,addr_2630
2630,59,1229.0942575376046,purchase,dev_2630,addr_2630
2630,72,2571.6080411491116,purchase,dev_2630,addr_2630
2631,55,1811.4943891426753,purchase,dev_2631,addr_2631
2631,59,1051.6239775716883,purchase,dev_2631,addr_2631
2631,74,1639.167685619793,purchase,dev_2631,addr_2631
2631,83,2997.1285132197127,purchase,dev_2631,addr_2631
2632,29,1004.9781610828338,purchase,dev_2632,addr_2632
2632,34,1004.9781610828338,return,dev_2632,addr_2632
2632,43,930.9833681123752,purchase,dev_2632,addr_2632
2632,65,1283.4910960356578,purchase,dev_2632,addr_2632
2632,89,1697.5500157721488,purchase,dev_2632,addr_2632
2633,68,3653.8349681326868,purchase,dev_2633,addr_2633
2633,87,912.0761915924064,purchase,dev_2633,addr_2633
2633,103,1492.1662154267942,purchase,dev_2633,addr_2633
2634,15,2268.0659862691086,purchase,dev_2634,addr_2634
2634,38,556.6662062316175,purchase,dev_2634,addr_2634
2634,52,1962.2538711578864,purchase,dev_2634,addr_2634
2634,61,1470.8744609058278,purchase,dev_2634,addr_2634
2634,75,2790.75193336154,purchase,dev_2634,addr_2634
2634,92,1451.4969703288086,purchase,dev_2634,addr_2634
2635,55,729.4594775435808,purchase,dev_2635,addr_2635
2635,75,1662.288424282816,purchase,dev_2635,addr_2635
2636,73,1432.1962455738126,purchase,dev_2636,addr_2636
2636,96,1780.2403408543414,purchase,dev_2636,addr_2636
2636,110,400.76681686652444,purchase,dev_2636,addr_2636
2636,132,2437.1503355145796,purchase,dev_2636,addr_2636
2636,156,1288.5728392389212,purchase,dev_2636,addr_2636
2637,28,1176.8875508214621,purchase,dev_2637,addr_2637
2637,34,374.67244714764007,purchase,dev_2637,addr_2637
2637,48,3819.2873745352026,purchase,dev_2637,addr_2637
2638,25,1343.5620522911406,purchase,dev_2638,addr_2638
2638,48,576.7302113607057,purchase,dev_2638,addr_2638
2638,53,1515.1803882189652,purchase,dev_2638,addr_2638
2638,56,990.1272295755032,purchase,dev_2638,addr_2638
2638,74,1344.8876932074043,purchase,dev_2638,addr_2638
2639,27,2449.596295812357,purchase,dev_2639,addr_2639
2639,44,986.0205314405322,purchase,dev_2639,addr_2639
2639,52,1568.5409330361465,purchase,dev_2639,addr_2639
2640,57,1225.10616947246,purchase,dev_2640,addr_2640
2640,81,1352.2377415190344,purchase,dev_2640,addr_2640
2641,57,1558.7311978071673,purchase,dev_2641,addr_2641
2641,71,1504.5462141177966,purchase,dev_2641,addr_2641
2642,54,2401.686904075498,purchase,dev_2642,addr_2642
2642,76,4387.913904303265,purchase,dev_2642,addr_2642
2642,98,4735.907948091312,purchase,dev_2642,addr_2642
2643,39,1199.162722531502,purchase,dev_2643,addr_2643
2643,46,1199.162722531502,return,dev_2643,addr_2643
2643,51,1055.6272528600239,purchase,dev_2643,addr_2643
2643,69,1176.9267618180927,purchase,dev_2643,addr_2643
2644,60,1255.8640664151255,purchase,dev_2644,addr_2644
2644,82,3102.2612458091266,purchase,dev_2644,addr_2644
2644,97,555.4153451519466,purchase,dev_2644,addr_2644
2644,111,3649.523597964912,purchase,dev_2644,addr_2644
2645,66,1400.989753338258,purchase,dev_2645,addr_2645
2645,83,1285.9160869680238,purchase,dev_2645,addr_2645
2645,95,887.5474917165209,purchase,dev_2645,addr_2645
2645,101,2840.4495419413197,purchase,dev_2645,addr_2645
2646,7,1583.5221018916493,purchase,dev_2646,addr_2646
2647,35,647.5047641997746,purchase,dev_2647,addr_2647
2647,55,1313.6474460182708,purchase,dev_2647,addr_2647
2648,57,2184.2451181006063,purchase,dev_2648,addr_2648
2648,61,1016.2527147420934,purchase,dev_2648,addr_2648
2648,66,1016.2527147420934,return,dev_2648,addr_2648
2648,70,493.1575150288708,purchase,dev_2648,addr_2648
2648,84,4168.99269167195,purchase,dev_2648,addr_2648
2648,97,1333.6364598015125,purchase,dev_2648,addr_2648
2648,105,1363.8319132258196,purchase,dev_2648,addr_2648
2649,26,748.3800766940747,purchase,dev_2649,addr_2649
2649,37,910.7773345554671,purchase,dev_2649,addr_2649
2650,46,1975.0982753837902,purchase,dev_2650,addr_2650
2650,59,562.1554646150258,purchase,dev_2650,addr_2650
2650,67,1154.2951386409864,purchase,dev_2650,addr_2650
2650,71,2758.294875472483,purchase,dev_2650,addr_2650
2650,87,470.8487434639832,purchase,dev_2650,addr_2650
2651,54,505.0724170965876,purchase,dev_2651,addr_2651
2651,75,1327.7665919078831,purchase,dev_2651,addr_2651
2651,80,2605.8611573479084,purchase,dev_2651,addr_2651
2652,63,1735.0365075183033,purchase,dev_2652,addr_2652
2652,79,1259.423196135417,purchase,dev_2652,addr_2652
2652,89,939.2583438785857,purchase,dev_2652,addr_2652
2652,96,1580.4896438306055,purchase,dev_2652,addr_2652
2652,118,1400.5385014669444,purchase,dev_2652,addr_2652
2652,121,2005.8612984155247,purchase,dev_2652,addr_2652
2652,136,929.3615796534617,purchase,dev_2652,addr_2652
2653,44,1467.019317309909,purchase,dev_2653,addr_2653
2653,64,1086.2715541675234,purchase,dev_2653,addr_2653
2653,74,463.4419362668107,purchase,dev_2653,addr_2653
2654,48,2088.0849384188386,purchase,dev_2654,addr_2654
2654,67,2564.787718524776,purchase,dev_2654,addr_2654
2654,84,1606.8922204397245,purchase,dev_2654,addr_2654
2655,55,1119.538583777892,purchase,dev_2655,addr_2655
2655,74,777.8208125542569,purchase,dev_2655,addr_2655
2655,89,1372.2700488219996,purchase,dev_2655,addr_2655
2656,37,1861.155587911996,purchase,dev_2656,addr_2656
2656,45,1861.155587911996,return,dev_2656,addr_2656
2657,38,1353.6636994438666,purchase,dev_2657,addr_2657
2657,55,1147.1445166423343,purchase,dev_2657,addr_2657
2657,63,1466.7004409062208,purchase,dev_2657,addr_2657
2658,35,631.8425276252703,purchase,dev_2658,addr_2658
2658,40,631.8425276252703,return,dev_2658,addr_2658
2658,46,483.8292642705409,purchase,dev_2658,addr_2658
2658,62,790.8452821984513,purchase,dev_2658,addr_2658
2658,77,1730.160461824602,purchase,dev_2658,addr_2658
2659,72,1294.8245780137304,purchase,dev_2659,addr_2659
2659,92,1652.2555629898854,purchase,dev_2659,addr_2659
2659,104,663.9895575258082,purchase,dev_2659,addr_2659
2659,122,1604.614050975082,purchase,dev_2659,addr_2659
2660,71,805.3678394992737,purchase,dev_2660,addr_2660
2660,76,965.3525975044056,purchase,dev_2660,addr_2660
2660,98,496.1747380882184,purchase,dev_2660,addr_2660
2660,122,1124.0028114382897,purchase,dev_2660,addr_2660
2660,134,1125.601217790242,purchase,dev_2660,addr_2660
2660,148,1183.2912798440746,purchase,dev_2660,addr_2660
2660,162,2017.9694119930139,purchase,dev_2660,addr_2660
2661,32,653.0014494448222,purchase,dev_2661,addr_2661
2662,70,5375.391314175617,purchase,dev_2662,addr_2662
2663,62,694.9654477407908,purchase,dev_2663,addr_2663
2663,73,531.3912712146142,purchase,dev_2663,addr_2663
2664,80,869.807910861389,purchase,dev_2664,addr_2664
2664,90,1797.8855407134704,purchase,dev_2664,addr_2664
2664,103,1842.775745609526,purchase,dev_2664,addr_2664
2664,111,1416.4165632759634,purchase,dev_2664,addr_2664
2664,122,1979.4984817205209,purchase,dev_2664,addr_2664
2664,138,1353.3326714051,purchase,dev_2664,addr_2664
2665,66,2220.62119470982,purchase,dev_2665,addr_2665
2665,81,1299.1733095760233,purchase,dev_2665,addr_2665
2665,86,1493.3949372199945,purchase,dev_2665,addr_2665
2665,94,1530.76598745848,purchase,dev_2665,addr_2665
2665,115,3008.7066098391288,purchase,dev_2665,addr_2665
2665,131,1787.692270569685,purchase,dev_2665,addr_2665
2666,49,3084.7892497101298,purchase,dev_2666,addr_2666
2666,68,716.9696470258122,purchase,dev_2666,addr_2666
2666,81,1395.7801956495089,purchase,dev_2666,addr_2666
2666,92,742.3648199513332,purchase,dev_2666,addr_2666
2667,45,677.7607978195194,purchase,dev_2667,addr_2667
2667,49,1446.8822473485866,purchase,dev_2667,addr_2667
2667,61,2876.8810091038144,purchase,dev_2667,addr_2667
2667,84,1126.8134996811118,purchase,dev_2667,addr_2667
2667,89,1384.5685546457644,purchase,dev_2667,addr_2667
2667,100,1906.2481463217136,purchase,dev_2667,addr_2667
2668,57,3260.5111746845823,purchase,dev_2668,addr_2668
2668,76,1078.4931649762943,purchase,dev_2668,addr_2668
2668,99,1699.3855311102066,purchase,dev_2668,addr_2668
2668,106,1547.0703782293235,purchase,dev_2668,addr_2668
2668,121,1949.4407470845022,purchase,dev_2668,addr_2668
2669,52,1269.6109089337956,purchase,dev_2669,addr_2669
2669,66,1294.8784766410085,purchase,dev_2669,addr_2669
2669,77,2330.784684544641,purchase,dev_2669,addr_2669
2669,101,1597.6654513475016,purchase,dev_2669,addr_2669
2669,112,600.5079638355845,purchase,dev_2669,addr_2669
2669,125,2143.727610883396,purchase,dev_2669,addr_2669
2669,146,2351.9225428204886,purchase,dev_2669,addr_2669
2669,150,1938.9585513904105,purchase,dev_2669,addr_2669
2669,161,2111.9271484259166,purchase,dev_2669,addr_2669
2669,170,2111.9271484259166,return,dev_2669,addr_2669
2670,54,1904.0932308340407,purchase,dev_2670,addr_2670
2670,66,1253.5217207037465,purchase,dev_2670,addr_2670
2670,81,1987.2085535051506,purchase,dev_2670,addr_2670
2670,94,1881.4848562395064,purchase,dev_2670,addr_2670
2671,25,1304.0956220330759,purchase,dev_2671,addr_2671
2671,44,1373.3092512747173,purchase,dev_2671,addr_2671
2671,48,1639.0867213650592,purchase,dev_2671,addr_2671
2672,23,2360.860727981224,purchase,dev_2672,addr_2672
2672,39,1238.4212130497144,purchase,dev_2672,addr_2672
2672,60,1136.150726980883,purchase,dev_2672,addr_2672
2672,72,1161.0858846928293,purchase,dev_2672,addr_2672
2672,92,2224.1035506851276,purchase,dev_2672,addr_2672
2673,69,613.0340723269728,purchase,dev_2673,addr_2673
2673,93,1993.7988120702723,purchase,dev_2673,addr_2673
2674,44,1317.166217895819,purchase,dev_2674,addr_2674
2674,57,1334.0708551355915,purchase,dev_2674,addr_2674
2674,79,947.6622379489883,purchase,dev_2674,addr_2674
2674,95,672.0780173227377,purchase,dev_2674,addr_2674
2674,108,912.6189699683147,purchase,dev_2674,addr_2674
2675,59,1614.8818754729725,purchase,dev_2675,addr_2675
2675,81,3686.6325625438135,purchase,dev_2675,addr_2675
2676,82,1437.9386563552214,purchase,dev_2676,addr_2676
2676,96,525.8978677597057,purchase,dev_2676,addr_2676
2676,110,1931.664807853503,purchase,dev_2676,addr_2676
2677,32,1368.3736324660008,purchase,dev_2677,addr_2677
2677,42,799.9502702156846,purchase,dev_2677,addr_2677
2677,45,799.9502702156846,return,dev_2677,addr_2677
2677,59,1201.3375528373904,purchase,dev_2677,addr_2677
2678,58,1271.1215843369203,purchase,dev_2678,addr_2678
2678,73,1809.6739033562374,purchase,dev_2678,addr_2678
2678,79,2539.784883094503,purchase,dev_2678,addr_2678
2678,92,988.9276346698755,purchase,dev_2678,addr_2678
2678,105,2245.2719378035454,purchase,dev_2678,addr_2678
2679,42,1856.2831020916,purchase,dev_2679,addr_2679
2679,59,1441.8377188853246,purchase,dev_2679,addr_2679
2679,76,1121.2687453067338,purchase,dev_2679,addr_2679
2679,86,421.21229347000894,purchase,dev_2679,addr_2679
2679,108,1515.8242272131195,purchase,dev_2679,addr_2679
2679,111,670.7902480438132,purchase,dev_2679,addr_2679
2679,127,971.3507208936749,purchase,dev_2679,addr_2679
2680,66,3511.3054641346835,purchase,dev_2680,addr_2680
2680,74,1089.6924851246997,purchase,dev_2680,addr_2680
2680,96,2764.674491035546,purchase,dev_2680,addr_2680
2680,102,1074.737211711528,purchase,dev_2680,addr_2680
2680,125,716.7325453967115,purchase,dev_2680,addr_2680
2681,46,1524.4428930763945,purchase,dev_2681,addr_2681
2681,65,548.3163793498318,purchase,dev_2681,addr_2681
2681,83,419.6042775535651,purchase,dev_2681,addr_2681
2681,97,2044.7537725794452,purchase,dev_2681,addr_2681
2681,102,1192.2983203279425,purchase,dev_2681,addr_2681
2681,106,2044.7537725794452,return,dev_2681,addr_2681
2681,124,1501.712930742097,purchase,dev_2681,addr_2681
2681,130,2783.7597571055544,purchase,dev_2681,addr_2681
2681,146,1394.3470364598732,purchase,dev_2681,addr_2681
2681,158,2556.341525126278,purchase,dev_2681,addr_2681
2681,176,1291.0547397138384,purchase,dev_2681,addr_2681
2681,200,475.48310194588976,purchase,dev_2681,addr_2681
2682,48,2337.8411048417893,purchase,dev_2682,addr_2682
2682,69,575.860942617545,purchase,dev_2682,addr_2682
2682,73,1433.8351514838214,purchase,dev_2682,addr_2682
2682,81,1042.5605754157564,purchase,dev_2682,addr_2682
2682,93,1154.090915258101,purchase,dev_2682,addr_2682
2683,50,923.2275080584333,purchase,dev_2683,addr_2683
2683,55,1179.4752630856165,purchase,dev_2683,addr_2683
2683,62,1447.0987470520806,purchase,dev_2683,addr_2683
2683,69,702.3798844476631,purchase,dev_2683,addr_2683
2683,81,1298.001953649108,purchase,dev_2683,addr_2683
2683,90,689.9064447978586,purchase,dev_2683,addr_2683
2683,110,1816.2750221534116,purchase,dev_2683,addr_2683
2684,16,756.7590901418661,purchase,dev_2684,addr_2684
2685,25,1101.3174797988197,purchase,dev_2685,addr_2685
2685,47,614.1820327801142,purchase,dev_2685,addr_2685
2685,52,2812.749920365868,purchase,dev_2685,addr_2685
2685,70,641.3712822918059,purchase,dev_2685,addr_2685
2686,49,2232.1534986210227,purchase,dev_2686,addr_2686
2686,58,3155.7761039996253,purchase,dev_2686,addr_2686
2686,78,1621.9608481719029,purchase,dev_2686,addr_2686
2687,62,553.508381280571,purchase,dev_2687,addr_2687
2687,72,964.5930960442026,purchase,dev_2687,addr_2687
2687,77,964.5930960442026,return,dev_2687,addr_2687
2687,81,3130.5358338736173,purchase,dev_2687,addr_2687
2687,99,773.9448538328152,purchase,dev_2687,addr_2687
2688,35,1206.9390164647243,purchase,dev_2688,addr_2688
2688,45,689.9856064758924,purchase,dev_2688,addr_2688
2688,51,1054.6543239229227,purchase,dev_2688,addr_2688
2688,67,1426.957439941108,purchase,dev_2688,addr_2688
2689,29,857.3016335161337,purchase,dev_2689,addr_2689
2689,45,864.7011007495457,purchase,dev_2689,addr_2689
2689,48,1734.112978451451,purchase,dev_2689,addr_2689
2689,56,1269.3530450000503,purchase,dev_2689,addr_2689
2689,64,1303.2222215517072,purchase,dev_2689,addr_2689
2690,47,1136.507334958252,purchase,dev_2690,addr_2690
2690,53,1465.9314952228476,purchase,dev_2690,addr_2690
2690,77,1076.6831244498371,purchase,dev_2690,addr_2690
2690,85,1615.0167634886295,purchase,dev_2690,addr_2690
2691,18,864.7067578977774,purchase,dev_2691,addr_2691
2691,32,927.4187437873079,purchase,dev_2691,addr_2691
2691,46,755.4544448076607,purchase,dev_2691,addr_2691
2691,60,4035.737218657012,purchase,dev_2691,addr_2691
2691,75,808.1254005022427,purchase,dev_2691,addr_2691
2691,92,2014.5570514785445,purchase,dev_2691,addr_2691
2691,95,1513.6599736993576,purchase,dev_2691,addr_2691
2692,17,520.0626784958092,purchase,dev_2692,addr_2692
2692,36,3545.5048504177703,purchase,dev_2692,addr_2692
2692,56,1252.564770978749,purchase,dev_2692,addr_2692
2693,63,946.7474018907197,purchase,dev_2693,addr_2693
2693,68,946.7474018907197,return,dev_2693,addr_2693
2693,68,685.4986942848724,purchase,dev_2693,addr_2693
2693,85,2010.868719026639,purchase,dev_2693,addr_2693
2693,108,1840.687578018174,purchase,dev_2693,addr_2693
2693,111,3428.66368314774,purchase,dev_2693,addr_2693
2693,131,687.2384267803731,purchase,dev_2693,addr_2693
2694,33,914.3721500672334,purchase,dev_2694,addr_2694
2694,43,529.9355546925276,purchase,dev_2694,addr_2694
2694,49,904.9039802596916,purchase,dev_2694,addr_2694
2694,73,908.6348550648567,purchase,dev_2694,addr_2694
2695,60,908.5203808968582,purchase,dev_2695,addr_2695
2695,80,836.8396380357449,purchase,dev_2695,addr_2695
2695,93,759.0640440440327,purchase,dev_2695,addr_2695
2695,97,1768.1665094591237,purchase,dev_2695,addr_2695
2696,62,1146.9373819898751,purchase,dev_2696,addr_2696
2696,67,650.6141642552791,purchase,dev_2696,addr_2696
2696,91,1238.8606704940944,purchase,dev_2696,addr_2696
2696,106,1846.592491405769,purchase,dev_2696,addr_2696
2696,110,1846.592491405769,return,dev_2696,addr_2696
2697,31,690.063555052476,purchase,dev_2697,addr_2697
2697,46,2574.015017652202,purchase,dev_2697,addr_2697
2697,50,1924.4641936727658,purchase,dev_2697,addr_2697
2698,56,3579.127951032235,purchase,dev_2698,addr_2698
2698,65,2634.62320216651,purchase,dev_2698,addr_2698
2698,86,2305.286415775945,purchase,dev_2698,addr_2698
2699,45,4105.888735289788,purchase,dev_2699,addr_2699
2699,66,1120.307935116771,purchase,dev_2699,addr_2699
2699,69,1120.307935116771,return,dev_2699,addr_2699
2699,90,1121.6910781509878,purchase,dev_2699,addr_2699
2699,111,664.9561858565734,purchase,dev_2699,addr_2699
2700,38,1744.2220790873153,purchase,dev_2700,addr_2700
2700,46,1744.2220790873153,return,dev_2700,addr_2700
2700,51,1511.5181930560955,purchase,dev_2700,addr_2700
2700,57,1866.9936088492827,purchase,dev_2700,addr_2700
2700,71,986.8789139412949,purchase,dev_2700,addr_2700
2700,75,1150.8491643665272,purchase,dev_2700,addr_2700
2700,81,2208.4774018923376,purchase,dev_2700,addr_2700
2700,103,1487.31714100975,purchase,dev_2700,addr_2700
2701,62,472.14071313264174,purchase,dev_2701,addr_2701
2701,86,826.063920527365,purchase,dev_2701,addr_2701
2701,90,961.5133742790194,purchase,dev_2701,addr_2701
2701,94,826.063920527365,return,dev_2701,addr_2701
2701,106,694.5165793679679,purchase,dev_2701,addr_2701
2701,121,1081.9670466905216,purchase,dev_2701,addr_2701
2701,145,1233.1439180506732,purchase,dev_2701,addr_2701
2701,163,2135.5718456338673,purchase,dev_2701,addr_2701
2702,48,2899.875548668618,purchase,dev_2702,addr_2702
2702,52,3470.3922317811653,purchase,dev_2702,addr_2702
2702,69,1175.8877828823172,purchase,dev_2702,addr_2702
2702,86,980.3825530912197,purchase,dev_2702,addr_2702
2703,22,740.3886443590625,purchase,dev_2703,addr_2703
2703,30,2675.42194734527,purchase,dev_2703,addr_2703
2703,51,574.8674634474526,purchase,dev_2703,addr_2703
2704,48,1620.4181768425578,purchase,dev_2704,addr_2704
2704,61,1658.2191315378,purchase,dev_2704,addr_2704
2705,70,1865.7794489000203,purchase,dev_2705,addr_2705
2705,75,3304.8644378395215,purchase,dev_2705,addr_2705
2705,81,828.7814220700157,purchase,dev_2705,addr_2705
2706,16,1419.0121189685433,purchase,dev_2706,addr_2706
2706,26,1574.0733831857406,purchase,dev_2706,addr_2706
2706,42,2260.9575661435247,purchase,dev_2706,addr_2706
2707,50,346.5993145617208,purchase,dev_2707,addr_2707
2707,65,4205.802576897208,purchase,dev_2707,addr_2707
2708,76,569.437997290782,purchase,dev_2708,addr_2708
2708,93,1452.1903009590246,purchase,dev_2708,addr_2708
2708,106,1987.6350565280939,purchase,dev_2708,addr_2708
2708,114,1647.867478581429,purchase,dev_2708,addr_2708
2708,122,1767.758989119726,purchase,dev_2708,addr_2708
2709,34,1695.7009907463262,purchase,dev_2709,addr_2709
2709,50,1549.4220532519603,purchase,dev_2709,addr_2709
2709,67,2122.3919222274917,purchase,dev_2709,addr_2709
2709,89,784.0766963492156,purchase,dev_2709,addr_2709
2709,92,1152.129249288438,purchase,dev_2709,addr_2709
2710,30,1965.3706049065606,purchase,dev_2710,addr_2710
2710,37,2152.6554608766123,purchase,dev_2710,addr_2710
2710,44,1843.8271352659262,purchase,dev_2710,addr_2710
2710,66,1329.5316665295804,purchase,dev_2710,addr_2710
2711,43,1150.4213443092074,purchase,dev_2711,addr_2711
2711,56,681.8425369470764,purchase,dev_2711,addr_2711
2712,57,669.8758069508717,purchase,dev_2712,addr_2712
2712,70,848.1057312571979,purchase,dev_2712,addr_2712
2712,92,1482.0466986234187,purchase,dev_2712,addr_2712
2712,109,1269.3792031658159,purchase,dev_2712,addr_2712
2713,57,850.0826738662489,purchase,dev_2713,addr_2713
2713,68,1534.229249134845,purchase,dev_2713,addr_2713
2713,82,1669.6144419490226,purchase,dev_2713,addr_2713
2714,54,2468.4040318539537,purchase,dev_2714,addr_2714
2714,78,1225.9376129317577,purchase,dev_2714,addr_2714
2714,86,555.9326670174634,purchase,dev_2714,addr_2714
2715,63,985.081203806367,purchase,dev_2715,addr_2715
2715,85,1820.054350291712,purchase,dev_2715,addr_2715
2715,103,819.6281795576241,purchase,dev_2715,addr_2715
2716,23,1321.284845686435,purchase,dev_2716,addr_2716
2716,37,1347.5519955440204,purchase,dev_2716,addr_2716
2717,15,802.3992886947447,purchase,dev_2717,addr_2717
2717,24,1165.8486352899304,purchase,dev_2717,addr_2717
2717,47,1095.6060393410469,purchase,dev_2717,addr_2717
2717,51,1381.4017014677972,purchase,dev_2717,addr_2717
2717,52,1095.6060393410469,return,dev_2717,addr_2717
2717,59,2200.260407329078,purchase,dev_2717,addr_2717
2718,44,1075.433395677913,purchase,dev_2718,addr_2718
2718,56,1963.461403345757,purchase,dev_2718,addr_2718
2718,70,1544.67102419113,purchase,dev_2718,addr_2718
2718,74,1141.6880096582393,purchase,dev_2718,addr_2718
2718,91,1618.87485033615,purchase,dev_2718,addr_2718
2719,12,2529.0836192448273,purchase,dev_2719,addr_2719
2719,27,849.9839000307805,purchase,dev_2719,addr_2719
2719,41,1536.7495604284163,purchase,dev_2719,addr_2719
2719,60,1124.782622153069,purchase,dev_2719,addr_2719
2719,69,852.4281090771437,purchase,dev_2719,addr_2719
2720,56,777.1407315624433,purchase,dev_2720,addr_2720
2720,79,3614.651067515916,purchase,dev_2720,addr_2720
2720,86,613.6374429141066,purchase,dev_2720,addr_2720
2720,90,1276.6199192623517,purchase,dev_2720,addr_2720
2720,101,1013.8731169668853,purchase,dev_2720,addr_2720
2720,118,1536.6826257628793,purchase,dev_2720,addr_2720
2721,49,632.8323141788087,purchase,dev_2721,addr_2721
2721,54,1134.7521559940255,purchase,dev_2721,addr_2721
2721,70,3621.282601721735,purchase,dev_2721,addr_2721
2721,86,1423.2636323287613,purchase,dev_2721,addr_2721
2722,43,1500.5839563147533,purchase,dev_2722,addr_2722
2722,55,2746.723138774877,purchase,dev_2722,addr_2722
2723,26,1019.5443542752269,purchase,dev_2723,addr_2723
2724,12,1506.0919306280382,purchase,dev_2724,addr_2724
2724,30,1660.576187411606,purchase,dev_2724,addr_2724
2724,53,870.875233281169,purchase,dev_2724,addr_2724
2724,69,2167.68824270618,purchase,dev_2724,addr_2724
2725,24,1043.0838778039567,purchase,dev_2725,addr_2725
2725,43,843.052943045721,purchase,dev_2725,addr_2725
2725,55,483.99371098732036,purchase,dev_2725,addr_2725
2725,74,674.2142312801449,purchase,dev_2725,addr_2725
2725,89,1780.5111226810172,purchase,dev_2725,addr_2725
2725,95,1780.5111226810172,return,dev_2725,addr_2725
2726,41,1246.6823950223534,purchase,dev_2726,addr_2726
2726,64,1821.5203214792662,purchase,dev_2726,addr_2726
2727,48,873.8795327875218,purchase,dev_2727,addr_2727
2727,72,1257.0192264376017,purchase,dev_2727,addr_2727
2727,92,1458.031158629776,purchase,dev_2727,addr_2727
2727,99,1067.0119923701895,purchase,dev_2727,addr_2727
2727,122,1028.408302913871,purchase,dev_2727,addr_2727
2727,136,536.8651627209439,purchase,dev_2727,addr_2727
2727,141,534.2491554646472,purchase,dev_2727,addr_2727
2728,39,2995.0463110480864,purchase,dev_2728,addr_2728
2728,55,1705.479133754749,purchase,dev_2728,addr_2728
2728,79,629.0825324382708,purchase,dev_2728,addr_2728
2728,101,1084.2322858239954,purchase,dev_2728,addr_2728
2728,117,406.3734352746435,purchase,dev_2728,addr_2728
2728,130,714.5244403018406,purchase,dev_2728,addr_2728
2729,30,1238.5783995377801,purchase,dev_2729,addr_2729
2729,43,1928.0047848560919,purchase,dev_2729,addr_2729
2730,68,2162.730715970894,purchase,dev_2730,addr_2730
2730,91,2163.4765593339857,purchase,dev_2730,addr_2730
2730,103,1558.766890490581,purchase,dev_2730,addr_2730
2731,59,1773.9217669922723,purchase,dev_2731,addr_2731
2731,81,874.5437055904276,purchase,dev_2731,addr_2731
2731,90,442.8715409110039,purchase,dev_2731,addr_2731
2732,43,1048.9488813283251,purchase,dev_2732,addr_2732
2732,48,672.2834837666945,purchase,dev_2732,addr_2732
2732,66,2778.078647976888,purchase,dev_2732,addr_2732
2733,74,2053.5005755657253,purchase,dev_2733,addr_2733
2734,47,1935.1833067711495,purchase,dev_2734,addr_2734
2734,64,1012.1835514722666,purchase,dev_2734,addr_2734
2734,83,866.2174800318074,purchase,dev_2734,addr_2734
2734,99,913.9833464312377,purchase,dev_2734,addr_2734
2734,103,619.8452275644432,purchase,dev_2734,addr_2734
2734,120,2113.3237932389134,purchase,dev_2734,addr_2734
2735,49,1208.734616018358,purchase,dev_2735,addr_2735
2735,62,2872.7112688409447,purchase,dev_2735,addr_2735
2735,81,1635.5487740604647,purchase,dev_2735,addr_2735
2735,102,1187.338963108008,purchase,dev_2735,addr_2735
2735,107,774.0166075442894,purchase,dev_2735,addr_2735
2736,46,1873.3961148796805,purchase,dev_2736,addr_2736
2736,63,2341.771045232992,purchase,dev_2736,addr_2736
2736,71,1885.811059421493,purchase,dev_2736,addr_2736
2737,18,957.5020942170536,purchase,dev_2737,addr_2737
2737,32,1026.9858769816205,purchase,dev_2737,addr_2737
2737,41,1605.6724701957712,purchase,dev_2737,addr_2737
2737,59,1860.4467051214253,purchase,dev_2737,addr_2737
2737,73,1866.1497852070622,purchase,dev_2737,addr_2737
2737,76,1126.172363918051,purchase,dev_2737,addr_2737
2737,99,1116.9708016393586,purchase,dev_2737,addr_2737
2738,64,1427.9606657712252,purchase,dev_2738,addr_2738
2738,88,715.7671171196254,purchase,dev_2738,addr_2738
2739,65,1018.3675642670169,purchase,dev_2739,addr_2739
2739,88,1409.612089347646,purchase,dev_2739,addr_2739
2740,25,2918.405026283992,purchase,dev_2740,addr_2740
2740,47,902.486780709564,purchase,dev_2740,addr_2740
2740,65,2567.9687460643636,purchase,dev_2740,addr_2740
2740,86,2009.424061303042,purchase,dev_2740,addr_2740
2740,101,939.615201447616,purchase,dev_2740,addr_2740
2740,118,624.403005917362,purchase,dev_2740,addr_2740
2740,138,2269.1953728598155,purchase,dev_2740,addr_2740
2741,58,1170.5206700797935,purchase,dev_2741,addr_2741
2741,65,1723.5510464758727,purchase,dev_2741,addr_2741
2742,54,1045.8113227297856,purchase,dev_2742,addr_2742
2742,64,1470.3316653939498,purchase,dev_2742,addr_2742
2742,75,859.6055342219958,purchase,dev_2742,addr_2742
2743,55,1216.6238003238761,purchase,dev_2743,addr_2743
2743,75,1784.7704049072768,purchase,dev_2743,addr_2743
2743,85,767.712837260844,purchase,dev_2743,addr_2743
2744,54,800.7026612278294,purchase,dev_2744,addr_2744
2744,63,962.6388688605037,purchase,dev_2744,addr_2744
2744,79,1293.3194395763885,purchase,dev_2744,addr_2744
2745,73,2612.475943481219,purchase,dev_2745,addr_2745
2745,84,1256.433532692378,purchase,dev_2745,addr_2745
2745,95,1146.7969134594082,purchase,dev_2745,addr_2745
2745,106,814.7971220543892,purchase,dev_2745,addr_2745
2746,35,1036.6904935551088,purchase,dev_2746,addr_2746
2746,52,563.370878368625,purchase,dev_2746,addr_2746
2746,70,313.7005244417042,purchase,dev_2746,addr_2746
2746,75,313.7005244417042,return,dev_2746,addr_2746
2746,87,3255.5122425749364,purchase,dev_2746,addr_2746
2746,97,828.9257701943977,purchase,dev_2746,addr_2746
2746,121,774.3105803059914,purchase,dev_2746,addr_2746
2746,145,1104.5739223566202,purchase,dev_2746,addr_2746
2747,47,440.4163813002227,purchase,dev_2747,addr_2747
2747,64,1521.7162303482144,purchase,dev_2747,addr_2747
2748,39,887.2042913719782,purchase,dev_2748,addr_2748
2748,46,1055.7708320179008,purchase,dev_2748,addr_2748
2748,48,1055.7708320179008,return,dev_2748,addr_2748
2748,68,2392.615611015207,purchase,dev_2748,addr_2748
2748,79,464.02129129124825,purchase,dev_2748,addr_2748
2748,98,1426.4445872157958,purchase,dev_2748,addr_2748
2748,110,1167.3312966443766,purchase,dev_2748,addr_2748
2748,116,1181.6051029577675,purchase,dev_2748,addr_2748
2749,56,608.0307524807417,purchase,dev_2749,addr_2749
2749,77,1141.4665312458205,purchase,dev_2749,addr_2749
2749,101,1273.4410684415652,purchase,dev_2749,addr_2749
2749,105,2036.6394397298473,purchase,dev_2749,addr_2749
2750,25,475.8097534461128,purchase,dev_2750,addr_2750
2750,31,1481.4003559833152,purchase,dev_2750,addr_2750
2750,39,660.1584664528772,purchase,dev_2750,addr_2750
2750,50,596.5324757559466,purchase,dev_2750,addr_2750
2751,56,1825.1585489864697,purchase,dev_2751,addr_2751
2751,77,786.224816506678,purchase,dev_2751,addr_2751
2751,100,3338.3783891337293,purchase,dev_2751,addr_2751
2751,103,532.810284538997,purchase,dev_2751,addr_2751
2751,116,817.7674718652977,purchase,dev_2751,addr_2751
2752,41,1294.7783946521643,purchase,dev_2752,addr_2752
2752,65,2421.1163239422,purchase,dev_2752,addr_2752
2752,88,573.8486609481083,purchase,dev_2752,addr_2752
2752,92,1104.6699151730556,purchase,dev_2752,addr_2752
2753,68,2829.8836947803143,purchase,dev_2753,addr_2753
2753,74,590.4684557096422,purchase,dev_2753,addr_2753
2753,78,972.3059724334635,purchase,dev_2753,addr_2753
2753,84,1465.0660122669942,purchase,dev_2753,addr_2753
2753,90,1465.0660122669942,return,dev_2753,addr_2753
2753,95,1058.6059474904819,purchase,dev_2753,addr_2753
2754,21,2030.0596117409527,purchase,dev_2754,addr_2754
2754,42,903.1510341329837,purchase,dev_2754,addr_2754
2754,65,904.4465825719718,purchase,dev_2754,addr_2754
2754,72,532.8444442434328,purchase,dev_2754,addr_2754
2755,25,2672.0942464918567,purchase,dev_2755,addr_2755
2755,42,977.900348500676,purchase,dev_2755,addr_2755
2755,49,626.3556214684363,purchase,dev_2755,addr_2755
2755,60,499.09327669689435,purchase,dev_2755,addr_2755
2755,78,1432.882233834303,purchase,dev_2755,addr_2755
2756,64,2404.877977171342,purchase,dev_2756,addr_2756
2756,76,753.0977795081315,purchase,dev_2756,addr_2756
2756,92,1395.757020636662,purchase,dev_2756,addr_2756
2756,115,973.8554131853598,purchase,dev_2756,addr_2756
2757,70,1293.1201247341326,purchase,dev_2757,addr_2757
2757,80,658.5900237800946,purchase,dev_2757,addr_2757
2757,89,1700.257150813258,purchase,dev_2757,addr_2757
2758,28,1898.275355881144,purchase,dev_2758,addr_2758
2759,12,1355.7462976405438,purchase,dev_2759,addr_2759
2759,22,1391.345371875935,purchase,dev_2759,addr_2759
2759,32,1194.8469024437331,purchase,dev_2759,addr_2759
2759,37,1904.8561798713356,purchase,dev_2759,addr_2759
2759,38,1194.8469024437331,return,dev_2759,addr_2759
2759,42,1841.4839500508776,purchase,dev_2759,addr_2759
2760,50,392.7287958561376,purchase,dev_2760,addr_2760
2760,65,2362.7680202244032,purchase,dev_2760,addr_2760
2760,72,2362.7680202244032,return,dev_2760,addr_2760
2760,86,1486.8958546808078,purchase,dev_2760,addr_2760
2760,104,1944.0124051165137,purchase,dev_2760,addr_2760
2760,107,1041.6899178085448,purchase,dev_2760,addr_2760
2761,43,1634.5246871076245,purchase,dev_2761,addr_2761
2761,59,2251.4501807339293,purchase,dev_2761,addr_2761
2761,72,537.0427283803173,purchase,dev_2761,addr_2761
2762,22,2847.709087103099,purchase,dev_2762,addr_2762
2762,28,1219.769808254256,purchase,dev_2762,addr_2762
2762,33,1545.0916406398014,purchase,dev_2762,addr_2762
2762,53,978.9937247159733,purchase,dev_2762,addr_2762
2763,69,2177.824743372655,purchase,dev_2763,addr_2763
2763,72,2063.99569735732,purchase,dev_2763,addr_2763
2763,93,1480.647202994204,purchase,dev_2763,addr_2763
2763,103,1085.1560174190336,purchase,dev_2763,addr_2763
2764,11,1096.9947707571723,purchase,dev_2764,addr_2764
2764,23,2203.745791739631,purchase,dev_2764,addr_2764
2764,38,1306.6798773568557,purchase,dev_2764,addr_2764
2764,55,2207.402961238728,purchase,dev_2764,addr_2764
2764,66,2741.8204258166925,purchase,dev_2764,addr_2764
2764,88,1897.6677077327531,purchase,dev_2764,addr_2764
2765,49,1305.6433016447118,purchase,dev_2765,addr_2765
2765,69,1313.4108316609916,purchase,dev_2765,addr_2765
2765,80,885.7462830271595,purchase,dev_2765,addr_2765
2765,87,1943.262340825638,purchase,dev_2765,addr_2765
2765,90,1813.481656261,purchase,dev_2765,addr_2765
2766,16,1986.5839342715092,purchase,dev_2766,addr_2766
2766,20,790.2207025494016,purchase,dev_2766,addr_2766
2766,23,2497.1871062853006,purchase,dev_2766,addr_2766
2766,29,2211.68224401527,purchase,dev_2766,addr_2766
2767,68,1542.4343570733367,purchase,dev_2767,addr_2767
2767,75,659.715615177936,purchase,dev_2767,addr_2767
2767,83,659.715615177936,return,dev_2767,addr_2767
2767,83,3450.842605429725,purchase,dev_2767,addr_2767
2768,48,4367.82759963992,purchase,dev_2768,addr_2768
2769,74,1287.1613826717048,purchase,dev_2769,addr_2769
2769,89,419.05749064564407,purchase,dev_2769,addr_2769
2770,36,700.7220316644607,purchase,dev_2770,addr_2770
2771,57,591.3939004474582,purchase,dev_2771,addr_2771
2771,80,909.5611728481618,purchase,dev_2771,addr_2771
2771,88,909.5611728481618,return,dev_2771,addr_2771
2771,89,648.8682763737434,purchase,dev_2771,addr_2771
2771,108,2365.072583003565,purchase,dev_2771,addr_2771
2772,29,887.9560474254123,purchase,dev_2772,addr_2772
2772,46,1229.0657924425668,purchase,dev_2772,addr_2772
2772,60,1338.2349143365714,purchase,dev_2772,addr_2772
2773,61,586.862462189372,purchase,dev_2773,addr_2773
2773,66,586.862462189372,return,dev_2773,addr_2773
2773,70,2222.442265695295,purchase,dev_2773,addr_2773
2773,94,3447.598995289976,purchase,dev_2773,addr_2773
2773,103,2252.928505261697,purchase,dev_2773,addr_2773
2773,118,1356.1685459700584,purchase,dev_2773,addr_2773
2773,130,1450.8092680001382,purchase,dev_2773,addr_2773
2773,139,474.0420103830263,purchase,dev_2773,addr_2773
2774,53,1288.16471125935,purchase,dev_2774,addr_2774
2774,72,1108.4045146130463,purchase,dev_2774,addr_2774
2774,93,811.0540586570086,purchase,dev_2774,addr_2774
2774,100,811.0540586570086,return,dev_2774,addr_2774
2774,112,2869.4765542899972,purchase,dev_2774,addr_2774
2774,119,1801.3207247996042,purchase,dev_2774,addr_2774
2774,142,1488.877617903027,purchase,dev_2774,addr_2774
2774,147,1488.877617903027,return,dev_2774,addr_2774
2775,52,3363.3153247065557,purchase,dev_2775,addr_2775
2775,72,760.6278893071736,purchase,dev_2775,addr_2775
2775,83,1985.9195156828755,purchase,dev_2775,addr_2775
2775,97,1684.981621234096,purchase,dev_2775,addr_2775
2775,100,1493.5307522956502,purchase,dev_2775,addr_2775
2775,103,723.1602166591736,purchase,dev_2775,addr_2775
2776,28,1992.0995377370687,purchase,dev_2776,addr_2776
2776,32,1502.268748739015,purchase,dev_2776,addr_2776
2776,53,1321.138999109447,purchase,dev_2776,addr_2776
2777,63,722.4741052310615,purchase,dev_2777,addr_2777
2777,87,797.8732598975191,purchase,dev_2777,addr_2777
2777,108,1549.4711127887317,purchase,dev_2777,addr_2777
2777,121,2062.012791194533,purchase,dev_2777,addr_2777
2777,124,1953.002465363185,purchase,dev_2777,addr_2777
2778,33,1113.948345961491,purchase,dev_2778,addr_2778
2778,56,2092.89391923685,purchase,dev_2778,addr_2778
2778,72,2130.8519934157125,purchase,dev_2778,addr_2778
2778,86,1741.9174717600224,purchase,dev_2778,addr_2778
2778,93,360.86954478099284,purchase,dev_2778,addr_2778
2778,116,1512.050810851067,purchase,dev_2778,addr_2778
2779,31,1868.3929490783512,purchase,dev_2779,addr_2779
2779,35,2629.5769550683917,purchase,dev_2779,addr_2779
2780,31,650.4705019474436,purchase,dev_2780,addr_2780
2780,43,482.2231532383584,purchase,dev_2780,addr_2780
2780,55,1456.0158886886138,purchase,dev_2780,addr_2780
2780,77,1852.8669350868001,purchase,dev_2780,addr_2780
2780,83,905.1899094455015,purchase,dev_2780,addr_2780
2780,106,1753.6243762374957,purchase,dev_2780,addr_2780
2781,21,1728.9790653347984,purchase,dev_2781,addr_2781
2781,28,2120.719517340989,purchase,dev_2781,addr_2781
2782,49,571.1288048436859,purchase,dev_2782,addr_2782
2782,55,2173.044920208578,purchase,dev_2782,addr_2782
2782,71,900.871951398577,purchase,dev_2782,addr_2782
2782,89,1164.5029361380034,purchase,dev_2782,addr_2782
2783,63,1279.8655458706442,purchase,dev_2783,addr_2783
2783,84,1048.5288907665197,purchase,dev_2783,addr_2783
2783,89,998.6352847789527,purchase,dev_2783,addr_2783
2783,110,1792.2691316154612,purchase,dev_2783,addr_2783
2783,123,1280.0693857185079,purchase,dev_2783,addr_2783
2784,58,2578.687326590395,purchase,dev_2784,addr_2784
2784,66,1303.8414018326307,purchase,dev_2784,addr_2784
2784,87,765.0026401521575,purchase,dev_2784,addr_2784
2784,100,821.407103632611,purchase,dev_2784,addr_2784
2784,114,3331.1512097982545,purchase,dev_2784,addr_2784
2784,138,1646.142640086083,purchase,dev_2784,addr_2784
2785,64,887.8612375810293,purchase,dev_2785,addr_2785
2785,83,1338.147006474673,purchase,dev_2785,addr_2785
2785,96,1056.1705641540018,purchase,dev_2785,addr_2785
2786,64,1008.3640001284601,purchase,dev_2786,addr_2786
2786,67,1372.8530485626027,purchase,dev_2786,addr_2786
2787,15,1186.2068566231214,purchase,dev_2787,addr_2787
2787,22,1704.4932826313109,purchase,dev_2787,addr_2787
2787,35,4514.037097047033,purchase,dev_2787,addr_2787
2788,81,1956.422654206275,purchase,dev_2788,addr_2788
2788,98,1578.000209238329,purchase,dev_2788,addr_2788
2788,119,1589.7974970094704,purchase,dev_2788,addr_2788
2788,136,2264.3128094988624,purchase,dev_2788,addr_2788
2788,145,732.3680798311836,purchase,dev_2788,addr_2788
2788,159,908.1410100659781,purchase,dev_2788,addr_2788
2789,9,459.4403659153077,purchase,dev_2789,addr_2789
2789,31,3501.8495865428104,purchase,dev_2789,addr_2789
2790,66,2332.5787177317193,purchase,dev_2790,addr_2790
2790,88,707.4291196447562,purchase,dev_2790,addr_2790
2791,36,1019.118004804925,purchase,dev_2791,addr_2791
2791,38,1019.118004804925,return,dev_2791,addr_2791
2791,40,1147.14259277497,purchase,dev_2791,addr_2791
2792,25,592.3740363811678,purchase,dev_2792,addr_2792
2792,43,681.0794189794912,purchase,dev_2792,addr_2792
2792,59,2469.841894262806,purchase,dev_2792,addr_2792
2792,66,2341.081624810886,purchase,dev_2792,addr_2792
2792,85,1155.6658737527064,purchase,dev_2792,addr_2792
2793,43,1539.038551427266,purchase,dev_2793,addr_2793
2793,47,1688.47121060359,purchase,dev_2793,addr_2793
2793,63,761.6018834894674,purchase,dev_2793,addr_2793
2793,66,2032.9293828445755,purchase,dev_2793,addr_2793
2794,59,1241.074378503601,purchase,dev_2794,addr_2794
2794,69,2361.8338935137403,purchase,dev_2794,addr_2794
2794,80,3758.1856857845496,purchase,dev_2794,addr_2794
2794,88,2244.9985607640324,purchase,dev_2794,addr_2794
2794,107,1082.8918182030748,purchase,dev_2794,addr_2794
2795,32,3438.2824891943797,purchase,dev_2795,addr_2795
2795,43,1755.0065012029004,purchase,dev_2795,addr_2795
2795,60,863.54322669769,purchase,dev_2795,addr_2795
2795,63,1645.8487315860598,purchase,dev_2795,addr_2795
2796,77,2082.128341784564,purchase,dev_2796,addr_2796
2796,83,1045.1903151420584,purchase,dev_2796,addr_2796
2797,71,1800.7448703072844,purchase,dev_2797,addr_2797
2797,75,1800.7448703072844,return,dev_2797,addr_2797
2797,89,1141.539146393237,purchase,dev_2797,addr_2797
2797,102,2772.8297370120667,purchase,dev_2797,addr_2797
2797,124,3578.913272415825,purchase,dev_2797,addr_2797
2797,138,238.25641076153178,purchase,dev_2797,addr_2797
2797,149,422.5503604758184,purchase,dev_2797,addr_2797
2798,59,1384.689730102772,purchase,dev_2798,addr_2798
2798,62,1002.613651124616,purchase,dev_2798,addr_2798
2798,66,1002.613651124616,return,dev_2798,addr_2798
2799,30,1506.9009879550986,purchase,dev_2799,addr_2799
2799,37,892.5979042233135,purchase,dev_2799,addr_2799
2799,41,849.2446864355027,purchase,dev_2799,addr_2799
2799,63,858.9145105008835,purchase,dev_2799,addr_2799
2799,85,2216.619483348993,purchase,dev_2799,addr_2799
2800,29,493.11152320061075,purchase,dev_2800,addr_2800
2800,53,1361.539745987488,purchase,dev_2800,addr_2800
2800,60,1371.2339584464326,purchase,dev_2800,addr_2800
2800,80,1663.0497258765015,purchase,dev_2800,addr_2800
2800,103,1315.5602773792216,purchase,dev_2800,addr_2800
2800,124,2472.743131881915,purchase,dev_2800,addr_2800
2801,63,2388.1386977732236,purchase,dev_2801,addr_2801
2801,77,1016.998525783984,purchase,dev_2801,addr_2801
2802,34,1528.683838963229,purchase,dev_2802,addr_2802
2802,55,2204.5771771365157,purchase,dev_2802,addr_2802
2802,77,1424.4121468828544,purchase,dev_2802,addr_2802
2802,86,1598.7791903548039,purchase,dev_2802,addr_2802
2802,108,1469.1434956323408,purchase,dev_2802,addr_2802
2802,111,1469.1434956323408,return,dev_2802,addr_2802
2802,111,573.658043604221,purchase,dev_2802,addr_2802
2802,126,1813.6944230625159,purchase,dev_2802,addr_2802
2803,13,1883.181625461238,purchase,dev_2803,addr_2803
2803,27,1625.5267284564331,purchase,dev_2803,addr_2803
2804,60,1236.1673286422354,purchase,dev_2804,addr_2804
2804,84,715.3891508426997,purchase,dev_2804,addr_2804
2804,97,1908.9840202143387,purchase,dev_2804,addr_2804
2804,114,2709.442576147818,purchase,dev_2804,addr_2804
2805,78,1707.0600366338333,purchase,dev_2805,addr_2805
2805,90,1377.5704864654545,purchase,dev_2805,addr_2805
2805,108,2323.211512982692,purchase,dev_2805,addr_2805
2805,111,1048.323722210525,purchase,dev_2805,addr_2805
2806,44,544.326147310637,purchase,dev_2806,addr_2806
2806,52,2544.724699624951,purchase,dev_2806,addr_2806
2806,70,790.0591228343786,purchase,dev_2806,addr_2806
2806,86,1087.1633211526112,purchase,dev_2806,addr_2806
2806,98,1459.1737378613327,purchase,dev_2806,addr_2806
2806,102,1785.6841735440569,purchase,dev_2806,addr_2806
2806,113,1662.2926311194321,purchase,dev_2806,addr_2806
2806,132,1472.4596604491173,purchase,dev_2806,addr_2806
2807,43,1252.613064565779,purchase,dev_2807,addr_2807
2807,58,3537.373168581303,purchase,dev_2807,addr_2807
2807,79,566.7810939607109,purchase,dev_2807,addr_2807
2807,89,4022.341515495691,purchase,dev_2807,addr_2807
2807,99,1435.5227919783126,purchase,dev_2807,addr_2807
2807,113,873.6785435996518,purchase,dev_2807,addr_2807
2807,115,873.6785435996518,return,dev_2807,addr_2807
2808,62,2502.0626425950136,purchase,dev_2808,addr_2808
2808,82,2551.7498276657034,purchase,dev_2808,addr_2808
2808,90,1133.800926865818,purchase,dev_2808,addr_2808
2809,38,1318.4623792741781,purchase,dev_2809,addr_2809
2809,42,1724.6993135354724,purchase,dev_2809,addr_2809
2809,52,1648.9265478685193,purchase,dev_2809,addr_2809
2810,53,800.9236252870048,purchase,dev_2810,addr_2810
2810,56,957.7642948662381,purchase,dev_2810,addr_2810
2810,68,1381.2588999159725,purchase,dev_2810,addr_2810
2811,58,2170.362753384038,purchase,dev_2811,addr_2811
2811,73,2229.5002611626765,purchase,dev_2811,addr_2811
2811,86,3927.245774025319,purchase,dev_2811,addr_2811
2812,79,3339.992662807992,purchase,dev_2812,addr_2812
2812,92,762.9754414972999,purchase,dev_2812,addr_2812
2812,110,737.4375057003514,purchase,dev_2812,addr_2812
2812,126,438.22131252784584,purchase,dev_2812,addr_2812
2813,42,1647.957130745662,purchase,dev_2813,addr_2813
2813,52,1519.7098425812633,purchase,dev_2813,addr_2813
2813,75,1964.085421468308,purchase,dev_2813,addr_2813
2814,29,647.6818829082038,purchase,dev_2814,addr_2814
2814,38,980.9413517640488,purchase,dev_2814,addr_2814
2814,43,1148.5234415441087,purchase,dev_2814,addr_2814
2815,59,1820.5355116832911,purchase,dev_2815,addr_2815
2815,75,1025.5747370449021,purchase,dev_2815,addr_2815
2815,92,1155.1048049169588,purchase,dev_2815,addr_2815
2815,99,2330.58316961744,purchase,dev_2815,addr_2815
2815,120,790.7371513897729,purchase,dev_2815,addr_2815
2816,32,1910.6709546381717,purchase,dev_2816,addr_2816
2816,35,988.1533614405279,purchase,dev_2816,addr_2816
2816,42,821.1981436980057,purchase,dev_2816,addr_2816
2816,63,1973.8199306279087,purchase,dev_2816,addr_2816
2816,83,518.1341956059464,purchase,dev_2816,addr_2816
2817,55,947.7209045547642,purchase,dev_2817,addr_2817
2817,74,1842.5773150447578,purchase,dev_2817,addr_2817
2817,78,984.1924180541433,purchase,dev_2817,addr_2817
2817,89,1230.82674471575,purchase,dev_2817,addr_2817
2818,45,1355.4149859005622,purchase,dev_2818,addr_2818
2818,55,1078.0383452005112,purchase,dev_2818,addr_2818
2818,62,1078.0383452005112,return,dev_2818,addr_2818
2818,65,1152.8158454540394,purchase,dev_2818,addr_2818
2818,87,1691.9553356272052,purchase,dev_2818,addr_2818
2818,105,1005.463657157843,purchase,dev_2818,addr_2818
2818,129,1189.411157354537,purchase,dev_2818,addr_2818
2818,150,779.3493099077621,purchase,dev_2818,addr_2818
2818,168,3135.5161152575024,purchase,dev_2818,addr_2818
2819,27,691.2764021517546,purchase,dev_2819,addr_2819
2819,34,1499.3713053285599,purchase,dev_2819,addr_2819
2819,42,1518.0784464785056,purchase,dev_2819,addr_2819
2819,53,2084.9889840598953,purchase,dev_2819,addr_2819
2819,59,2745.8671934774243,purchase,dev_2819,addr_2819
2820,24,608.1603194629284,purchase,dev_2820,addr_2820
2820,37,2067.091450406737,purchase,dev_2820,addr_2820
2820,40,1790.6998660933991,purchase,dev_2820,addr_2820
2820,45,493.96170185310757,purchase,dev_2820,addr_2820
2821,56,779.7953335293877,purchase,dev_2821,addr_2821
2821,69,4155.888135047177,purchase,dev_2821,addr_2821
2821,71,4155.888135047177,return,dev_2821,addr_2821
2821,92,2048.409637067211,purchase,dev_2821,addr_2821
2822,56,396.60952845551463,purchase,dev_2822,addr_2822
2822,63,1259.3098195036055,purchase,dev_2822,addr_2822
2822,68,1259.3098195036055,return,dev_2822,addr_2822
2822,68,2042.2654189214209,purchase,dev_2822,addr_2822
2822,80,3708.92568210703,purchase,dev_2822,addr_2822
2822,83,1015.862548899943,purchase,dev_2822,addr_2822
2822,86,2557.0815922292268,purchase,dev_2822,addr_2822
2822,107,275.28020116911796,purchase,dev_2822,addr_2822
2823,56,1461.8480071180045,purchase,dev_2823,addr_2823
2823,74,724.439225931177,purchase,dev_2823,addr_2823
2823,86,728.760884716496,purchase,dev_2823,addr_2823
2823,106,557.6947682563655,purchase,dev_2823,addr_2823
2824,36,888.0782669314833,purchase,dev_2824,addr_2824
2824,46,1438.166301410571,purchase,dev_2824,addr_2824
2824,56,1077.2356232445711,purchase,dev_2824,addr_2824
2824,79,857.5578535898111,purchase,dev_2824,addr_2824
2824,100,619.0950963637727,purchase,dev_2824,addr_2824
2824,118,1877.3640040359173,purchase,dev_2824,addr_2824
2824,128,1145.970373101048,purchase,dev_2824,addr_2824
2824,141,4174.1462404854265,purchase,dev_2824,addr_2824
2824,151,1163.396924499752,purchase,dev_2824,addr_2824
2825,30,958.5116591595051,purchase,dev_2825,addr_2825
2825,44,2142.8484667900066,purchase,dev_2825,addr_2825
2825,53,2142.8484667900066,return,dev_2825,addr_2825
2825,58,3017.8448427072194,purchase,dev_2825,addr_2825
2825,68,1366.077757129184,purchase,dev_2825,addr_2825
2825,86,1156.6243293137934,purchase,dev_2825,addr_2825
2826,56,1207.5977588958922,purchase,dev_2826,addr_2826
2826,67,955.5285975179618,purchase,dev_2826,addr_2826
2826,81,1482.8597983363177,purchase,dev_2826,addr_2826
2826,84,1262.9425778884781,purchase,dev_2826,addr_2826
2826,91,836.1367068642733,purchase,dev_2826,addr_2826
2827,16,1632.5883046462895,purchase,dev_2827,addr_2827
2828,49,230.80477628952275,purchase,dev_2828,addr_2828
2828,62,1672.0090079619572,purchase,dev_2828,addr_2828
2828,68,1322.9798896924679,purchase,dev_2828,addr_2828
2828,83,1994.841577015631,purchase,dev_2828,addr_2828
2828,104,1519.7277428039847,purchase,dev_2828,addr_2828
2828,113,1133.9785722397532,purchase,dev_2828,addr_2828
2828,119,903.6232732884554,purchase,dev_2828,addr_2828
2829,67,870.6738964764078,purchase,dev_2829,addr_2829
2829,83,1299.0762483864848,purchase,dev_2829,addr_2829
2829,96,629.02955021302,purchase,dev_2829,addr_2829
2830,58,731.2420020337097,purchase,dev_2830,addr_2830
2830,63,2263.459215269003,purchase,dev_2830,addr_2830
2830,83,1743.639218529116,purchase,dev_2830,addr_2830
2830,91,1300.165830884346,purchase,dev_2830,addr_2830
2831,12,2307.9968919289586,purchase,dev_2831,addr_2831
2831,32,912.013677423821,purchase,dev_2831,addr_2831
2831,36,1612.249758979117,purchase,dev_2831,addr_2831
2831,46,3419.188210960887,purchase,dev_2831,addr_2831
2832,37,662.4901912486229,purchase,dev_2832,addr_2832
2832,59,2217.4750975115803,purchase,dev_2832,addr_2832
2832,76,1275.0454867720855,purchase,dev_2832,addr_2832
2833,29,2116.276013918309,purchase,dev_2833,addr_2833
2833,42,1653.1490822170915,purchase,dev_2833,addr_2833
2834,37,1204.7458479886907,purchase,dev_2834,addr_2834
2834,55,1702.7304791040597,purchase,dev_2834,addr_2834
2834,79,437.97476851562834,purchase,dev_2834,addr_2834
2834,88,1614.8262690363713,purchase,dev_2834,addr_2834
2834,103,1934.6484921661163,purchase,dev_2834,addr_2834
2834,124,757.9074856314389,purchase,dev_2834,addr_2834
2834,135,2228.5248273027205,purchase,dev_2834,addr_2834
2834,149,1306.4189675587218,purchase,dev_2834,addr_2834
2835,44,1061.5727076577919,purchase,dev_2835,addr_2835
2835,50,1527.0548225948805,purchase,dev_2835,addr_2835
2835,66,838.296971036264,purchase,dev_2835,addr_2835
2835,78,1796.3527850183177,purchase,dev_2835,addr_2835
2836,58,1357.3853762809329,purchase,dev_2836,addr_2836
2836,76,2205.092174303408,purchase,dev_2836,addr_2836
2836,84,1718.4070057899785,purchase,dev_2836,addr_2836
2836,98,1269.1388693945985,purchase,dev_2836,addr_2836
2836,115,1115.3533135947648,purchase,dev_2836,addr_2836
2837,64,1426.5288087993854,purchase,dev_2837,addr_2837
2837,83,1089.4414967612581,purchase,dev_2837,addr_2837
2838,43,1838.9496263858302,purchase,dev_2838,addr_2838
2838,61,1190.9271990789014,purchase,dev_2838,addr_2838
2838,70,1714.43295983062,purchase,dev_2838,addr_2838
2839,71,1236.7693126655872,purchase,dev_2839,addr_2839
2839,92,1333.8373507019132,purchase,dev_2839,addr_2839
2839,108,1606.05531113477,purchase,dev_2839,addr_2839
2839,130,4953.49524091993,purchase,dev_2839,addr_2839
2839,137,661.8199102478973,purchase,dev_2839,addr_2839
2839,158,604.3674605576442,purchase,dev_2839,addr_2839
2840,73,1654.1138725535207,purchase,dev_2840,addr_2840
2840,79,1810.2811722549154,purchase,dev_2840,addr_2840
2840,100,2201.764644719273,purchase,dev_2840,addr_2840
2841,40,1485.8701104854304,purchase,dev_2841,addr_2841
2841,50,4264.978483026788,purchase,dev_2841,addr_2841
2841,61,659.9832783009393,purchase,dev_2841,addr_2841
2842,49,1563.5686327605188,purchase,dev_2842,addr_2842
2842,69,437.32717956604927,purchase,dev_2842,addr_2842
2842,74,1421.2558048529454,purchase,dev_2842,addr_2842
2843,11,1143.0855017524277,purchase,dev_2843,addr_2843
2843,16,1854.940949123103,purchase,dev_2843,addr_2843
2844,62,1316.131323647432,purchase,dev_2844,addr_2844
2844,67,1316.131323647432,return,dev_2844,addr_2844
2844,73,1083.865567572785,purchase,dev_2844,addr_2844
2845,43,706.9174648971566,purchase,dev_2845,addr_2845
2845,52,919.7478595544094,purchase,dev_2845,addr_2845
2845,55,1768.4143457229047,purchase,dev_2845,addr_2845
2845,78,1434.7499020818568,purchase,dev_2845,addr_2845
2846,44,1126.7373730898255,purchase,dev_2846,addr_2846
2846,49,1021.7179377508883,purchase,dev_2846,addr_2846
2846,62,2950.254818475472,purchase,dev_2846,addr_2846
2846,85,1386.9683817265084,purchase,dev_2846,addr_2846
2846,89,2484.411236101464,purchase,dev_2846,addr_2846
2846,93,1555.4140657972093,purchase,dev_2846,addr_2846
2847,51,1659.5459478588032,purchase,dev_2847,addr_2847
2848,46,690.0012739208908,purchase,dev_2848,addr_2848
2848,69,2054.034658281338,purchase,dev_2848,addr_2848
2848,86,1024.6132767608487,purchase,dev_2848,addr_2848
2848,110,1803.3340666129875,purchase,dev_2848,addr_2848
2848,134,1159.07375232734,purchase,dev_2848,addr_2848
2849,64,772.5365591713619,purchase,dev_2849,addr_2849
2849,76,1228.1956626687124,purchase,dev_2849,addr_2849
2849,79,883.2148615435667,purchase,dev_2849,addr_2849
2849,82,1139.8411184075812,purchase,dev_2849,addr_2849
2849,98,3311.522937973066,purchase,dev_2849,addr_2849
2849,120,645.1350693730308,purchase,dev_2849,addr_2849
2849,125,2741.508758632964,purchase,dev_2849,addr_2849
2849,141,905.2604998569651,purchase,dev_2849,addr_2849
2850,28,47847.031700740874,purchase,dev_2850,addr_2850
2851,75,26000.0,purchase,dev_2851,addr_2851
2852,66,27765.931509136288,purchase,dev_2852,addr_2852
2853,32,33094.24737323171,purchase,dev_2853,addr_2853
2854,49,28752.2908630687,purchase,dev_2854,addr_2854
2855,64,33990.76659439396,purchase,dev_2855,addr_2855
2856,29,39359.801118692296,purchase,dev_2856,addr_2856
2857,55,26000.0,purchase,dev_2857,addr_2857
2858,17,36623.72562178659,purchase,dev_2858,addr_2858
2859,19,40155.46057618745,purchase,dev_2859,addr_2859
2860,22,26000.0,purchase,dev_2860,addr_2860
2861,44,35967.242871096416,purchase,dev_2861,addr_2861
2862,25,33380.445531363344,purchase,dev_2862,addr_2862
2863,15,26986.857456270358,purchase,dev_2863,addr_2863
2864,58,27635.38702937221,purchase,dev_2864,addr_2864
2865,64,27716.79363632068,purchase,dev_2865,addr_2865
2866,46,30984.047049445573,purchase,dev_2866,addr_2866
2867,58,31086.834746292494,purchase,dev_2867,addr_2867
2868,49,45396.07314491804,purchase,dev_2868,addr_2868
2869,46,37197.59524536429,purchase,dev_2869,addr_2869
2870,33,37434.63916300109,purchase,dev_2870,addr_2870
2871,66,35560.52782542271,purchase,dev_2871,addr_2871
2872,48,36207.95832486384,purchase,dev_2872,addr_2872
2873,39,37982.445088048364,purchase,dev_2873,addr_2873
2874,63,26024.155031753045,purchase,dev_2874,addr_2874
2875,50,33718.28728843571,purchase,dev_2875,addr_2875
2876,44,27932.3482111415,purchase,dev_2876,addr_2876
2877,58,42177.32039218406,purchase,dev_2877,addr_2877
2878,36,30306.03492103948,purchase,dev_2878,addr_2878
2879,14,38088.30847511395,purchase,dev_2879,addr_2879
2880,43,39513.17709711729,purchase,dev_2880,addr_2880
2881,53,36712.24419881256,purchase,dev_2881,addr_2881
2882,16,35856.6404977801,purchase,dev_2882,addr_2882
2883,37,34615.31041416039,purchase,dev_2883,addr_2883
2884,23,39913.25331978972,purchase,dev_2884,addr_2884
2885,39,28469.92603194889,purchase,dev_2885,addr_2885
2886,37,37322.05121225134,purchase,dev_2886,addr_2886
2887,36,26000.0,purchase,dev_2887,addr_2887
2888,63,29958.59004755987,purchase,dev_2888,addr_2888
2889,68,30867.006742747875,purchase,dev_2889,addr_2889
2890,67,26000.0,purchase,dev_2890,addr_2890
2891,30,35870.13506100674,purchase,dev_2891,addr_2891
2892,34,28932.118617061074,purchase,dev_2892,addr_2892
2893,29,43877.15558664772,purchase,dev_2893,addr_2893
2894,31,32719.704516979604,purchase,dev_2894,addr_2894
2895,36,39313.794558346286,purchase,dev_2895,addr_2895
2896,51,42361.019921551444,purchase,dev_2896,addr_2896
2897,45,38280.617677687864,purchase,dev_2897,addr_2897
2898,26,31636.920730654754,purchase,dev_2898,addr_2898
2899,50,34578.75543892412,purchase,dev_2899,addr_2899
2900,15,26000.0,purchase,dev_2900,addr_2900
2901,24,39449.97456061418,purchase,dev_2901,addr_2901
2902,61,51433.535713774254,purchase,dev_2902,addr_2902
2903,22,41642.71230387436,purchase,dev_2903,addr_2903
2904,25,31305.931616035457,purchase,dev_2904,addr_2904
2905,16,31993.48550820019,purchase,dev_2905,addr_2905
2906,54,42009.84056735266,purchase,dev_2906,addr_2906
2907,49,26000.0,purchase,dev_2907,addr_2907
2908,58,26000.0,purchase,dev_2908,addr_2908
2909,57,29287.56858335776,purchase,dev_2909,addr_2909
2910,67,29895.323374493655,purchase,dev_2910,addr_2910
2911,36,26000.0,purchase,dev_2911,addr_2911
2912,63,37738.406187660024,purchase,dev_2912,addr_2912
2913,22,31415.61258162243,purchase,dev_2913,addr_2913
2914,24,31479.82572074973,purchase,dev_2914,addr_2914
2915,44,35510.02869070856,purchase,dev_2915,addr_2915
2916,22,26000.0,purchase,dev_2916,addr_2916
2917,54,33855.66018888523,purchase,dev_2917,addr_2917
2918,17,26000.0,purchase,dev_2918,addr_2918
2919,28,37719.45559492442,purchase,dev_2919,addr_2919
2920,53,43130.96594143693,purchase,dev_2920,addr_2920
2921,69,39407.81549113383,purchase,dev_2921,addr_2921
2922,47,30007.99442104769,purchase,dev_2922,addr_2922
2923,14,38494.53216427791,purchase,dev_2923,addr_2923
2924,57,32475.741943728033,purchase,dev_2924,addr_2924
2925,44,35100.86637247898,purchase,dev_2925,addr_2925
2926,24,38028.26521072328,purchase,dev_2926,addr_2926
2927,18,26000.0,purchase,dev_2927,addr_2927
2928,39,26000.0,purchase,dev_2928,addr_2928
2929,22,33008.386863295054,purchase,dev_2929,addr_2929
2930,47,28319.57166285612,purchase,dev_2930,addr_2930
2931,35,34083.82627594897,purchase,dev_2931,addr_2931
2932,14,35347.23674356398,purchase,dev_2932,addr_2932
2933,41,26000.0,purchase,dev_2933,addr_2933
2934,30,30066.86007214654,purchase,dev_2934,addr_2934
2935,57,31782.599380665473,purchase,dev_2935,addr_2935
2936,32,26676.99990059803,purchase,dev_2936,addr_2936
2937,31,36277.48337511043,purchase,dev_2937,addr_2937
2938,27,40392.88096331766,purchase,dev_2938,addr_2938
2939,41,26000.0,purchase,dev_2939,addr_2939
2940,41,39963.67250766714,purchase,dev_2940,addr_2940
2941,51,37282.28485084018,purchase,dev_2941,addr_2941
2942,28,39337.53146437563,purchase,dev_2942,addr_2942
2943,52,43337.94626178534,purchase,dev_2943,addr_2943
2944,10,30080.85049040195,purchase,dev_2944,addr_2944
2945,22,41992.150873967184,purchase,dev_2945,addr_2945
2946,32,43483.5669938473,purchase,dev_2946,addr_2946
2947,29,26000.0,purchase,dev_2947,addr_2947
2948,56,35374.876712313126,purchase,dev_2948,addr_2948
2949,56,35066.257882798585,purchase,dev_2949,addr_2949
2950,30,44025.22225632584,purchase,dev_2950,addr_2950
2951,51,54112.26407246552,purchase,dev_2951,addr_2951
2952,43,39430.41288999626,purchase,dev_2952,addr_2952
2953,58,50073.83653200425,purchase,dev_2953,addr_2953
2954,72,49713.89035446519,purchase,dev_2954,addr_2954
2955,25,28720.85979643351,purchase,dev_2955,addr_2955
2956,62,38653.844052043976,purchase,dev_2956,addr_2956
2957,61,33913.52833417537,purchase,dev_2957,addr_2957
2958,21,37885.11572163247,purchase,dev_2958,addr_2958
2959,38,39569.80469984893,purchase,dev_2959,addr_2959
2960,26,40948.95596772608,purchase,dev_2960,addr_2960
2961,64,31907.313128502687,purchase,dev_2961,addr_2961
2962,20,33233.69731169152,purchase,dev_2962,addr_2962
2963,56,40266.52145405687,purchase,dev_2963,addr_2963
2964,36,36741.55098643963,purchase,dev_2964,addr_2964
2965,40,29413.757264770244,purchase,dev_2965,addr_2965
2966,47,33441.30947610337,purchase,dev_2966,addr_2966
2967,39,42610.29769436839,purchase,dev_2967,addr_2967
2968,57,27325.13292894111,purchase,dev_2968,addr_2968
2969,13,34217.73680137115,purchase,dev_2969,addr_2969
2970,32,26000.0,purchase,dev_2970,addr_2970
2971,33,43372.23601225493,purchase,dev_2971,addr_2971
2972,35,54659.82978003402,purchase,dev_2972,addr_2972
2973,15,45638.68535805767,purchase,dev_2973,addr_2973
2974,54,30548.900517190785,purchase,dev_2974,addr_2974
2975,63,30510.89391965617,purchase,dev_2975,addr_2975
2976,64,42893.612600666034,purchase,dev_2976,addr_2976
2977,20,41787.07460079215,purchase,dev_2977,addr_2977
2978,23,46951.3354249468,purchase,dev_2978,addr_2978
2979,77,34606.78957235361,purchase,dev_2979,addr_2979
2980,32,26306.120685982205,purchase,dev_2980,addr_2980
2981,24,34788.71299818221,purchase,dev_2981,addr_2981
2982,45,33621.24488105349,purchase,dev_2982,addr_2982
2983,69,52279.12825012541,purchase,dev_2983,addr_2983
2984,30,39685.03481377225,purchase,dev_2984,addr_2984
2985,37,26000.0,purchase,dev_2985,addr_2985
2986,67,40006.38746320073,purchase,dev_2986,addr_2986
2987,17,43459.466155364964,purchase,dev_2987,addr_2987
2988,64,42055.450403531344,purchase,dev_2988,addr_2988
2989,18,41540.21157823507,purchase,dev_2989,addr_2989
2990,22,36594.12903530358,purchase,dev_2990,addr_2990
2991,46,33249.369748248166,purchase,dev_2991,addr_2991
2992,54,26000.0,purchase,dev_2992,addr_2992
2993,56,47585.42392478899,purchase,dev_2993,addr_2993
2994,10,38921.95904970617,purchase,dev_2994,addr_2994
2995,60,30712.710119932723,purchase,dev_2995,addr_2995
2996,40,35719.3614440162,purchase,dev_2996,addr_2996
2997,62,26000.0,purchase,dev_2997,addr_2997
2998,37,35649.103419809966,purchase,dev_2998,addr_2998
2999,58,44716.7877709299,purchase,dev_2999,addr_2999
3000,38,1389.137755899049,purchase,dev_ring_loud_0,addr_ring_loud_0
3000,59,41014.90489788838,purchase,dev_ring_loud_0,addr_ring_loud_0
3000,62,41014.90489788838,return,dev_ring_loud_0,addr_ring_loud_0
3000,64,41014.90489788838,chargeback,dev_ring_loud_0,addr_ring_loud_0
3001,42,1480.6038789623535,purchase,dev_ring_loud_0,addr_ring_loud_0
3001,61,44413.28026186784,purchase,dev_ring_loud_0,addr_ring_loud_0
3001,64,44413.28026186784,return,dev_ring_loud_0,addr_ring_loud_0
3001,66,44413.28026186784,chargeback,dev_ring_loud_0,addr_ring_loud_0
3002,13,890.3743948270892,purchase,dev_ring_loud_0,addr_ring_loud_0
3002,36,39787.811266659206,purchase,dev_ring_loud_0,addr_ring_loud_0
3002,39,39787.811266659206,return,dev_ring_loud_0,addr_ring_loud_0
3002,41,39787.811266659206,chargeback,dev_ring_loud_0,addr_ring_loud_0
3003,18,1786.2480240807436,purchase,dev_ring_loud_0,addr_ring_loud_0
3003,38,43508.55805145467,purchase,dev_ring_loud_0,addr_ring_loud_0
3003,41,43508.55805145467,return,dev_ring_loud_0,addr_ring_loud_0
3003,44,43508.55805145467,chargeback,dev_ring_loud_0,addr_ring_loud_0
3004,35,1356.1866215450714,purchase,dev_ring_loud_1,addr_ring_loud_1
3004,58,42523.2213808228,purchase,dev_ring_loud_1,addr_ring_loud_1
3004,60,42523.2213808228,return,dev_ring_loud_1,addr_ring_loud_1
3004,61,42523.2213808228,chargeback,dev_ring_loud_1,addr_ring_loud_1
3005,14,1315.9197270251575,purchase,dev_ring_loud_1,addr_ring_loud_1
3005,31,38241.369283852786,purchase,dev_ring_loud_1,addr_ring_loud_1
3005,34,38241.369283852786,return,dev_ring_loud_1,addr_ring_loud_1
3005,36,38241.369283852786,chargeback,dev_ring_loud_1,addr_ring_loud_1
3006,37,1378.9462292322341,purchase,dev_ring_loud_1,addr_ring_loud_1
3006,54,46043.54713543354,purchase,dev_ring_loud_1,addr_ring_loud_1
3006,56,46043.54713543354,return,dev_ring_loud_1,addr_ring_loud_1
3006,58,46043.54713543354,chargeback,dev_ring_loud_1,addr_ring_loud_1
3007,42,1235.2780091734942,purchase,dev_ring_loud_1,addr_ring_loud_1
3007,61,40595.72598409353,purchase,dev_ring_loud_1,addr_ring_loud_1
3007,66,40595.72598409353,return,dev_ring_loud_1,addr_ring_loud_1
3007,69,40595.72598409353,chargeback,dev_ring_loud_1,addr_ring_loud_1
3008,32,1412.203411317311,purchase,dev_ring_loud_2,addr_ring_loud_2
3008,52,36967.098559735976,purchase,dev_ring_loud_2,addr_ring_loud_2
3008,55,36967.098559735976,return,dev_ring_loud_2,addr_ring_loud_2
3008,56,36967.098559735976,chargeback,dev_ring_loud_2,addr_ring_loud_2
3009,31,1120.3520533249841,purchase,dev_ring_loud_2,addr_ring_loud_2
3009,51,42057.546607098644,purchase,dev_ring_loud_2,addr_ring_loud_2
3009,56,42057.546607098644,return,dev_ring_loud_2,addr_ring_loud_2
3009,57,42057.546607098644,chargeback,dev_ring_loud_2,addr_ring_loud_2
3010,32,497.6668117030181,purchase,dev_ring_loud_2,addr_ring_loud_2
3010,51,37595.58357196566,purchase,dev_ring_loud_2,addr_ring_loud_2
3010,53,37595.58357196566,return,dev_ring_loud_2,addr_ring_loud_2
3010,55,37595.58357196566,chargeback,dev_ring_loud_2,addr_ring_loud_2
3011,31,1051.5559748686921,purchase,dev_ring_loud_2,addr_ring_loud_2
3011,49,39675.09033047003,purchase,dev_ring_loud_2,addr_ring_loud_2
3011,53,39675.09033047003,return,dev_ring_loud_2,addr_ring_loud_2
3011,55,39675.09033047003,chargeback,dev_ring_loud_2,addr_ring_loud_2
3012,5,1124.950185906476,purchase,dev_ring_loud_3,addr_ring_loud_3
3012,22,31851.219567103217,purchase,dev_ring_loud_3,addr_ring_loud_3
3012,24,31851.219567103217,return,dev_ring_loud_3,addr_ring_loud_3
3012,26,31851.219567103217,chargeback,dev_ring_loud_3,addr_ring_loud_3
3013,43,1522.5239076733603,purchase,dev_ring_loud_3,addr_ring_loud_3
3013,64,40827.270541975326,purchase,dev_ring_loud_3,addr_ring_loud_3
3013,68,40827.270541975326,return,dev_ring_loud_3,addr_ring_loud_3
3013,70,40827.270541975326,chargeback,dev_ring_loud_3,addr_ring_loud_3
3014,13,1272.1926505652912,purchase,dev_ring_loud_3,addr_ring_loud_3
3014,34,35184.394420986726,purchase,dev_ring_loud_3,addr_ring_loud_3
3014,38,35184.394420986726,return,dev_ring_loud_3,addr_ring_loud_3
3014,40,35184.394420986726,chargeback,dev_ring_loud_3,addr_ring_loud_3
3015,39,685.6587869577914,purchase,dev_ring_loud_3,addr_ring_loud_3
3015,56,49507.1845272389,purchase,dev_ring_loud_3,addr_ring_loud_3
3015,61,49507.1845272389,return,dev_ring_loud_3,addr_ring_loud_3
3015,62,49507.1845272389,chargeback,dev_ring_loud_3,addr_ring_loud_3
3016,40,997.911626920478,purchase,dev_ring_loud_4,addr_ring_loud_4
3016,58,47419.56165956397,purchase,dev_ring_loud_4,addr_ring_loud_4
3016,61,47419.56165956397,return,dev_ring_loud_4,addr_ring_loud_4
3016,64,47419.56165956397,chargeback,dev_ring_loud_4,addr_ring_loud_4
3017,8,1081.411880426716,purchase,dev_ring_loud_4,addr_ring_loud_4
3017,30,42211.77343948616,purchase,dev_ring_loud_4,addr_ring_loud_4
3017,34,42211.77343948616,return,dev_ring_loud_4,addr_ring_loud_4
3017,37,42211.77343948616,chargeback,dev_ring_loud_4,addr_ring_loud_4
3018,16,1659.4617300286507,purchase,dev_ring_loud_4,addr_ring_loud_4
3018,34,44307.86403789055,purchase,dev_ring_loud_4,addr_ring_loud_4
3018,39,44307.86403789055,return,dev_ring_loud_4,addr_ring_loud_4
3018,42,44307.86403789055,chargeback,dev_ring_loud_4,addr_ring_loud_4
3019,26,1481.4635841364552,purchase,dev_ring_loud_4,addr_ring_loud_4
3019,48,45364.1219348105,purchase,dev_ring_loud_4,addr_ring_loud_4
3019,51,45364.1219348105,return,dev_ring_loud_4,addr_ring_loud_4
3019,52,45364.1219348105,chargeback,dev_ring_loud_4,addr_ring_loud_4
3020,25,1501.838063800876,purchase,dev_ring_loud_5,addr_ring_loud_5
3020,45,47819.75300055035,purchase,dev_ring_loud_5,addr_ring_loud_5
3020,49,47819.75300055035,return,dev_ring_loud_5,addr_ring_loud_5
3020,51,47819.75300055035,chargeback,dev_ring_loud_5,addr_ring_loud_5
3021,34,788.2576115083564,purchase,dev_ring_loud_5,addr_ring_loud_5
3021,51,51151.861251901006,purchase,dev_ring_loud_5,addr_ring_loud_5
3021,55,51151.861251901006,return,dev_ring_loud_5,addr_ring_loud_5
3021,57,51151.861251901006,chargeback,dev_ring_loud_5,addr_ring_loud_5
3022,33,1183.2393690292672,purchase,dev_ring_loud_5,addr_ring_loud_5
3022,55,37524.14479557242,purchase,dev_ring_loud_5,addr_ring_loud_5
3022,58,37524.14479557242,return,dev_ring_loud_5,addr_ring_loud_5
3022,61,37524.14479557242,chargeback,dev_ring_loud_5,addr_ring_loud_5
3023,11,1333.5520503343485,purchase,dev_ring_loud_5,addr_ring_loud_5
3023,31,32027.78991264592,purchase,dev_ring_loud_5,addr_ring_loud_5
3023,36,32027.78991264592,return,dev_ring_loud_5,addr_ring_loud_5
3023,37,32027.78991264592,chargeback,dev_ring_loud_5,addr_ring_loud_5
3024,30,982.5050714878813,purchase,dev_ring_loud_6,addr_ring_loud_6
3024,47,32399.65422053901,purchase,dev_ring_loud_6,addr_ring_loud_6
3024,49,32399.65422053901,return,dev_ring_loud_6,addr_ring_loud_6
3024,52,32399.65422053901,chargeback,dev_ring_loud_6,addr_ring_loud_6
3025,4,737.4250831824584,purchase,dev_ring_loud_6,addr_ring_loud_6
3025,27,46573.39639254159,purchase,dev_ring_loud_6,addr_ring_loud_6
3025,29,46573.39639254159,return,dev_ring_loud_6,addr_ring_loud_6
3025,32,46573.39639254159,chargeback,dev_ring_loud_6,addr_ring_loud_6
3026,40,980.7299027530759,purchase,dev_ring_loud_6,addr_ring_loud_6
3026,63,33775.33831159133,purchase,dev_ring_loud_6,addr_ring_loud_6
3026,65,33775.33831159133,return,dev_ring_loud_6,addr_ring_loud_6
3026,67,33775.33831159133,chargeback,dev_ring_loud_6,addr_ring_loud_6
3027,30,981.8343904472345,purchase,dev_ring_loud_6,addr_ring_loud_6
3027,50,37025.56431210868,purchase,dev_ring_loud_6,addr_ring_loud_6
3027,53,37025.56431210868,return,dev_ring_loud_6,addr_ring_loud_6
3027,55,37025.56431210868,chargeback,dev_ring_loud_6,addr_ring_loud_6
3028,13,1033.0900231494345,purchase,dev_ring_loud_7,addr_ring_loud_7
3028,36,36806.365931473585,purchase,dev_ring_loud_7,addr_ring_loud_7
3028,39,36806.365931473585,return,dev_ring_loud_7,addr_ring_loud_7
3028,41,36806.365931473585,chargeback,dev_ring_loud_7,addr_ring_loud_7
3029,27,659.0688432384925,purchase,dev_ring_loud_7,addr_ring_loud_7
3029,50,41527.60893337681,purchase,dev_ring_loud_7,addr_ring_loud_7
3029,54,41527.60893337681,return,dev_ring_loud_7,addr_ring_loud_7
3029,56,41527.60893337681,chargeback,dev_ring_loud_7,addr_ring_loud_7
3030,29,1149.5219917577028,purchase,dev_ring_loud_7,addr_ring_loud_7
3030,52,37429.00955927622,purchase,dev_ring_loud_7,addr_ring_loud_7
3030,55,37429.00955927622,return,dev_ring_loud_7,addr_ring_loud_7
3030,58,37429.00955927622,chargeback,dev_ring_loud_7,addr_ring_loud_7
3031,42,1783.2830381118688,purchase,dev_ring_loud_7,addr_ring_loud_7
3031,60,45535.50665082403,purchase,dev_ring_loud_7,addr_ring_loud_7
3031,63,45535.50665082403,return,dev_ring_loud_7,addr_ring_loud_7
3031,64,45535.50665082403,chargeback,dev_ring_loud_7,addr_ring_loud_7
3032,41,1203.0807346069564,purchase,dev_ring_loud_8,addr_ring_loud_8
3032,63,41384.67521043886,purchase,dev_ring_loud_8,addr_ring_loud_8
3032,67,41384.67521043886,return,dev_ring_loud_8,addr_ring_loud_8
3032,68,41384.67521043886,chargeback,dev_ring_loud_8,addr_ring_loud_8
3033,11,1050.1148723885753,purchase,dev_ring_loud_8,addr_ring_loud_8
3033,33,46393.4030811698,purchase,dev_ring_loud_8,addr_ring_loud_8
3033,37,46393.4030811698,return,dev_ring_loud_8,addr_ring_loud_8
3033,39,46393.4030811698,chargeback,dev_ring_loud_8,addr_ring_loud_8
3034,20,1281.1282053359523,purchase,dev_ring_loud_8,addr_ring_loud_8
3034,37,47762.535440899715,purchase,dev_ring_loud_8,addr_ring_loud_8
3034,39,47762.535440899715,return,dev_ring_loud_8,addr_ring_loud_8
3034,42,47762.535440899715,chargeback,dev_ring_loud_8,addr_ring_loud_8
3035,31,326.5797584651049,purchase,dev_ring_loud_8,addr_ring_loud_8
3035,50,37304.32135241227,purchase,dev_ring_loud_8,addr_ring_loud_8
3035,55,37304.32135241227,return,dev_ring_loud_8,addr_ring_loud_8
3035,58,37304.32135241227,chargeback,dev_ring_loud_8,addr_ring_loud_8
3036,4,1385.7312974656504,purchase,dev_ring_loud_9,addr_ring_loud_9
3036,21,56351.008660369655,purchase,dev_ring_loud_9,addr_ring_loud_9
3036,25,56351.008660369655,return,dev_ring_loud_9,addr_ring_loud_9
3036,28,56351.008660369655,chargeback,dev_ring_loud_9,addr_ring_loud_9
3037,18,1268.60564478233,purchase,dev_ring_loud_9,addr_ring_loud_9
3037,37,47015.628842739694,purchase,dev_ring_loud_9,addr_ring_loud_9
3037,39,47015.628842739694,return,dev_ring_loud_9,addr_ring_loud_9
3037,41,47015.628842739694,chargeback,dev_ring_loud_9,addr_ring_loud_9
3038,36,1125.4528538517832,purchase,dev_ring_loud_9,addr_ring_loud_9
3038,59,45269.30457187785,purchase,dev_ring_loud_9,addr_ring_loud_9
3038,61,45269.30457187785,return,dev_ring_loud_9,addr_ring_loud_9
3038,63,45269.30457187785,chargeback,dev_ring_loud_9,addr_ring_loud_9
3039,42,690.1021544734481,purchase,dev_ring_loud_9,addr_ring_loud_9
3039,63,33477.69568954341,purchase,dev_ring_loud_9,addr_ring_loud_9
3039,67,33477.69568954341,return,dev_ring_loud_9,addr_ring_loud_9
3039,68,33477.69568954341,chargeback,dev_ring_loud_9,addr_ring_loud_9
3040,37,834.5436286204767,purchase,dev_ring_loud_10,addr_ring_loud_10
3040,56,47982.68297877707,purchase,dev_ring_loud_10,addr_ring_loud_10
3040,59,47982.68297877707,return,dev_ring_loud_10,addr_ring_loud_10
3040,61,47982.68297877707,chargeback,dev_ring_loud_10,addr_ring_loud_10
3041,34,1386.638538196137,purchase,dev_ring_loud_10,addr_ring_loud_10
3041,51,47459.12000787174,purchase,dev_ring_loud_10,addr_ring_loud_10
3041,53,47459.12000787174,return,dev_ring_loud_10,addr_ring_loud_10
3041,55,47459.12000787174,chargeback,dev_ring_loud_10,addr_ring_loud_10
3042,12,1317.5005715481655,purchase,dev_ring_loud_10,addr_ring_loud_10
3042,29,40355.250321894724,purchase,dev_ring_loud_10,addr_ring_loud_10
3042,34,40355.250321894724,return,dev_ring_loud_10,addr_ring_loud_10
3042,37,40355.250321894724,chargeback,dev_ring_loud_10,addr_ring_loud_10
3043,7,937.9001721513114,purchase,dev_ring_loud_10,addr_ring_loud_10
3043,28,33814.94372080566,purchase,dev_ring_loud_10,addr_ring_loud_10
3043,32,33814.94372080566,return,dev_ring_loud_10,addr_ring_loud_10
3043,33,33814.94372080566,chargeback,dev_ring_loud_10,addr_ring_loud_10
3044,20,1321.8606373730597,purchase,dev_ring_loud_11,addr_ring_loud_11
3044,43,33720.500954676616,purchase,dev_ring_loud_11,addr_ring_loud_11
3044,47,33720.500954676616,return,dev_ring_loud_11,addr_ring_loud_11
3044,49,33720.500954676616,chargeback,dev_ring_loud_11,addr_ring_loud_11
3045,40,1830.9727430133717,purchase,dev_ring_loud_11,addr_ring_loud_11
3045,59,48920.25979401772,purchase,dev_ring_loud_11,addr_ring_loud_11
3045,64,48920.25979401772,return,dev_ring_loud_11,addr_ring_loud_11
3045,66,48920.25979401772,chargeback,dev_ring_loud_11,addr_ring_loud_11
3046,33,1021.8373189216536,purchase,dev_ring_loud_11,addr_ring_loud_11
3046,51,52829.37697429442,purchase,dev_ring_loud_11,addr_ring_loud_11
3046,55,52829.37697429442,return,dev_ring_loud_11,addr_ring_loud_11
3046,56,52829.37697429442,chargeback,dev_ring_loud_11,addr_ring_loud_11
3047,17,1060.3803405700273,purchase,dev_ring_loud_11,addr_ring_loud_11
3047,40,44830.554795622724,purchase,dev_ring_loud_11,addr_ring_loud_11
3047,44,44830.554795622724,return,dev_ring_loud_11,addr_ring_loud_11
3047,45,44830.554795622724,chargeback,dev_ring_loud_11,addr_ring_loud_11
3048,9,795.6396374528131,purchase,dev_ring_loud_12,addr_ring_loud_12
3048,29,42197.70079645038,purchase,dev_ring_loud_12,addr_ring_loud_12
3048,31,42197.70079645038,return,dev_ring_loud_12,addr_ring_loud_12
3048,34,42197.70079645038,chargeback,dev_ring_loud_12,addr_ring_loud_12
3049,27,1075.763420483232,purchase,dev_ring_loud_12,addr_ring_loud_12
3049,46,33189.99061355214,purchase,dev_ring_loud_12,addr_ring_loud_12
3049,50,33189.99061355214,return,dev_ring_loud_12,addr_ring_loud_12
3049,53,33189.99061355214,chargeback,dev_ring_loud_12,addr_ring_loud_12
3050,20,1390.0223751475744,purchase,dev_ring_loud_12,addr_ring_loud_12
3050,37,37761.91215497863,purchase,dev_ring_loud_12,addr_ring_loud_12
3050,41,37761.91215497863,return,dev_ring_loud_12,addr_ring_loud_12
3050,44,37761.91215497863,chargeback,dev_ring_loud_12,addr_ring_loud_12
3051,32,1073.218570968625,purchase,dev_ring_loud_12,addr_ring_loud_12
3051,50,46874.47136356373,purchase,dev_ring_loud_12,addr_ring_loud_12
3051,53,46874.47136356373,return,dev_ring_loud_12,addr_ring_loud_12
3051,55,46874.47136356373,chargeback,dev_ring_loud_12,addr_ring_loud_12
3052,45,1094.6157812415247,purchase,dev_ring_loud_13,addr_ring_loud_13
3052,64,44277.16910190059,purchase,dev_ring_loud_13,addr_ring_loud_13
3052,67,44277.16910190059,return,dev_ring_loud_13,addr_ring_loud_13
3052,69,44277.16910190059,chargeback,dev_ring_loud_13,addr_ring_loud_13
3053,32,1236.1918743109222,purchase,dev_ring_loud_13,addr_ring_loud_13
3053,51,38719.78941254735,purchase,dev_ring_loud_13,addr_ring_loud_13
3053,54,38719.78941254735,return,dev_ring_loud_13,addr_ring_loud_13
3053,57,38719.78941254735,chargeback,dev_ring_loud_13,addr_ring_loud_13
3054,28,876.585442624809,purchase,dev_ring_loud_13,addr_ring_loud_13
3054,51,41461.60251017737,purchase,dev_ring_loud_13,addr_ring_loud_13
3054,56,41461.60251017737,return,dev_ring_loud_13,addr_ring_loud_13
3054,57,41461.60251017737,chargeback,dev_ring_loud_13,addr_ring_loud_13
3055,32,1082.5684481404328,purchase,dev_ring_loud_13,addr_ring_loud_13
3055,52,48433.83344475236,purchase,dev_ring_loud_13,addr_ring_loud_13
3055,56,48433.83344475236,return,dev_ring_loud_13,addr_ring_loud_13
3055,59,48433.83344475236,chargeback,dev_ring_loud_13,addr_ring_loud_13
3056,14,1791.7570313660183,purchase,dev_ring_loud_14,addr_ring_loud_14
3056,34,44733.39630663253,purchase,dev_ring_loud_14,addr_ring_loud_14
3056,36,44733.39630663253,return,dev_ring_loud_14,addr_ring_loud_14
3056,37,44733.39630663253,chargeback,dev_ring_loud_14,addr_ring_loud_14
3057,38,1336.0200925221104,purchase,dev_ring_loud_14,addr_ring_loud_14
3057,56,37863.87523922489,purchase,dev_ring_loud_14,addr_ring_loud_14
3057,58,37863.87523922489,return,dev_ring_loud_14,addr_ring_loud_14
3057,60,37863.87523922489,chargeback,dev_ring_loud_14,addr_ring_loud_14
3058,11,1135.519647615942,purchase,dev_ring_loud_14,addr_ring_loud_14
3058,33,50065.51701584561,purchase,dev_ring_loud_14,addr_ring_loud_14
3058,36,50065.51701584561,return,dev_ring_loud_14,addr_ring_loud_14
3058,37,50065.51701584561,chargeback,dev_ring_loud_14,addr_ring_loud_14
3059,11,848.5736988628528,purchase,dev_ring_loud_14,addr_ring_loud_14
3059,32,58001.72638146941,purchase,dev_ring_loud_14,addr_ring_loud_14
3059,37,58001.72638146941,return,dev_ring_loud_14,addr_ring_loud_14
3059,38,58001.72638146941,chargeback,dev_ring_loud_14,addr_ring_loud_14
3060,18,1183.7091902471443,purchase,dev_ring_loud_15,addr_ring_loud_15
3060,39,53847.39182045261,purchase,dev_ring_loud_15,addr_ring_loud_15
3060,41,53847.39182045261,return,dev_ring_loud_15,addr_ring_loud_15
3060,42,53847.39182045261,chargeback,dev_ring_loud_15,addr_ring_loud_15
3061,46,1084.4843391002407,purchase,dev_ring_loud_15,addr_ring_loud_15
3061,65,39304.706347626416,purchase,dev_ring_loud_15,addr_ring_loud_15
3061,68,39304.706347626416,return,dev_ring_loud_15,addr_ring_loud_15
3061,69,39304.706347626416,chargeback,dev_ring_loud_15,addr_ring_loud_15
3062,24,1135.804405479374,purchase,dev_ring_loud_15,addr_ring_loud_15
3062,41,45544.407064384395,purchase,dev_ring_loud_15,addr_ring_loud_15
3062,45,45544.407064384395,return,dev_ring_loud_15,addr_ring_loud_15
3062,46,45544.407064384395,chargeback,dev_ring_loud_15,addr_ring_loud_15
3063,46,1171.6528867728018,purchase,dev_ring_loud_15,addr_ring_loud_15
3063,64,43230.15812185157,purchase,dev_ring_loud_15,addr_ring_loud_15
3063,69,43230.15812185157,return,dev_ring_loud_15,addr_ring_loud_15
3063,72,43230.15812185157,chargeback,dev_ring_loud_15,addr_ring_loud_15
3064,9,1664.0970711401665,purchase,dev_ring_loud_16,addr_ring_loud_16
3064,29,34755.75116190245,purchase,dev_ring_loud_16,addr_ring_loud_16
3064,34,34755.75116190245,return,dev_ring_loud_16,addr_ring_loud_16
3064,35,34755.75116190245,chargeback,dev_ring_loud_16,addr_ring_loud_16
3065,25,738.9812468157766,purchase,dev_ring_loud_16,addr_ring_loud_16
3065,48,51399.704646227976,purchase,dev_ring_loud_16,addr_ring_loud_16
3065,52,51399.704646227976,return,dev_ring_loud_16,addr_ring_loud_16
3065,53,51399.704646227976,chargeback,dev_ring_loud_16,addr_ring_loud_16
3066,37,1184.3841860726338,purchase,dev_ring_loud_16,addr_ring_loud_16
3066,59,47470.14562885979,purchase,dev_ring_loud_16,addr_ring_loud_16
3066,62,47470.14562885979,return,dev_ring_loud_16,addr_ring_loud_16
3066,63,47470.14562885979,chargeback,dev_ring_loud_16,addr_ring_loud_16
3067,13,514.6202320520509,purchase,dev_ring_loud_16,addr_ring_loud_16
3067,30,43326.78955196104,purchase,dev_ring_loud_16,addr_ring_loud_16
3067,35,43326.78955196104,return,dev_ring_loud_16,addr_ring_loud_16
3067,36,43326.78955196104,chargeback,dev_ring_loud_16,addr_ring_loud_16
3068,11,1109.2549896132725,purchase,dev_ring_loud_17,addr_ring_loud_17
3068,32,47785.0913108705,purchase,dev_ring_loud_17,addr_ring_loud_17
3068,37,47785.0913108705,return,dev_ring_loud_17,addr_ring_loud_17
3068,40,47785.0913108705,chargeback,dev_ring_loud_17,addr_ring_loud_17
3069,18,1077.1124237089489,purchase,dev_ring_loud_17,addr_ring_loud_17
3069,40,49002.80240314861,purchase,dev_ring_loud_17,addr_ring_loud_17
3069,43,49002.80240314861,return,dev_ring_loud_17,addr_ring_loud_17
3069,44,49002.80240314861,chargeback,dev_ring_loud_17,addr_ring_loud_17
3070,29,1275.528544680792,purchase,dev_ring_loud_17,addr_ring_loud_17
3070,52,47628.60413477116,purchase,dev_ring_loud_17,addr_ring_loud_17
3070,57,47628.60413477116,return,dev_ring_loud_17,addr_ring_loud_17
3070,60,47628.60413477116,chargeback,dev_ring_loud_17,addr_ring_loud_17
3071,17,1183.6107624206795,purchase,dev_ring_loud_17,addr_ring_loud_17
3071,38,42488.03188948816,purchase,dev_ring_loud_17,addr_ring_loud_17
3071,41,42488.03188948816,return,dev_ring_loud_17,addr_ring_loud_17
3071,44,42488.03188948816,chargeback,dev_ring_loud_17,addr_ring_loud_17
3072,6,866.0822434476429,purchase,dev_ring_loud_18,addr_ring_loud_18
3072,23,43302.12885327398,purchase,dev_ring_loud_18,addr_ring_loud_18
3072,27,43302.12885327398,return,dev_ring_loud_18,addr_ring_loud_18
3072,30,43302.12885327398,chargeback,dev_ring_loud_18,addr_ring_loud_18
3073,16,897.4030007525578,purchase,dev_ring_loud_18,addr_ring_loud_18
3073,36,39912.69400679461,purchase,dev_ring_loud_18,addr_ring_loud_18
3073,38,39912.69400679461,return,dev_ring_loud_18,addr_ring_loud_18
3073,40,39912.69400679461,chargeback,dev_ring_loud_18,addr_ring_loud_18
3074,37,1195.9852303008224,purchase,dev_ring_loud_18,addr_ring_loud_18
3074,54,43913.55378460689,purchase,dev_ring_loud_18,addr_ring_loud_18
3074,57,43913.55378460689,return,dev_ring_loud_18,addr_ring_loud_18
3074,59,43913.55378460689,chargeback,dev_ring_loud_18,addr_ring_loud_18
3075,47,736.7333325828104,purchase,dev_ring_loud_18,addr_ring_loud_18
3075,66,30000.0,purchase,dev_ring_loud_18,addr_ring_loud_18
3075,70,30000.0,return,dev_ring_loud_18,addr_ring_loud_18
3075,72,30000.0,chargeback,dev_ring_loud_18,addr_ring_loud_18
3076,21,1413.788554363624,purchase,dev_ring_loud_19,addr_ring_loud_19
3076,41,41367.7618096853,purchase,dev_ring_loud_19,addr_ring_loud_19
3076,44,41367.7618096853,return,dev_ring_loud_19,addr_ring_loud_19
3076,47,41367.7618096853,chargeback,dev_ring_loud_19,addr_ring_loud_19
3077,42,1485.1987631257487,purchase,dev_ring_loud_19,addr_ring_loud_19
3077,62,34255.119462334194,purchase,dev_ring_loud_19,addr_ring_loud_19
3077,64,34255.119462334194,return,dev_ring_loud_19,addr_ring_loud_19
3077,65,34255.119462334194,chargeback,dev_ring_loud_19,addr_ring_loud_19
3078,10,789.7497409241835,purchase,dev_ring_loud_19,addr_ring_loud_19
3078,29,37775.28734016377,purchase,dev_ring_loud_19,addr_ring_loud_19
3078,31,37775.28734016377,return,dev_ring_loud_19,addr_ring_loud_19
3078,34,37775.28734016377,chargeback,dev_ring_loud_19,addr_ring_loud_19
3079,8,1113.3105601981463,purchase,dev_ring_loud_19,addr_ring_loud_19
3079,29,37976.63258026003,purchase,dev_ring_loud_19,addr_ring_loud_19
3079,34,37976.63258026003,return,dev_ring_loud_19,addr_ring_loud_19
3079,35,37976.63258026003,chargeback,dev_ring_loud_19,addr_ring_loud_19
3080,34,875.8553421507314,purchase,dev_ring_stealth_0,addr_ring_stealth_0
3080,53,15171.157007617843,purchase,dev_ring_stealth_0,addr_ring_stealth_0
3080,58,15171.157007617843,return,dev_ring_stealth_0,addr_ring_stealth_0
3080,60,15171.157007617843,chargeback,dev_ring_stealth_0,addr_ring_stealth_0
3081,17,1084.9412174188735,purchase,dev_ring_stealth_0,addr_ring_stealth_0
3081,36,14430.773487157945,purchase,dev_ring_stealth_0,addr_ring_stealth_0
3081,40,14430.773487157945,return,dev_ring_stealth_0,addr_ring_stealth_0
3081,42,14430.773487157945,chargeback,dev_ring_stealth_0,addr_ring_stealth_0
3082,24,669.6263615753536,purchase,dev_ring_stealth_0,addr_ring_stealth_0
3082,46,11312.78396732468,purchase,dev_ring_stealth_0,addr_ring_stealth_0
3082,49,11312.78396732468,return,dev_ring_stealth_0,addr_ring_stealth_0
3082,52,11312.78396732468,chargeback,dev_ring_stealth_0,addr_ring_stealth_0
3083,21,942.3810591778491,purchase,dev_ring_stealth_0,addr_ring_stealth_0
3083,39,16404.726570720268,purchase,dev_ring_stealth_0,addr_ring_stealth_0
3083,44,16404.726570720268,return,dev_ring_stealth_0,addr_ring_stealth_0
3083,47,16404.726570720268,chargeback,dev_ring_stealth_0,addr_ring_stealth_0
3084,15,1093.5829118928718,purchase,dev_ring_stealth_1,addr_ring_stealth_1
3084,38,14147.492697991229,purchase,dev_ring_stealth_1,addr_ring_stealth_1
3084,41,14147.492697991229,return,dev_ring_stealth_1,addr_ring_stealth_1
3084,42,14147.492697991229,chargeback,dev_ring_stealth_1,addr_ring_stealth_1
3085,33,909.0779689949375,purchase,dev_ring_stealth_1,addr_ring_stealth_1
3085,50,12920.22209037582,purchase,dev_ring_stealth_1,addr_ring_stealth_1
3085,54,12920.22209037582,return,dev_ring_stealth_1,addr_ring_stealth_1
3085,57,12920.22209037582,chargeback,dev_ring_stealth_1,addr_ring_stealth_1
3086,43,836.1019458710598,purchase,dev_ring_stealth_1,addr_ring_stealth_1
3086,63,13465.075573102024,purchase,dev_ring_stealth_1,addr_ring_stealth_1
3086,67,13465.075573102024,return,dev_ring_stealth_1,addr_ring_stealth_1
3086,69,13465.075573102024,chargeback,dev_ring_stealth_1,addr_ring_stealth_1
3087,10,580.5481916974579,purchase,dev_ring_stealth_1,addr_ring_stealth_1
3087,33,14200.14691954068,purchase,dev_ring_stealth_1,addr_ring_stealth_1
3087,38,14200.14691954068,return,dev_ring_stealth_1,addr_ring_stealth_1
3087,40,14200.14691954068,chargeback,dev_ring_stealth_1,addr_ring_stealth_1
3088,38,727.2912806536195,purchase,dev_ring_stealth_2,addr_ring_stealth_2
3088,59,12222.926806831807,purchase,dev_ring_stealth_2,addr_ring_stealth_2
3088,61,12222.926806831807,return,dev_ring_stealth_2,addr_ring_stealth_2
3088,64,12222.926806831807,chargeback,dev_ring_stealth_2,addr_ring_stealth_2
3089,30,1021.1065182072986,purchase,dev_ring_stealth_2,addr_ring_stealth_2
3089,53,17956.426155048863,purchase,dev_ring_stealth_2,addr_ring_stealth_2
3089,58,17956.426155048863,return,dev_ring_stealth_2,addr_ring_stealth_2
3089,60,17956.426155048863,chargeback,dev_ring_stealth_2,addr_ring_stealth_2
3090,28,540.9067977572699,purchase,dev_ring_stealth_2,addr_ring_stealth_2
3090,47,11255.03251073496,purchase,dev_ring_stealth_2,addr_ring_stealth_2
3090,52,11255.03251073496,return,dev_ring_stealth_2,addr_ring_stealth_2
3090,53,11255.03251073496,chargeback,dev_ring_stealth_2,addr_ring_stealth_2
3091,15,684.5336833735942,purchase,dev_ring_stealth_2,addr_ring_stealth_2
3091,32,16233.593513094198,purchase,dev_ring_stealth_2,addr_ring_stealth_2
3091,37,16233.593513094198,return,dev_ring_stealth_2,addr_ring_stealth_2
3091,39,16233.593513094198,chargeback,dev_ring_stealth_2,addr_ring_stealth_2
3092,14,1272.7516313990845,purchase,dev_ring_stealth_3,addr_ring_stealth_3
3092,32,9484.890958913395,purchase,dev_ring_stealth_3,addr_ring_stealth_3
3092,35,9484.890958913395,return,dev_ring_stealth_3,addr_ring_stealth_3
3092,37,9484.890958913395,chargeback,dev_ring_stealth_3,addr_ring_stealth_3
3093,22,1153.3062461339005,purchase,dev_ring_stealth_3,addr_ring_stealth_3
3093,40,12341.994083784164,purchase,dev_ring_stealth_3,addr_ring_stealth_3
3093,43,12341.994083784164,return,dev_ring_stealth_3,addr_ring_stealth_3
3093,44,12341.994083784164,chargeback,dev_ring_stealth_3,addr_ring_stealth_3
3094,41,795.412726612356,purchase,dev_ring_stealth_3,addr_ring_stealth_3
3094,58,14073.12010220772,purchase,dev_ring_stealth_3,addr_ring_stealth_3
3094,63,14073.12010220772,return,dev_ring_stealth_3,addr_ring_stealth_3
3094,65,14073.12010220772,chargeback,dev_ring_stealth_3,addr_ring_stealth_3
3095,10,1216.5853848313145,purchase,dev_ring_stealth_3,addr_ring_stealth_3
3095,30,16861.920858811947,purchase,dev_ring_stealth_3,addr_ring_stealth_3
3095,32,16861.920858811947,return,dev_ring_stealth_3,addr_ring_stealth_3
3095,34,16861.920858811947,chargeback,dev_ring_stealth_3,addr_ring_stealth_3
3096,23,869.9193127433838,purchase,dev_ring_stealth_4,addr_ring_stealth_4
3096,40,14289.70008785433,purchase,dev_ring_stealth_4,addr_ring_stealth_4
3096,45,14289.70008785433,return,dev_ring_stealth_4,addr_ring_stealth_4
3096,46,14289.70008785433,chargeback,dev_ring_stealth_4,addr_ring_stealth_4
3097,27,685.1683743131199,purchase,dev_ring_stealth_4,addr_ring_stealth_4
3097,44,11838.42508333668,purchase,dev_ring_stealth_4,addr_ring_stealth_4
3097,47,11838.42508333668,return,dev_ring_stealth_4,addr_ring_stealth_4
3097,50,11838.42508333668,chargeback,dev_ring_stealth_4,addr_ring_stealth_4
3098,23,922.2542808400405,purchase,dev_ring_stealth_4,addr_ring_stealth_4
3098,43,15320.785993372547,purchase,dev_ring_stealth_4,addr_ring_stealth_4
3098,47,15320.785993372547,return,dev_ring_stealth_4,addr_ring_stealth_4
3098,50,15320.785993372547,chargeback,dev_ring_stealth_4,addr_ring_stealth_4
3099,34,831.5795426021587,purchase,dev_ring_stealth_4,addr_ring_stealth_4
3099,53,15657.33581036355,purchase,dev_ring_stealth_4,addr_ring_stealth_4
3099,58,15657.33581036355,return,dev_ring_stealth_4,addr_ring_stealth_4
3099,59,15657.33581036355,chargeback,dev_ring_stealth_4,addr_ring_stealth_4
3100,8,599.1095803640317,purchase,dev_ring_stealth_5,addr_ring_stealth_5
3100,25,14412.671496056177,purchase,dev_ring_stealth_5,addr_ring_stealth_5
3100,30,14412.671496056177,return,dev_ring_stealth_5,addr_ring_stealth_5
3100,31,14412.671496056177,chargeback,dev_ring_stealth_5,addr_ring_stealth_5
3101,30,944.6892832810031,purchase,dev_ring_stealth_5,addr_ring_stealth_5
3101,50,14766.789940475894,purchase,dev_ring_stealth_5,addr_ring_stealth_5
3101,53,14766.789940475894,return,dev_ring_stealth_5,addr_ring_stealth_5
3101,55,14766.789940475894,chargeback,dev_ring_stealth_5,addr_ring_stealth_5
3102,31,1168.979580384668,purchase,dev_ring_stealth_5,addr_ring_stealth_5
3102,54,15277.232784202288,purchase,dev_ring_stealth_5,addr_ring_stealth_5
3102,59,15277.232784202288,return,dev_ring_stealth_5,addr_ring_stealth_5
3102,60,15277.232784202288,chargeback,dev_ring_stealth_5,addr_ring_stealth_5
3103,33,995.46162864574,purchase,dev_ring_stealth_5,addr_ring_stealth_5
3103,51,14148.416023738191,purchase,dev_ring_stealth_5,addr_ring_stealth_5
3103,54,14148.416023738191,return,dev_ring_stealth_5,addr_ring_stealth_5
3103,57,14148.416023738191,chargeback,dev_ring_stealth_5,addr_ring_stealth_5
3104,8,992.2467688512701,purchase,dev_ring_stealth_6,addr_ring_stealth_6
3104,26,11184.512134571694,purchase,dev_ring_stealth_6,addr_ring_stealth_6
3104,29,11184.512134571694,return,dev_ring_stealth_6,addr_ring_stealth_6
3104,32,11184.512134571694,chargeback,dev_ring_stealth_6,addr_ring_stealth_6
3105,15,855.8680298061544,purchase,dev_ring_stealth_6,addr_ring_stealth_6
3105,35,14647.34513795252,purchase,dev_ring_stealth_6,addr_ring_stealth_6
3105,38,14647.34513795252,return,dev_ring_stealth_6,addr_ring_stealth_6
3105,39,14647.34513795252,chargeback,dev_ring_stealth_6,addr_ring_stealth_6
3106,30,733.8299237120391,purchase,dev_ring_stealth_6,addr_ring_stealth_6
3106,48,11603.413419902561,purchase,dev_ring_stealth_6,addr_ring_stealth_6
3106,52,11603.413419902561,return,dev_ring_stealth_6,addr_ring_stealth_6
3106,54,11603.413419902561,chargeback,dev_ring_stealth_6,addr_ring_stealth_6
3107,21,1327.8787734820937,purchase,dev_ring_stealth_6,addr_ring_stealth_6
3107,42,11058.656490498764,purchase,dev_ring_stealth_6,addr_ring_stealth_6
3107,46,11058.656490498764,return,dev_ring_stealth_6,addr_ring_stealth_6
3107,49,11058.656490498764,chargeback,dev_ring_stealth_6,addr_ring_stealth_6
3108,34,953.8647780209772,purchase,dev_ring_stealth_7,addr_ring_stealth_7
3108,55,12470.471557237648,purchase,dev_ring_stealth_7,addr_ring_stealth_7
3108,58,12470.471557237648,return,dev_ring_stealth_7,addr_ring_stealth_7
3108,60,12470.471557237648,chargeback,dev_ring_stealth_7,addr_ring_stealth_7
3109,18,804.9555040489258,purchase,dev_ring_stealth_7,addr_ring_stealth_7
3109,39,13663.612214378492,purchase,dev_ring_stealth_7,addr_ring_stealth_7
3109,41,13663.612214378492,return,dev_ring_stealth_7,addr_ring_stealth_7
3109,44,13663.612214378492,chargeback,dev_ring_stealth_7,addr_ring_stealth_7
3110,42,858.0516482259161,purchase,dev_ring_stealth_7,addr_ring_stealth_7
3110,59,8000.0,purchase,dev_ring_stealth_7,addr_ring_stealth_7
3110,62,8000.0,return,dev_ring_stealth_7,addr_ring_stealth_7
3110,64,8000.0,chargeback,dev_ring_stealth_7,addr_ring_stealth_7
3111,40,1010.3390272410425,purchase,dev_ring_stealth_7,addr_ring_stealth_7
3111,60,15994.742927486659,purchase,dev_ring_stealth_7,addr_ring_stealth_7
3111,63,15994.742927486659,return,dev_ring_stealth_7,addr_ring_stealth_7
3111,66,15994.742927486659,chargeback,dev_ring_stealth_7,addr_ring_stealth_7
3112,16,1035.1531957070865,purchase,dev_ring_stealth_8,addr_ring_stealth_8
3112,35,11676.130086534122,purchase,dev_ring_stealth_8,addr_ring_stealth_8
3112,37,11676.130086534122,return,dev_ring_stealth_8,addr_ring_stealth_8
3112,39,11676.130086534122,chargeback,dev_ring_stealth_8,addr_ring_stealth_8
3113,43,873.0265425598727,purchase,dev_ring_stealth_8,addr_ring_stealth_8
3113,64,15288.882662155404,purchase,dev_ring_stealth_8,addr_ring_stealth_8
3113,68,15288.882662155404,return,dev_ring_stealth_8,addr_ring_stealth_8
3113,71,15288.882662155404,chargeback,dev_ring_stealth_8,addr_ring_stealth_8
3114,41,768.3782236164946,purchase,dev_ring_stealth_8,addr_ring_stealth_8
3114,64,15994.203189684149,purchase,dev_ring_stealth_8,addr_ring_stealth_8
3114,68,15994.203189684149,return,dev_ring_stealth_8,addr_ring_stealth_8
3114,70,15994.203189684149,chargeback,dev_ring_stealth_8,addr_ring_stealth_8
3115,8,1020.9729832017821,purchase,dev_ring_stealth_8,addr_ring_stealth_8
3115,29,12851.3825833474,purchase,dev_ring_stealth_8,addr_ring_stealth_8
3115,31,12851.3825833474,return,dev_ring_stealth_8,addr_ring_stealth_8
3115,34,12851.3825833474,chargeback,dev_ring_stealth_8,addr_ring_stealth_8
3116,7,715.7458506963629,purchase,dev_ring_stealth_9,addr_ring_stealth_9
3116,30,16783.20207020057,purchase,dev_ring_stealth_9,addr_ring_stealth_9
3116,33,16783.20207020057,return,dev_ring_stealth_9,addr_ring_stealth_9
3116,35,16783.20207020057,chargeback,dev_ring_stealth_9,addr_ring_stealth_9
3117,29,1054.4881027343993,purchase,dev_ring_stealth_9,addr_ring_stealth_9
3117,49,14460.19423319583,purchase,dev_ring_stealth_9,addr_ring_stealth_9
3117,52,14460.19423319583,return,dev_ring_stealth_9,addr_ring_stealth_9
3117,54,14460.19423319583,chargeback,dev_ring_stealth_9,addr_ring_stealth_9
3118,41,655.5159126417594,purchase,dev_ring_stealth_9,addr_ring_stealth_9
3118,62,12285.824744865633,purchase,dev_ring_stealth_9,addr_ring_stealth_9
3118,64,12285.824744865633,return,dev_ring_stealth_9,addr_ring_stealth_9
3118,67,12285.824744865633,chargeback,dev_ring_stealth_9,addr_ring_stealth_9
3119,16,1260.742096408809,purchase,dev_ring_stealth_9,addr_ring_stealth_9
3119,36,16813.774242826577,purchase,dev_ring_stealth_9,addr_ring_stealth_9
3119,41,16813.774242826577,return,dev_ring_stealth_9,addr_ring_stealth_9
3119,44,16813.774242826577,chargeback,dev_ring_stealth_9,addr_ring_stealth_9
3120,23,692.3048722090908,purchase,dev_ring_stealth_10,addr_ring_stealth_10
3120,41,11223.810606167222,purchase,dev_ring_stealth_10,addr_ring_stealth_10
3120,46,11223.810606167222,return,dev_ring_stealth_10,addr_ring_stealth_10
3120,49,11223.810606167222,chargeback,dev_ring_stealth_10,addr_ring_stealth_10
3121,14,853.4801736347043,purchase,dev_ring_stealth_10,addr_ring_stealth_10
3121,33,14665.326712778658,purchase,dev_ring_stealth_10,addr_ring_stealth_10
3121,36,14665.326712778658,return,dev_ring_stealth_10,addr_ring_stealth_10
3121,37,14665.326712778658,chargeback,dev_ring_stealth_10,addr_ring_stealth_10
3122,14,762.8724365156667,purchase,dev_ring_stealth_10,addr_ring_stealth_10
3122,36,11988.16600233556,purchase,dev_ring_stealth_10,addr_ring_stealth_10
3122,40,11988.16600233556,return,dev_ring_stealth_10,addr_ring_stealth_10
3122,42,11988.16600233556,chargeback,dev_ring_stealth_10,addr_ring_stealth_10
3123,8,1014.2244641562826,purchase,dev_ring_stealth_10,addr_ring_stealth_10
3123,28,12207.307496950949,purchase,dev_ring_stealth_10,addr_ring_stealth_10
3123,33,12207.307496950949,return,dev_ring_stealth_10,addr_ring_stealth_10
3123,34,12207.307496950949,chargeback,dev_ring_stealth_10,addr_ring_stealth_10
3124,14,986.8404202842132,purchase,dev_ring_stealth_11,addr_ring_stealth_11
3124,33,11840.560908011405,purchase,dev_ring_stealth_11,addr_ring_stealth_11
3124,37,11840.560908011405,return,dev_ring_stealth_11,addr_ring_stealth_11
3124,39,11840.560908011405,chargeback,dev_ring_stealth_11,addr_ring_stealth_11
3125,43,1074.5682046953286,purchase,dev_ring_stealth_11,addr_ring_stealth_11
3125,66,15522.587977514324,purchase,dev_ring_stealth_11,addr_ring_stealth_11
3125,71,15522.587977514324,return,dev_ring_stealth_11,addr_ring_stealth_11
3125,72,15522.587977514324,chargeback,dev_ring_stealth_11,addr_ring_stealth_11
3126,47,612.2374744820464,purchase,dev_ring_stealth_11,addr_ring_stealth_11
3126,65,10715.523507221833,purchase,dev_ring_stealth_11,addr_ring_stealth_11
3126,68,10715.523507221833,return,dev_ring_stealth_11,addr_ring_stealth_11
3126,69,10715.523507221833,chargeback,dev_ring_stealth_11,addr_ring_stealth_11
3127,5,892.7722367868597,purchase,dev_ring_stealth_11,addr_ring_stealth_11
3127,24,13319.097610785846,purchase,dev_ring_stealth_11,addr_ring_stealth_11
3127,28,13319.097610785846,return,dev_ring_stealth_11,addr_ring_stealth_11
3127,31,13319.097610785846,chargeback,dev_ring_stealth_11,addr_ring_stealth_11
3128,39,1152.9348786980415,purchase,dev_ring_stealth_12,addr_ring_stealth_12
3128,58,16350.164669892563,purchase,dev_ring_stealth_12,addr_ring_stealth_12
3128,63,16350.164669892563,return,dev_ring_stealth_12,addr_ring_stealth_12
3128,65,16350.164669892563,chargeback,dev_ring_stealth_12,addr_ring_stealth_12
3129,44,876.7153425734554,purchase,dev_ring_stealth_12,addr_ring_stealth_12
3129,64,13500.214560094772,purchase,dev_ring_stealth_12,addr_ring_stealth_12
3129,69,13500.214560094772,return,dev_ring_stealth_12,addr_ring_stealth_12
3129,71,13500.214560094772,chargeback,dev_ring_stealth_12,addr_ring_stealth_12
3130,33,752.1474733568081,purchase,dev_ring_stealth_12,addr_ring_stealth_12
3130,50,12273.604093183016,purchase,dev_ring_stealth_12,addr_ring_stealth_12
3130,52,12273.604093183016,return,dev_ring_stealth_12,addr_ring_stealth_12
3130,53,12273.604093183016,chargeback,dev_ring_stealth_12,addr_ring_stealth_12
3131,48,509.5361581143592,purchase,dev_ring_stealth_12,addr_ring_stealth_12
3131,70,15490.058247325846,purchase,dev_ring_stealth_12,addr_ring_stealth_12
3131,74,15490.058247325846,return,dev_ring_stealth_12,addr_ring_stealth_12
3131,75,15490.058247325846,chargeback,dev_ring_stealth_12,addr_ring_stealth_12
3132,25,979.0378148810172,purchase,dev_ring_stealth_13,addr_ring_stealth_13
3132,47,16580.884934421305,purchase,dev_ring_stealth_13,addr_ring_stealth_13
3132,49,16580.884934421305,return,dev_ring_stealth_13,addr_ring_stealth_13
3132,50,16580.884934421305,chargeback,dev_ring_stealth_13,addr_ring_stealth_13
3133,45,560.5159698042559,purchase,dev_ring_stealth_13,addr_ring_stealth_13
3133,65,15237.04727776894,purchase,dev_ring_stealth_13,addr_ring_stealth_13
3133,67,15237.04727776894,return,dev_ring_stealth_13,addr_ring_stealth_13
3133,69,15237.04727776894,chargeback,dev_ring_stealth_13,addr_ring_stealth_13
3134,22,671.7115540116866,purchase,dev_ring_stealth_13,addr_ring_stealth_13
3134,40,14853.505179833786,purchase,dev_ring_stealth_13,addr_ring_stealth_13
3134,43,14853.505179833786,return,dev_ring_stealth_13,addr_ring_stealth_13
3134,46,14853.505179833786,chargeback,dev_ring_stealth_13,addr_ring_stealth_13
3135,36,656.662373181902,purchase,dev_ring_stealth_13,addr_ring_stealth_13
3135,56,15303.093424929702,purchase,dev_ring_stealth_13,addr_ring_stealth_13
3135,58,15303.093424929702,return,dev_ring_stealth_13,addr_ring_stealth_13
3135,60,15303.093424929702,chargeback,dev_ring_stealth_13,addr_ring_stealth_13
3136,21,872.795551263856,purchase,dev_ring_stealth_14,addr_ring_stealth_14
3136,39,15503.762442748372,purchase,dev_ring_stealth_14,addr_ring_stealth_14
3136,41,15503.762442748372,return,dev_ring_stealth_14,addr_ring_stealth_14
3136,42,15503.762442748372,chargeback,dev_ring_stealth_14,addr_ring_stealth_14
3137,38,1066.6235496600896,purchase,dev_ring_stealth_14,addr_ring_stealth_14
3137,59,12616.073911169115,purchase,dev_ring_stealth_14,addr_ring_stealth_14
3137,62,12616.073911169115,return,dev_ring_stealth_14,addr_ring_stealth_14
3137,65,12616.073911169115,chargeback,dev_ring_stealth_14,addr_ring_stealth_14
3138,16,1026.165540365002,purchase,dev_ring_stealth_14,addr_ring_stealth_14
3138,37,11962.050996435326,purchase,dev_ring_stealth_14,addr_ring_stealth_14
3138,41,11962.050996435326,return,dev_ring_stealth_14,addr_ring_stealth_14
3138,44,11962.050996435326,chargeback,dev_ring_stealth_14,addr_ring_stealth_14
3139,39,592.4702763384462,purchase,dev_ring_stealth_14,addr_ring_stealth_14
3139,56,8871.438341715253,purchase,dev_ring_stealth_14,addr_ring_stealth_14
3139,58,8871.438341715253,return,dev_ring_stealth_14,addr_ring_stealth_14
3139,61,8871.438341715253,chargeback,dev_ring_stealth_14,addr_ring_stealth_14
3140,22,666.0919269416177,purchase,dev_ring_stealth_15,addr_ring_stealth_15
3140,40,11026.685515920944,purchase,dev_ring_stealth_15,addr_ring_stealth_15
3140,43,11026.685515920944,return,dev_ring_stealth_15,addr_ring_stealth_15
3140,45,11026.685515920944,chargeback,dev_ring_stealth_15,addr_ring_stealth_15
3141,8,746.3131049803385,purchase,dev_ring_stealth_15,addr_ring_stealth_15
3141,30,11176.985298919633,purchase,dev_ring_stealth_15,addr_ring_stealth_15
3141,34,11176.985298919633,return,dev_ring_stealth_15,addr_ring_stealth_15
3141,35,11176.985298919633,chargeback,dev_ring_stealth_15,addr_ring_stealth_15
3142,43,1326.1121527885766,purchase,dev_ring_stealth_15,addr_ring_stealth_15
3142,63,13470.59974051004,purchase,dev_ring_stealth_15,addr_ring_stealth_15
3142,68,13470.59974051004,return,dev_ring_stealth_15,addr_ring_stealth_15
3142,69,13470.59974051004,chargeback,dev_ring_stealth_15,addr_ring_stealth_15
3143,24,555.7929481775508,purchase,dev_ring_stealth_15,addr_ring_stealth_15
3143,42,8210.897138373697,purchase,dev_ring_stealth_15,addr_ring_stealth_15
3143,47,8210.897138373697,return,dev_ring_stealth_15,addr_ring_stealth_15
3143,49,8210.897138373697,chargeback,dev_ring_stealth_15,addr_ring_stealth_15
3144,36,1113.1673107839936,purchase,dev_ring_stealth_16,addr_ring_stealth_16
3144,58,14111.24852690027,purchase,dev_ring_stealth_16,addr_ring_stealth_16
3144,61,14111.24852690027,return,dev_ring_stealth_16,addr_ring_stealth_16
3144,62,14111.24852690027,chargeback,dev_ring_stealth_16,addr_ring_stealth_16
3145,43,1111.933589632653,purchase,dev_ring_stealth_16,addr_ring_stealth_16
3145,65,14156.150311010739,purchase,dev_ring_stealth_16,addr_ring_stealth_16
3145,70,14156.150311010739,return,dev_ring_stealth_16,addr_ring_stealth_16
3145,72,14156.150311010739,chargeback,dev_ring_stealth_16,addr_ring_stealth_16
3146,45,870.0031394264635,purchase,dev_ring_stealth_16,addr_ring_stealth_16
3146,65,14992.421889108798,purchase,dev_ring_stealth_16,addr_ring_stealth_16
3146,68,14992.421889108798,return,dev_ring_stealth_16,addr_ring_stealth_16
3146,70,14992.421889108798,chargeback,dev_ring_stealth_16,addr_ring_stealth_16
3147,27,840.8781580124019,purchase,dev_ring_stealth_16,addr_ring_stealth_16
3147,45,12678.12080334991,purchase,dev_ring_stealth_16,addr_ring_stealth_16
3147,47,12678.12080334991,return,dev_ring_stealth_16,addr_ring_stealth_16
3147,49,12678.12080334991,chargeback,dev_ring_stealth_16,addr_ring_stealth_16
3148,41,680.3098919588642,purchase,dev_ring_stealth_17,addr_ring_stealth_17
3148,61,16062.28240740025,purchase,dev_ring_stealth_17,addr_ring_stealth_17
3148,64,16062.28240740025,return,dev_ring_stealth_17,addr_ring_stealth_17
3148,66,16062.28240740025,chargeback,dev_ring_stealth_17,addr_ring_stealth_17
3149,41,514.6046229493174,purchase,dev_ring_stealth_17,addr_ring_stealth_17
3149,61,12978.679304904497,purchase,dev_ring_stealth_17,addr_ring_stealth_17
3149,63,12978.679304904497,return,dev_ring_stealth_17,addr_ring_stealth_17
3149,66,12978.679304904497,chargeback,dev_ring_stealth_17,addr_ring_stealth_17
3150,23,853.6672455200148,purchase,dev_ring_stealth_17,addr_ring_stealth_17
3150,44,19108.011093122324,purchase,dev_ring_stealth_17,addr_ring_stealth_17
3150,46,19108.011093122324,return,dev_ring_stealth_17,addr_ring_stealth_17
3150,48,19108.011093122324,chargeback,dev_ring_stealth_17,addr_ring_stealth_17
3151,35,821.7798526438858,purchase,dev_ring_stealth_17,addr_ring_stealth_17
3151,55,12658.724850890942,purchase,dev_ring_stealth_17,addr_ring_stealth_17
3151,59,12658.724850890942,return,dev_ring_stealth_17,addr_ring_stealth_17
3151,61,12658.724850890942,chargeback,dev_ring_stealth_17,addr_ring_stealth_17
3152,19,748.8712624235882,purchase,dev_ring_stealth_18,addr_ring_stealth_18
3152,38,12263.833702259932,purchase,dev_ring_stealth_18,addr_ring_stealth_18
3152,41,12263.833702259932,return,dev_ring_stealth_18,addr_ring_stealth_18
3152,42,12263.833702259932,chargeback,dev_ring_stealth_18,addr_ring_stealth_18
3153,11,947.065694261093,purchase,dev_ring_stealth_18,addr_ring_stealth_18
3153,34,12621.568061425829,purchase,dev_ring_stealth_18,addr_ring_stealth_18
3153,36,12621.568061425829,return,dev_ring_stealth_18,addr_ring_stealth_18
3153,37,12621.568061425829,chargeback,dev_ring_stealth_18,addr_ring_stealth_18
3154,38,958.1831008761964,purchase,dev_ring_stealth_18,addr_ring_stealth_18
3154,59,15868.847065574573,purchase,dev_ring_stealth_18,addr_ring_stealth_18
3154,61,15868.847065574573,return,dev_ring_stealth_18,addr_ring_stealth_18
3154,63,15868.847065574573,chargeback,dev_ring_stealth_18,addr_ring_stealth_18
3155,45,920.5124851672288,purchase,dev_ring_stealth_18,addr_ring_stealth_18
3155,68,16988.337774511492,purchase,dev_ring_stealth_18,addr_ring_stealth_18
3155,73,16988.337774511492,return,dev_ring_stealth_18,addr_ring_stealth_18
3155,76,16988.337774511492,chargeback,dev_ring_stealth_18,addr_ring_stealth_18
3156,12,1062.6356534896752,purchase,dev_ring_stealth_19,addr_ring_stealth_19
3156,30,12254.207360396298,purchase,dev_ring_stealth_19,addr_ring_stealth_19
3156,33,12254.207360396298,return,dev_ring_stealth_19,addr_ring_stealth_19
3156,35,12254.207360396298,chargeback,dev_ring_stealth_19,addr_ring_stealth_19
3157,32,835.4802465432974,purchase,dev_ring_stealth_19,addr_ring_stealth_19
3157,50,12433.996706492808,purchase,dev_ring_stealth_19,addr_ring_stealth_19
3157,55,12433.996706492808,return,dev_ring_stealth_19,addr_ring_stealth_19
3157,58,12433.996706492808,chargeback,dev_ring_stealth_19,addr_ring_stealth_19
3158,4,1117.5669249009484,purchase,dev_ring_stealth_19,addr_ring_stealth_19
3158,23,12162.548646864463,purchase,dev_ring_stealth_19,addr_ring_stealth_19
3158,27,12162.548646864463,return,dev_ring_stealth_19,addr_ring_stealth_19
3158,30,12162.548646864463,chargeback,dev_ring_stealth_19,addr_ring_stealth_19
3159,34,881.5849190744477,purchase,dev_ring_stealth_19,addr_ring_stealth_19
3159,55,16400.293493543817,purchase,dev_ring_stealth_19,addr_ring_stealth_19
3159,57,16400.293493543817,return,dev_ring_stealth_19,addr_ring_stealth_19
3159,59,16400.293493543817,chargeback,dev_ring_stealth_19,addr_ring_stealth_19
3160,15,764.9639651458467,purchase,dev_ring_stealth_20,addr_ring_stealth_20
3160,36,14067.911356666733,purchase,dev_ring_stealth_20,addr_ring_stealth_20
3160,39,14067.911356666733,return,dev_ring_stealth_20,addr_ring_stealth_20
3160,40,14067.911356666733,chargeback,dev_ring_stealth_20,addr_ring_stealth_20
3161,38,937.620358809881,purchase,dev_ring_stealth_20,addr_ring_stealth_20
3161,55,16935.974353564634,purchase,dev_ring_stealth_20,addr_ring_stealth_20
3161,57,16935.974353564634,return,dev_ring_stealth_20,addr_ring_stealth_20
3161,60,16935.974353564634,chargeback,dev_ring_stealth_20,addr_ring_stealth_20
3162,35,1135.475103232181,purchase,dev_ring_stealth_20,addr_ring_stealth_20
3162,54,13309.563780598808,purchase,dev_ring_stealth_20,addr_ring_stealth_20
3162,58,13309.563780598808,return,dev_ring_stealth_20,addr_ring_stealth_20
3162,61,13309.563780598808,chargeback,dev_ring_stealth_20,addr_ring_stealth_20
3163,9,999.0742365696865,purchase,dev_ring_stealth_20,addr_ring_stealth_20
3163,27,8923.044248562432,purchase,dev_ring_stealth_20,addr_ring_stealth_20
3163,30,8923.044248562432,return,dev_ring_stealth_20,addr_ring_stealth_20
3163,31,8923.044248562432,chargeback,dev_ring_stealth_20,addr_ring_stealth_20
3164,10,1092.0663438691988,purchase,dev_ring_stealth_21,addr_ring_stealth_21
3164,32,13867.450065686218,purchase,dev_ring_stealth_21,addr_ring_stealth_21
3164,34,13867.450065686218,return,dev_ring_stealth_21,addr_ring_stealth_21
3164,35,13867.450065686218,chargeback,dev_ring_stealth_21,addr_ring_stealth_21
3165,28,807.6264498525023,purchase,dev_ring_stealth_21,addr_ring_stealth_21
3165,51,11422.733195292354,purchase,dev_ring_stealth_21,addr_ring_stealth_21
3165,54,11422.733195292354,return,dev_ring_stealth_21,addr_ring_stealth_21
3165,55,11422.733195292354,chargeback,dev_ring_stealth_21,addr_ring_stealth_21
3166,25,688.7141603622048,purchase,dev_ring_stealth_21,addr_ring_stealth_21
3166,48,16178.32269613544,purchase,dev_ring_stealth_21,addr_ring_stealth_21
3166,51,16178.32269613544,return,dev_ring_stealth_21,addr_ring_stealth_21
3166,53,16178.32269613544,chargeback,dev_ring_stealth_21,addr_ring_stealth_21
3167,37,1022.5569920589428,purchase,dev_ring_stealth_21,addr_ring_stealth_21
3167,58,14579.01222837485,purchase,dev_ring_stealth_21,addr_ring_stealth_21
3167,63,14579.01222837485,return,dev_ring_stealth_21,addr_ring_stealth_21
3167,64,14579.01222837485,chargeback,dev_ring_stealth_21,addr_ring_stealth_21
3168,25,916.9381174255087,purchase,dev_ring_stealth_22,addr_ring_stealth_22
3168,44,13655.015014269844,purchase,dev_ring_stealth_22,addr_ring_stealth_22
3168,46,13655.015014269844,return,dev_ring_stealth_22,addr_ring_stealth_22
3168,48,13655.015014269844,chargeback,dev_ring_stealth_22,addr_ring_stealth_22
3169,14,673.1375096700461,purchase,dev_ring_stealth_22,addr_ring_stealth_22
3169,35,11469.662218112733,purchase,dev_ring_stealth_22,addr_ring_stealth_22
3169,40,11469.662218112733,return,dev_ring_stealth_22,addr_ring_stealth_22
3169,43,11469.662218112733,chargeback,dev_ring_stealth_22,addr_ring_stealth_22
3170,21,905.2542307905408,purchase,dev_ring_stealth_22,addr_ring_stealth_22
3170,39,12145.358471928685,purchase,dev_ring_stealth_22,addr_ring_stealth_22
3170,44,12145.358471928685,return,dev_ring_stealth_22,addr_ring_stealth_22
3170,46,12145.358471928685,chargeback,dev_ring_stealth_22,addr_ring_stealth_22
3171,19,910.538449812097,purchase,dev_ring_stealth_22,addr_ring_stealth_22
3171,39,11271.847063304158,purchase,dev_ring_stealth_22,addr_ring_stealth_22
3171,42,11271.847063304158,return,dev_ring_stealth_22,addr_ring_stealth_22
3171,44,11271.847063304158,chargeback,dev_ring_stealth_22,addr_ring_stealth_22
3172,23,755.4555985984684,purchase,dev_ring_stealth_23,addr_ring_stealth_23
3172,44,11413.634366149088,purchase,dev_ring_stealth_23,addr_ring_stealth_23
3172,49,11413.634366149088,return,dev_ring_stealth_23,addr_ring_stealth_23
3172,50,11413.634366149088,chargeback,dev_ring_stealth_23,addr_ring_stealth_23
3173,13,1065.1163254834541,purchase,dev_ring_stealth_23,addr_ring_stealth_23
3173,31,14525.46825462782,purchase,dev_ring_stealth_23,addr_ring_stealth_23
3173,34,14525.46825462782,return,dev_ring_stealth_23,addr_ring_stealth_23
3173,35,14525.46825462782,chargeback,dev_ring_stealth_23,addr_ring_stealth_23
3174,41,1164.9434045543808,purchase,dev_ring_stealth_23,addr_ring_stealth_23
3174,63,19018.03273024589,purchase,dev_ring_stealth_23,addr_ring_stealth_23
3174,68,19018.03273024589,return,dev_ring_stealth_23,addr_ring_stealth_23
3174,70,19018.03273024589,chargeback,dev_ring_stealth_23,addr_ring_stealth_23
3175,10,781.8037617257252,purchase,dev_ring_stealth_23,addr_ring_stealth_23
3175,33,14706.693942866026,purchase,dev_ring_stealth_23,addr_ring_stealth_23
3175,38,14706.693942866026,return,dev_ring_stealth_23,addr_ring_stealth_23
3175,39,14706.693942866026,chargeback,dev_ring_stealth_23,addr_ring_stealth_23
3176,6,982.4914841329331,purchase,dev_ring_stealth_24,addr_ring_stealth_24
3176,27,16133.417236935564,purchase,dev_ring_stealth_24,addr_ring_stealth_24
3176,30,16133.417236935564,return,dev_ring_stealth_24,addr_ring_stealth_24
3176,31,16133.417236935564,chargeback,dev_ring_stealth_24,addr_ring_stealth_24
3177,31,1103.4683593136076,purchase,dev_ring_stealth_24,addr_ring_stealth_24
3177,51,9663.797629427769,purchase,dev_ring_stealth_24,addr_ring_stealth_24
3177,55,9663.797629427769,return,dev_ring_stealth_24,addr_ring_stealth_24
3177,57,9663.797629427769,chargeback,dev_ring_stealth_24,addr_ring_stealth_24
3178,36,793.2308693958014,purchase,dev_ring_stealth_24,addr_ring_stealth_24
3178,58,13171.181712096828,purchase,dev_ring_stealth_24,addr_ring_stealth_24
3178,63,13171.181712096828,return,dev_ring_stealth_24,addr_ring_stealth_24
3178,64,13171.181712096828,chargeback,dev_ring_stealth_24,addr_ring_stealth_24
3179,26,992.7169447471906,purchase,dev_ring_stealth_24,addr_ring_stealth_24
3179,44,15549.842403888862,purchase,dev_ring_stealth_24,addr_ring_stealth_24
3179,46,15549.842403888862,return,dev_ring_stealth_24,addr_ring_stealth_24
3179,49,15549.842403888862,chargeback,dev_ring_stealth_24,addr_ring_stealth_24
